id,Specialism,reference_sum,test_sum,alignment_index,alignment_type
1,Cryptography & Communications Security (Cryptographer),450,60.910000000000004,0.13535555555555556,personal
1,Cryptography & Communications Security (Secure Communications Operator),420,60.910000000000004,0.14502380952380953,personal
1,Cyber Security Audit & Assurance,360,164.76,0.45766666666666667,personal
1,Cyber Security Governance & Risk Management,240,90,0.375,personal
1,Cyber Security Governance & Risk Management (Industrial Control Systems),300,90,0.3,personal
1,Cyber Security Management,870,308.58,0.3546896551724138,personal
1,Cyber Threat Intelligence,420,284.21,0.6766904761904762,personal
1,Data Protection & Privacy,330,53.870000000000005,0.16324242424242424,personal
1,Digital Forensics,480,208.15,0.43364583333333334,personal
1,Digital Forensics (Industrial Control Systems),570,208.15,0.36517543859649126,personal
1,Identity & Access Management,510,97.59,0.1913529411764706,personal
1,Incident response,330,254.20999999999998,0.7703333333333333,personal
1,Incident response (Industrial Control Systems),420,254.20999999999998,0.6052619047619047,personal
1,Network Monitoring & Intrusion Detection,270,164.20999999999998,0.6081851851851852,personal
1,Secure Operations,420,177.92999999999998,0.4236428571428571,personal
1,Secure Operations (Industrial control systems),480,177.92999999999998,0.37068749999999995,personal
1,Secure System Architecture & Design,540,83.82,0.1552222222222222,personal
1,Secure System Architecture & Design (Industrial Control Systems),630,83.82,0.13304761904761903,personal
1,Secure System Development,540,83.82,0.1552222222222222,personal
1,Secure System Development (Industrial Control Systems),630,83.82,0.13304761904761903,personal
1,Security Testing,510,190.1,0.3727450980392157,personal
1,Vulnerability Management,390,194.20999999999998,0.49797435897435893,personal
2,Cryptography & Communications Security (Cryptographer),450,251.18,0.5581777777777778,personal
2,Cryptography & Communications Security (Secure Communications Operator),420,251.18,0.598047619047619,personal
2,Cyber Security Audit & Assurance,360,255.53,0.7098055555555556,personal
2,Cyber Security Governance & Risk Management,240,188.09,0.7837083333333333,personal
2,Cyber Security Governance & Risk Management (Industrial Control Systems),300,248.09,0.8269666666666666,personal
2,Cyber Security Management,870,559.49,0.6430919540229885,personal
2,Cyber Threat Intelligence,420,198.47,0.47254761904761905,personal
2,Data Protection & Privacy,330,253.28000000000003,0.7675151515151516,personal
2,Digital Forensics,480,217.39,0.45289583333333333,personal
2,Digital Forensics (Industrial Control Systems),570,293.93,0.5156666666666667,personal
2,Identity & Access Management,510,261.15,0.5120588235294117,personal
2,Incident response,330,125.89,0.3814848484848485,personal
2,Incident response (Industrial Control Systems),420,202.43,0.4819761904761905,personal
2,Network Monitoring & Intrusion Detection,270,136.5,0.5055555555555555,personal
2,Secure Operations,420,221.73000000000002,0.5279285714285715,personal
2,Secure Operations (Industrial control systems),480,281.73,0.5869375,personal
2,Secure System Architecture & Design,540,139.33,0.25801851851851854,personal
2,Secure System Architecture & Design (Industrial Control Systems),630,215.87,0.34265079365079365,personal
2,Secure System Development,540,139.33,0.25801851851851854,personal
2,Secure System Development (Industrial Control Systems),630,215.87,0.34265079365079365,personal
2,Security Testing,510,227.91,0.44688235294117645,personal
2,Vulnerability Management,390,163.67000000000002,0.4196666666666667,personal
3,Cryptography & Communications Security (Cryptographer),450,347.72,0.7727111111111111,personal
3,Cryptography & Communications Security (Secure Communications Operator),420,317.72,0.7564761904761905,personal
3,Cyber Security Audit & Assurance,360,248.86,0.6912777777777778,personal
3,Cyber Security Governance & Risk Management,240,184.43,0.7684583333333334,personal
3,Cyber Security Governance & Risk Management (Industrial Control Systems),300,244.43,0.8147666666666666,personal
3,Cyber Security Management,870,626.58,0.7202068965517242,personal
3,Cyber Threat Intelligence,420,364.43,0.8676904761904762,personal
3,Data Protection & Privacy,330,103.29000000000002,0.31300000000000006,personal
3,Digital Forensics,480,354.11,0.7377291666666667,personal
3,Digital Forensics (Industrial Control Systems),570,444.11,0.779140350877193,personal
3,Identity & Access Management,510,287.72,0.5641568627450981,personal
3,Incident response,330,330,1,personal
3,Incident response (Industrial Control Systems),420,420,1,personal
3,Network Monitoring & Intrusion Detection,270,270,1,personal
3,Secure Operations,420,278.86,0.663952380952381,personal
3,Secure Operations (Industrial control systems),480,338.86,0.7059583333333334,personal
3,Secure System Architecture & Design,540,484.43,0.8970925925925926,personal
3,Secure System Architecture & Design (Industrial Control Systems),630,574.4300000000001,0.9117936507936509,personal
3,Secure System Development,540,484.43,0.8970925925925926,personal
3,Secure System Development (Industrial Control Systems),630,574.4300000000001,0.9117936507936509,personal
3,Security Testing,510,454.43,0.8910392156862745,personal
3,Vulnerability Management,390,390,1,personal
4,Cryptography & Communications Security (Cryptographer),450,359.94,0.7998666666666666,personal
4,Cryptography & Communications Security (Secure Communications Operator),420,359.94,0.857,personal
4,Cyber Security Audit & Assurance,360,276.29,0.7674722222222223,personal
4,Cyber Security Governance & Risk Management,240,199.82,0.8325833333333333,personal
4,Cyber Security Governance & Risk Management (Industrial Control Systems),300,259.82,0.8660666666666667,personal
4,Cyber Security Management,870,715.94,0.8229195402298851,personal
4,Cyber Threat Intelligence,420,356.18000000000006,0.8480476190476192,personal
4,Data Protection & Privacy,330,206.18,0.6247878787878788,personal
4,Digital Forensics,480,358.55,0.7469791666666666,personal
4,Digital Forensics (Industrial Control Systems),570,448.55,0.7869298245614035,personal
4,Identity & Access Management,510,346.7,0.6798039215686275,personal
4,Incident response,330,316.35999999999996,0.9586666666666666,personal
4,Incident response (Industrial Control Systems),420,406.35999999999996,0.9675238095238095,personal
4,Network Monitoring & Intrusion Detection,270,258.9,0.9588888888888888,personal
4,Secure Operations,420,374.96999999999997,0.8927857142857142,personal
4,Secure Operations (Industrial control systems),480,434.96999999999997,0.9061874999999999,personal
4,Secure System Architecture & Design,540,301.44,0.5582222222222222,personal
4,Secure System Architecture & Design (Industrial Control Systems),630,391.44,0.6213333333333333,personal
4,Secure System Development,540,301.44,0.5582222222222222,personal
4,Secure System Development (Industrial Control Systems),630,391.44,0.6213333333333333,personal
4,Security Testing,510,320.86,0.6291372549019608,personal
4,Vulnerability Management,390,315.20000000000005,0.8082051282051284,personal
5,Cryptography & Communications Security (Cryptographer),450,135.08,0.3001777777777778,personal
5,Cryptography & Communications Security (Secure Communications Operator),420,135.08,0.32161904761904764,personal
5,Cyber Security Audit & Assurance,360,227.4,0.6316666666666667,personal
5,Cyber Security Governance & Risk Management,240,166.42,0.6934166666666666,personal
5,Cyber Security Governance & Risk Management (Industrial Control Systems),300,177.39999999999998,0.5913333333333333,personal
5,Cyber Security Management,870,454.8,0.5227586206896552,personal
5,Cyber Threat Intelligence,420,164.11,0.3907380952380953,personal
5,Data Protection & Privacy,330,201.32999999999998,0.610090909090909,personal
5,Digital Forensics,480,165.03,0.3438125,personal
5,Digital Forensics (Industrial Control Systems),570,176.01,0.3087894736842105,personal
5,Identity & Access Management,510,242.25,0.475,personal
5,Incident response,330,127.17,0.38536363636363635,personal
5,Incident response (Industrial Control Systems),420,138.15,0.32892857142857146,personal
5,Network Monitoring & Intrusion Detection,270,88.44,0.32755555555555554,personal
5,Secure Operations,420,178.03,0.42388095238095236,personal
5,Secure Operations (Industrial control systems),480,189.01,0.3937708333333333,personal
5,Secure System Architecture & Design,540,129.47,0.23975925925925926,personal
5,Secure System Architecture & Design (Industrial Control Systems),630,140.45,0.2229365079365079,personal
5,Secure System Development,540,129.47,0.23975925925925926,personal
5,Secure System Development (Industrial Control Systems),630,140.45,0.2229365079365079,personal
5,Security Testing,510,151.73999999999998,0.2975294117647058,personal
5,Vulnerability Management,390,130.29,0.33407692307692305,personal
6,Cryptography & Communications Security (Cryptographer),450,226.89999999999998,0.5042222222222221,personal
6,Cryptography & Communications Security (Secure Communications Operator),420,226.89999999999998,0.5402380952380952,personal
6,Cyber Security Audit & Assurance,360,150.20000000000002,0.41722222222222227,personal
6,Cyber Security Governance & Risk Management,240,114.36000000000001,0.47650000000000003,personal
6,Cyber Security Governance & Risk Management (Industrial Control Systems),300,119.16000000000001,0.39720000000000005,personal
6,Cyber Security Management,870,436.84000000000003,0.5021149425287357,personal
6,Cyber Threat Intelligence,420,226.35000000000002,0.5389285714285715,personal
6,Data Protection & Privacy,330,141.84,0.4298181818181818,personal
6,Digital Forensics,480,218.15000000000003,0.4544791666666667,personal
6,Digital Forensics (Industrial Control Systems),570,222.95000000000005,0.39114035087719307,personal
6,Identity & Access Management,510,280.85,0.550686274509804,personal
6,Incident response,330,172.48,0.5226666666666666,personal
6,Incident response (Industrial Control Systems),420,177.28,0.4220952380952381,personal
6,Network Monitoring & Intrusion Detection,270,163.37,0.6050740740740741,personal
6,Secure Operations,420,286.93,0.6831666666666667,personal
6,Secure Operations (Industrial control systems),480,291.73,0.6077708333333334,personal
6,Secure System Architecture & Design,540,174.03,0.3222777777777778,personal
6,Secure System Architecture & Design (Industrial Control Systems),630,178.83,0.28385714285714286,personal
6,Secure System Development,540,174.03,0.3222777777777778,personal
6,Secure System Development (Industrial Control Systems),630,178.83,0.28385714285714286,personal
6,Security Testing,510,217.29,0.42605882352941177,personal
6,Vulnerability Management,390,243.5,0.6243589743589744,personal
7,Cryptography & Communications Security (Cryptographer),450,325.98,0.7244,personal
7,Cryptography & Communications Security (Secure Communications Operator),420,302.71999999999997,0.7207619047619047,personal
7,Cyber Security Audit & Assurance,360,196.97999999999996,0.5471666666666666,personal
7,Cyber Security Governance & Risk Management,240,151.18,0.6299166666666667,personal
7,Cyber Security Governance & Risk Management (Industrial Control Systems),300,211.18,0.7039333333333334,personal
7,Cyber Security Management,870,523.8099999999998,0.6020804597701147,personal
7,Cyber Threat Intelligence,420,197.36,0.46990476190476194,personal
7,Data Protection & Privacy,330,205.95999999999998,0.6241212121212121,personal
7,Digital Forensics,480,254.05999999999995,0.5292916666666666,personal
7,Digital Forensics (Industrial Control Systems),570,333.2099999999999,0.5845789473684209,personal
7,Identity & Access Management,510,272.40000000000003,0.5341176470588236,personal
7,Incident response,330,152.04,0.4607272727272727,personal
7,Incident response (Industrial Control Systems),420,231.19,0.5504523809523809,personal
7,Network Monitoring & Intrusion Detection,270,138.95,0.5146296296296295,personal
7,Secure Operations,420,243.22,0.5790952380952381,personal
7,Secure Operations (Industrial control systems),480,303.22,0.6317083333333334,personal
7,Secure System Architecture & Design,540,292.80999999999995,0.5422407407407407,personal
7,Secure System Architecture & Design (Industrial Control Systems),630,371.9599999999999,0.5904126984126983,personal
7,Secure System Development,540,292.80999999999995,0.5422407407407407,personal
7,Secure System Development (Industrial Control Systems),630,371.9599999999999,0.5904126984126983,personal
7,Security Testing,510,200.19,0.3925294117647059,personal
7,Vulnerability Management,390,168.32,0.43158974358974356,personal
8,Cryptography & Communications Security (Cryptographer),450,86.07000000000001,0.1912666666666667,personal
8,Cryptography & Communications Security (Secure Communications Operator),420,86.07000000000001,0.20492857142857146,personal
8,Cyber Security Audit & Assurance,360,192.14,0.5337222222222222,personal
8,Cyber Security Governance & Risk Management,240,161.32,0.6721666666666667,personal
8,Cyber Security Governance & Risk Management (Industrial Control Systems),300,167.22,0.5574,personal
8,Cyber Security Management,870,267.13999999999993,0.3070574712643677,personal
8,Cyber Threat Intelligence,420,81.98,0.1951904761904762,personal
8,Data Protection & Privacy,330,220.64,0.6686060606060605,personal
8,Digital Forensics,480,56.37,0.1174375,personal
8,Digital Forensics (Industrial Control Systems),570,62.269999999999996,0.10924561403508772,personal
8,Identity & Access Management,510,174.95999999999998,0.34305882352941175,personal
8,Incident response,330,32.64000000000001,0.09890909090909093,personal
8,Incident response (Industrial Control Systems),420,38.540000000000006,0.09176190476190478,personal
8,Network Monitoring & Intrusion Detection,270,4.8,0.017777777777777778,personal
8,Secure Operations,420,34.57,0.0823095238095238,personal
8,Secure Operations (Industrial control systems),480,40.47,0.0843125,personal
8,Secure System Architecture & Design,540,30.18,0.05588888888888889,personal
8,Secure System Architecture & Design (Industrial Control Systems),630,36.08,0.05726984126984127,personal
8,Secure System Development,540,30.18,0.05588888888888889,personal
8,Secure System Development (Industrial Control Systems),630,36.08,0.05726984126984127,personal
8,Security Testing,510,53.35999999999999,0.10462745098039214,personal
8,Vulnerability Management,390,36.309999999999995,0.0931025641025641,personal
9,Cryptography & Communications Security (Cryptographer),450,262.21,0.5826888888888888,personal
9,Cryptography & Communications Security (Secure Communications Operator),420,232.20999999999998,0.5528809523809524,personal
9,Cyber Security Audit & Assurance,360,324.7,0.9019444444444444,personal
9,Cyber Security Governance & Risk Management,240,237.11,0.9879583333333334,personal
9,Cyber Security Governance & Risk Management (Industrial Control Systems),300,249.32000000000002,0.8310666666666667,personal
9,Cyber Security Management,870,638.2099999999999,0.733574712643678,personal
9,Cyber Threat Intelligence,420,215.05,0.5120238095238095,personal
9,Data Protection & Privacy,330,250.49,0.7590606060606061,personal
9,Digital Forensics,480,246.98999999999998,0.5145624999999999,personal
9,Digital Forensics (Industrial Control Systems),570,259.2,0.45473684210526316,personal
9,Identity & Access Management,510,295.28,0.5789803921568627,personal
9,Incident response,330,171.10000000000002,0.5184848484848485,personal
9,Incident response (Industrial Control Systems),420,183.31000000000003,0.43645238095238104,personal
9,Network Monitoring & Intrusion Detection,270,136.2,0.5044444444444444,personal
9,Secure Operations,420,204.67,0.4873095238095238,personal
9,Secure Operations (Industrial control systems),480,216.88,0.4518333333333333,personal
9,Secure System Architecture & Design,540,194.8,0.36074074074074075,personal
9,Secure System Architecture & Design (Industrial Control Systems),630,207.01000000000002,0.3285873015873016,personal
9,Secure System Development,540,194.8,0.36074074074074075,personal
9,Secure System Development (Industrial Control Systems),630,207.01000000000002,0.3285873015873016,personal
9,Security Testing,510,217.60000000000002,0.4266666666666667,personal
9,Vulnerability Management,390,180.66,0.4632307692307692,personal
10,Cryptography & Communications Security (Cryptographer),450,186.34999999999997,0.41411111111111104,personal
10,Cryptography & Communications Security (Secure Communications Operator),420,186.34999999999997,0.44369047619047614,personal
10,Cyber Security Audit & Assurance,360,189.99,0.52775,personal
10,Cyber Security Governance & Risk Management,240,170.47,0.7102916666666667,personal
10,Cyber Security Governance & Risk Management (Industrial Control Systems),300,230.47,0.7682333333333333,personal
10,Cyber Security Management,870,469.9700000000001,0.5401954022988507,personal
10,Cyber Threat Intelligence,420,200.60000000000002,0.47761904761904767,personal
10,Data Protection & Privacy,330,153.42,0.4649090909090909,personal
10,Digital Forensics,480,197.07,0.4105625,personal
10,Digital Forensics (Industrial Control Systems),570,287.07,0.5036315789473684,personal
10,Identity & Access Management,510,234.95999999999998,0.46070588235294113,personal
10,Incident response,330,140.15,0.42469696969696974,personal
10,Incident response (Industrial Control Systems),420,230.15,0.5479761904761905,personal
10,Network Monitoring & Intrusion Detection,270,121.12,0.4485925925925926,personal
10,Secure Operations,420,229.22,0.5457619047619048,personal
10,Secure Operations (Industrial control systems),480,289.22,0.6025416666666668,personal
10,Secure System Architecture & Design,540,171.42000000000002,0.3174444444444445,personal
10,Secure System Architecture & Design (Industrial Control Systems),630,261.42,0.41495238095238096,personal
10,Secure System Development,540,171.42000000000002,0.3174444444444445,personal
10,Secure System Development (Industrial Control Systems),630,261.42,0.41495238095238096,personal
10,Security Testing,510,195.45999999999998,0.38325490196078427,personal
10,Vulnerability Management,390,173.34,0.44446153846153846,personal
11,Cryptography & Communications Security (Cryptographer),450,41.839999999999996,0.09297777777777777,personal
11,Cryptography & Communications Security (Secure Communications Operator),420,41.839999999999996,0.09961904761904761,personal
11,Cyber Security Audit & Assurance,360,93.01,0.25836111111111115,personal
11,Cyber Security Governance & Risk Management,240,84.77,0.3532083333333333,personal
11,Cyber Security Governance & Risk Management (Industrial Control Systems),300,88.75,0.29583333333333334,personal
11,Cyber Security Management,870,151.31,0.17391954022988507,personal
11,Cyber Threat Intelligence,420,65.67999999999999,0.15638095238095237,personal
11,Data Protection & Privacy,330,80.3,0.24333333333333332,personal
11,Digital Forensics,480,44.32,0.09233333333333334,personal
11,Digital Forensics (Industrial Control Systems),570,48.3,0.08473684210526315,personal
11,Identity & Access Management,510,93.34,0.18301960784313726,personal
11,Incident response,330,34.17,0.10354545454545455,personal
11,Incident response (Industrial Control Systems),420,38.15,0.09083333333333334,personal
11,Network Monitoring & Intrusion Detection,270,23.47,0.08692592592592592,personal
11,Secure Operations,420,36.63,0.08721428571428572,personal
11,Secure Operations (Industrial control systems),480,40.61,0.08460416666666666,personal
11,Secure System Architecture & Design,540,36.629999999999995,0.06783333333333333,personal
11,Secure System Architecture & Design (Industrial Control Systems),630,40.60999999999999,0.06446031746031745,personal
11,Secure System Development,540,36.629999999999995,0.06783333333333333,personal
11,Secure System Development (Industrial Control Systems),630,40.60999999999999,0.06446031746031745,personal
11,Security Testing,510,38.97,0.07641176470588235,personal
11,Vulnerability Management,390,56.9,0.1458974358974359,personal
12,Cryptography & Communications Security (Cryptographer),450,239.75,0.5327777777777778,personal
12,Cryptography & Communications Security (Secure Communications Operator),420,239.75,0.5708333333333333,personal
12,Cyber Security Audit & Assurance,360,251.95999999999998,0.6998888888888888,personal
12,Cyber Security Governance & Risk Management,240,161.95999999999998,0.6748333333333333,personal
12,Cyber Security Governance & Risk Management (Industrial Control Systems),300,185.27999999999997,0.6175999999999999,personal
12,Cyber Security Management,870,613.91,0.7056436781609196,personal
12,Cyber Threat Intelligence,420,283.87,0.6758809523809524,personal
12,Data Protection & Privacy,330,209.42000000000002,0.6346060606060606,personal
12,Digital Forensics,480,254.73000000000002,0.5306875000000001,personal
12,Digital Forensics (Industrial Control Systems),570,278.05,0.4878070175438597,personal
12,Identity & Access Management,510,310.3,0.6084313725490196,personal
12,Incident response,330,259.03999999999996,0.7849696969696969,personal
12,Incident response (Industrial Control Systems),420,282.35999999999996,0.6722857142857142,personal
12,Network Monitoring & Intrusion Detection,270,188.59,0.6984814814814815,personal
12,Secure Operations,420,334.68,0.7968571428571428,personal
12,Secure Operations (Industrial control systems),480,358,0.7458333333333333,personal
12,Secure System Architecture & Design,540,191.85999999999999,0.3552962962962963,personal
12,Secure System Architecture & Design (Industrial Control Systems),630,215.17999999999998,0.3415555555555555,personal
12,Secure System Development,540,191.85999999999999,0.3552962962962963,personal
12,Secure System Development (Industrial Control Systems),630,215.17999999999998,0.3415555555555555,personal
12,Security Testing,510,195.57000000000002,0.3834705882352942,personal
12,Vulnerability Management,390,239.75000000000003,0.6147435897435898,personal
13,Cryptography & Communications Security (Cryptographer),450,300.43,0.6676222222222222,personal
13,Cryptography & Communications Security (Secure Communications Operator),420,300.43,0.7153095238095238,personal
13,Cyber Security Audit & Assurance,360,279.37,0.7760277777777778,personal
13,Cyber Security Governance & Risk Management,240,189.37,0.7890416666666666,personal
13,Cyber Security Governance & Risk Management (Industrial Control Systems),300,225.39000000000001,0.7513000000000001,personal
13,Cyber Security Management,870,696.72,0.8008275862068965,personal
13,Cyber Threat Intelligence,420,390.04,0.9286666666666668,personal
13,Data Protection & Privacy,330,249.23000000000002,0.7552424242424243,personal
13,Digital Forensics,480,306.11,0.6377291666666667,personal
13,Digital Forensics (Industrial Control Systems),570,342.13,0.6002280701754386,personal
13,Identity & Access Management,510,408.06000000000006,0.8001176470588236,personal
13,Incident response,330,291.01,0.8818484848484848,personal
13,Incident response (Industrial Control Systems),420,327.03,0.7786428571428571,personal
13,Network Monitoring & Intrusion Detection,270,260.6,0.9651851851851853,personal
13,Secure Operations,420,391.28000000000003,0.9316190476190477,personal
13,Secure Operations (Industrial control systems),480,427.3,0.8902083333333334,personal
13,Secure System Architecture & Design,540,239.21999999999997,0.44299999999999995,personal
13,Secure System Architecture & Design (Industrial Control Systems),630,275.23999999999995,0.4368888888888888,personal
13,Secure System Development,540,239.21999999999997,0.44299999999999995,personal
13,Secure System Development (Industrial Control Systems),630,275.23999999999995,0.4368888888888888,personal
13,Security Testing,510,314.71999999999997,0.6170980392156862,personal
13,Vulnerability Management,390,337.67,0.8658205128205129,personal
14,Cryptography & Communications Security (Cryptographer),450,169.28,0.3761777777777778,personal
14,Cryptography & Communications Security (Secure Communications Operator),420,169.28,0.40304761904761904,personal
14,Cyber Security Audit & Assurance,360,295.59000000000003,0.8210833333333334,personal
14,Cyber Security Governance & Risk Management,240,229.88,0.9578333333333333,personal
14,Cyber Security Governance & Risk Management (Industrial Control Systems),300,289.88,0.9662666666666666,personal
14,Cyber Security Management,870,572.42,0.6579540229885057,personal
14,Cyber Threat Intelligence,420,241.54,0.5750952380952381,personal
14,Data Protection & Privacy,330,219.22,0.6643030303030303,personal
14,Digital Forensics,480,273.03,0.5688124999999999,personal
14,Digital Forensics (Industrial Control Systems),570,337.35999999999996,0.591859649122807,personal
14,Identity & Access Management,510,245.37,0.48111764705882354,personal
14,Incident response,330,193.06,0.585030303030303,personal
14,Incident response (Industrial Control Systems),420,257.39,0.6128333333333333,personal
14,Network Monitoring & Intrusion Detection,270,117.66,0.43577777777777776,personal
14,Secure Operations,420,203.72,0.48504761904761906,personal
14,Secure Operations (Industrial control systems),480,263.72,0.5494166666666668,personal
14,Secure System Architecture & Design,540,143.70000000000002,0.26611111111111113,personal
14,Secure System Architecture & Design (Industrial Control Systems),630,208.03000000000003,0.3302063492063492,personal
14,Secure System Development,540,143.70000000000002,0.26611111111111113,personal
14,Secure System Development (Industrial Control Systems),630,208.03000000000003,0.3302063492063492,personal
14,Security Testing,510,213.58999999999997,0.4188039215686274,personal
14,Vulnerability Management,390,196.52999999999997,0.5039230769230768,personal
15,Cryptography & Communications Security (Cryptographer),450,63.620000000000005,0.1413777777777778,personal
15,Cryptography & Communications Security (Secure Communications Operator),420,63.620000000000005,0.1514761904761905,personal
15,Cyber Security Audit & Assurance,360,147.76,0.41044444444444445,personal
15,Cyber Security Governance & Risk Management,240,110.17,0.4590416666666667,personal
15,Cyber Security Governance & Risk Management (Industrial Control Systems),300,112.09,0.3736333333333333,personal
15,Cyber Security Management,870,284.28,0.32675862068965517,personal
15,Cyber Threat Intelligence,420,231.70000000000002,0.5516666666666667,personal
15,Data Protection & Privacy,330,94.48,0.28630303030303034,personal
15,Digital Forensics,480,115.71,0.24106249999999999,personal
15,Digital Forensics (Industrial Control Systems),570,117.63,0.20636842105263156,personal
15,Identity & Access Management,510,136.97,0.26856862745098037,personal
15,Incident response,330,198.43,0.6013030303030303,personal
15,Incident response (Industrial Control Systems),420,200.35,0.4770238095238095,personal
15,Network Monitoring & Intrusion Detection,270,131.16,0.48577777777777775,personal
15,Secure Operations,420,154.39,0.3675952380952381,personal
15,Secure Operations (Industrial control systems),480,156.30999999999997,0.3256458333333333,personal
15,Secure System Architecture & Design,540,35.269999999999996,0.06531481481481481,personal
15,Secure System Architecture & Design (Industrial Control Systems),630,37.19,0.059031746031746025,personal
15,Secure System Development,540,35.269999999999996,0.06531481481481481,personal
15,Secure System Development (Industrial Control Systems),630,37.19,0.059031746031746025,personal
15,Security Testing,510,133.44,0.2616470588235294,personal
15,Vulnerability Management,390,178.45000000000002,0.4575641025641026,personal
16,Cryptography & Communications Security (Cryptographer),450,233.80999999999997,0.5195777777777777,personal
16,Cryptography & Communications Security (Secure Communications Operator),420,233.80999999999997,0.5566904761904762,personal
16,Cyber Security Audit & Assurance,360,193.64,0.5378888888888889,personal
16,Cyber Security Governance & Risk Management,240,137.85,0.574375,personal
16,Cyber Security Governance & Risk Management (Industrial Control Systems),300,163.92,0.5464,personal
16,Cyber Security Management,870,552.7199999999999,0.6353103448275861,personal
16,Cyber Threat Intelligence,420,270.52,0.644095238095238,personal
16,Data Protection & Privacy,330,99.91,0.3027575757575757,personal
16,Digital Forensics,480,243.79000000000002,0.5078958333333333,personal
16,Digital Forensics (Industrial Control Systems),570,269.86,0.4734385964912281,personal
16,Identity & Access Management,510,199.92,0.39199999999999996,personal
16,Incident response,330,286.02,0.8667272727272727,personal
16,Incident response (Industrial Control Systems),420,312.09,0.7430714285714285,personal
16,Network Monitoring & Intrusion Detection,270,253.7,0.9396296296296296,personal
16,Secure Operations,420,309.79999999999995,0.7376190476190475,personal
16,Secure Operations (Industrial control systems),480,335.86999999999995,0.6997291666666665,personal
16,Secure System Architecture & Design,540,250.35,0.4636111111111111,personal
16,Secure System Architecture & Design (Industrial Control Systems),630,276.42,0.4387619047619048,personal
16,Secure System Development,540,250.35,0.4636111111111111,personal
16,Secure System Development (Industrial Control Systems),630,276.42,0.4387619047619048,personal
16,Security Testing,510,244.71,0.4798235294117647,personal
16,Vulnerability Management,390,301.87,0.7740256410256411,personal
17,Cryptography & Communications Security (Cryptographer),450,98.95,0.21988888888888888,personal
17,Cryptography & Communications Security (Secure Communications Operator),420,98.95,0.2355952380952381,personal
17,Cyber Security Audit & Assurance,360,222.79,0.6188611111111111,personal
17,Cyber Security Governance & Risk Management,240,169.25,0.7052083333333333,personal
17,Cyber Security Governance & Risk Management (Industrial Control Systems),300,193.94,0.6464666666666666,personal
17,Cyber Security Management,870,327.12999999999994,0.3760114942528735,personal
17,Cyber Threat Intelligence,420,99.74000000000001,0.2374761904761905,personal
17,Data Protection & Privacy,330,255.93,0.7755454545454545,personal
17,Digital Forensics,480,85.05000000000001,0.17718750000000003,personal
17,Digital Forensics (Industrial Control Systems),570,109.74000000000001,0.1925263157894737,personal
17,Identity & Access Management,510,176.83,0.34672549019607846,personal
17,Incident response,330,44.67999999999999,0.13539393939393937,personal
17,Incident response (Industrial Control Systems),420,69.36999999999999,0.16516666666666666,personal
17,Network Monitoring & Intrusion Detection,270,9.74,0.03607407407407408,personal
17,Secure Operations,420,57.43,0.13673809523809524,personal
17,Secure Operations (Industrial control systems),480,82.12,0.17108333333333334,personal
17,Secure System Architecture & Design,540,20.85,0.03861111111111112,personal
17,Secure System Architecture & Design (Industrial Control Systems),630,45.540000000000006,0.0722857142857143,personal
17,Secure System Development,540,20.85,0.03861111111111112,personal
17,Secure System Development (Industrial Control Systems),630,45.540000000000006,0.0722857142857143,personal
17,Security Testing,510,71.25000000000001,0.1397058823529412,personal
17,Vulnerability Management,390,39.739999999999995,0.10189743589743588,personal
18,Cryptography & Communications Security (Cryptographer),450,236.02999999999997,0.524511111111111,personal
18,Cryptography & Communications Security (Secure Communications Operator),420,236.02999999999997,0.5619761904761904,personal
18,Cyber Security Audit & Assurance,360,260.19,0.72275,personal
18,Cyber Security Governance & Risk Management,240,191.38,0.7974166666666667,personal
18,Cyber Security Governance & Risk Management (Industrial Control Systems),300,251.38,0.8379333333333333,personal
18,Cyber Security Management,870,606.1299999999999,0.6967011494252873,personal
18,Cyber Threat Intelligence,420,291.33,0.6936428571428571,personal
18,Data Protection & Privacy,330,192.38000000000002,0.582969696969697,personal
18,Digital Forensics,480,283.14,0.5898749999999999,personal
18,Digital Forensics (Industrial Control Systems),570,345.41999999999996,0.606,personal
18,Identity & Access Management,510,265.64,0.5208627450980392,personal
18,Incident response,330,252.65,0.7656060606060606,personal
18,Incident response (Industrial Control Systems),420,314.93,0.7498333333333334,personal
18,Network Monitoring & Intrusion Detection,270,171.14999999999998,0.6338888888888888,personal
18,Secure Operations,420,221.36,0.5270476190476191,personal
18,Secure Operations (Industrial control systems),480,281.36,0.5861666666666667,personal
18,Secure System Architecture & Design,540,214.09,0.39646296296296296,personal
18,Secure System Architecture & Design (Industrial Control Systems),630,276.37,0.4386825396825397,personal
18,Secure System Development,540,214.09,0.39646296296296296,personal
18,Secure System Development (Industrial Control Systems),630,276.37,0.4386825396825397,personal
18,Security Testing,510,238.56,0.46776470588235297,personal
18,Vulnerability Management,390,253.64999999999998,0.6503846153846153,personal
19,Cryptography & Communications Security (Cryptographer),450,13.72,0.030488888888888892,personal
19,Cryptography & Communications Security (Secure Communications Operator),420,13.72,0.03266666666666667,personal
19,Cyber Security Audit & Assurance,360,13.72,0.03811111111111111,personal
19,Cyber Security Governance & Risk Management,240,13.72,0.05716666666666667,personal
19,Cyber Security Governance & Risk Management (Industrial Control Systems),300,13.72,0.045733333333333334,personal
19,Cyber Security Management,870,43.72,0.05025287356321839,personal
19,Cyber Threat Intelligence,420,43.72,0.10409523809523809,personal
19,Data Protection & Privacy,330,13.72,0.04157575757575758,personal
19,Digital Forensics,480,68.04,0.14175000000000001,personal
19,Digital Forensics (Industrial Control Systems),570,68.04,0.1193684210526316,personal
19,Identity & Access Management,510,13.72,0.026901960784313728,personal
19,Incident response,330,30,0.09090909090909091,personal
19,Incident response (Industrial Control Systems),420,30,0.07142857142857142,personal
19,Network Monitoring & Intrusion Detection,270,0,0,personal
19,Secure Operations,420,30,0.07142857142857142,personal
19,Secure Operations (Industrial control systems),480,30,0.0625,personal
19,Secure System Architecture & Design,540,0,0,personal
19,Secure System Architecture & Design (Industrial Control Systems),630,0,0,personal
19,Secure System Development,540,0,0,personal
19,Secure System Development (Industrial Control Systems),630,0,0,personal
19,Security Testing,510,13.72,0.026901960784313728,personal
19,Vulnerability Management,390,0,0,personal
20,Cryptography & Communications Security (Cryptographer),450,225.08,0.5001777777777778,personal
20,Cryptography & Communications Security (Secure Communications Operator),420,225.08,0.5359047619047619,personal
20,Cyber Security Audit & Assurance,360,295.23,0.8200833333333334,personal
20,Cyber Security Governance & Risk Management,240,205.23,0.8551249999999999,personal
20,Cyber Security Governance & Risk Management (Industrial Control Systems),300,265.23,0.8841000000000001,personal
20,Cyber Security Management,870,698.4399999999999,0.8028045977011493,personal
20,Cyber Threat Intelligence,420,269.07,0.6406428571428572,personal
20,Data Protection & Privacy,330,243.23,0.7370606060606061,personal
20,Digital Forensics,480,257.31,0.5360625,personal
20,Digital Forensics (Industrial Control Systems),570,323.98,0.5683859649122808,personal
20,Identity & Access Management,510,341.22,0.6690588235294118,personal
20,Incident response,330,241.5,0.7318181818181818,personal
20,Incident response (Industrial Control Systems),420,308.17,0.7337380952380953,personal
20,Network Monitoring & Intrusion Detection,270,212.73000000000002,0.787888888888889,personal
20,Secure Operations,420,325.71999999999997,0.7755238095238095,personal
20,Secure Operations (Industrial control systems),480,385.71999999999997,0.8035833333333333,personal
20,Secure System Architecture & Design,540,229.30999999999997,0.4246481481481481,personal
20,Secure System Architecture & Design (Industrial Control Systems),630,295.97999999999996,0.46980952380952373,personal
20,Secure System Development,540,229.30999999999997,0.4246481481481481,personal
20,Secure System Development (Industrial Control Systems),630,295.97999999999996,0.46980952380952373,personal
20,Security Testing,510,283.36,0.555607843137255,personal
20,Vulnerability Management,390,282.96,0.7255384615384615,personal
21,Cryptography & Communications Security (Cryptographer),450,140.07,0.31126666666666664,personal
21,Cryptography & Communications Security (Secure Communications Operator),420,140.07,0.33349999999999996,personal
21,Cyber Security Audit & Assurance,360,311.7,0.8658333333333333,personal
21,Cyber Security Governance & Risk Management,240,221.7,0.92375,personal
21,Cyber Security Governance & Risk Management (Industrial Control Systems),300,249.67999999999998,0.8322666666666666,personal
21,Cyber Security Management,870,598.25,0.6876436781609195,personal
21,Cyber Threat Intelligence,420,244.4,0.5819047619047619,personal
21,Data Protection & Privacy,330,216.75,0.6568181818181819,personal
21,Digital Forensics,480,243.79999999999998,0.5079166666666667,personal
21,Digital Forensics (Industrial Control Systems),570,271.78,0.4768070175438596,personal
21,Identity & Access Management,510,264.27000000000004,0.5181764705882353,personal
21,Incident response,330,228.48999999999998,0.6923939393939393,personal
21,Incident response (Industrial Control Systems),420,256.46999999999997,0.610642857142857,personal
21,Network Monitoring & Intrusion Detection,270,155.10999999999999,0.5744814814814815,personal
21,Secure Operations,420,206.67999999999998,0.49209523809523803,personal
21,Secure Operations (Industrial control systems),480,234.65999999999997,0.48887499999999995,personal
21,Secure System Architecture & Design,540,203.84,0.3774814814814815,personal
21,Secure System Architecture & Design (Industrial Control Systems),630,231.82,0.36796825396825394,personal
21,Secure System Development,540,203.84,0.3774814814814815,personal
21,Secure System Development (Industrial Control Systems),630,231.82,0.36796825396825394,personal
21,Security Testing,510,240.15,0.4708823529411765,personal
21,Vulnerability Management,390,211.20999999999998,0.5415641025641025,personal
22,Cryptography & Communications Security (Cryptographer),450,321.08,0.7135111111111111,personal
22,Cryptography & Communications Security (Secure Communications Operator),420,321.08,0.7644761904761904,personal
22,Cyber Security Audit & Assurance,360,276.22,0.7672777777777778,personal
22,Cyber Security Governance & Risk Management,240,177.31,0.7387916666666666,personal
22,Cyber Security Governance & Risk Management (Industrial Control Systems),300,237.31,0.7910333333333334,personal
22,Cyber Security Management,870,713.11,0.8196666666666667,personal
22,Cyber Threat Intelligence,420,289.9,0.6902380952380952,personal
22,Data Protection & Privacy,330,258.19,0.7823939393939394,personal
22,Digital Forensics,480,381.71,0.7952291666666667,personal
22,Digital Forensics (Industrial Control Systems),570,471.71,0.8275614035087719,personal
22,Identity & Access Management,510,331.45,0.6499019607843137,personal
22,Incident response,330,242.13,0.7337272727272727,personal
22,Incident response (Industrial Control Systems),420,332.13,0.7907857142857143,personal
22,Network Monitoring & Intrusion Detection,270,215.49,0.7981111111111111,personal
22,Secure Operations,420,325.18,0.7742380952380953,personal
22,Secure Operations (Industrial control systems),480,385.18,0.8024583333333334,personal
22,Secure System Architecture & Design,540,341.90999999999997,0.6331666666666667,personal
22,Secure System Architecture & Design (Industrial Control Systems),630,431.90999999999997,0.6855714285714285,personal
22,Secure System Development,540,341.90999999999997,0.6331666666666667,personal
22,Secure System Development (Industrial Control Systems),630,431.90999999999997,0.6855714285714285,personal
22,Security Testing,510,401.5,0.7872549019607843,personal
22,Vulnerability Management,390,266.17,0.6824871794871795,personal
23,Cryptography & Communications Security (Cryptographer),450,209.21,0.4649111111111111,personal
23,Cryptography & Communications Security (Secure Communications Operator),420,209.21,0.49811904761904763,personal
23,Cyber Security Audit & Assurance,360,333.05,0.925138888888889,personal
23,Cyber Security Governance & Risk Management,240,213.61,0.8900416666666667,personal
23,Cyber Security Governance & Risk Management (Industrial Control Systems),300,218.69000000000003,0.7289666666666668,personal
23,Cyber Security Management,870,658.71,0.7571379310344828,personal
23,Cyber Threat Intelligence,420,265.12,0.6312380952380953,personal
23,Data Protection & Privacy,330,281.83,0.854030303030303,personal
23,Digital Forensics,480,307.79,0.6412291666666667,personal
23,Digital Forensics (Industrial Control Systems),570,312.87,0.5488947368421053,personal
23,Identity & Access Management,510,352.33,0.690843137254902,personal
23,Incident response,330,210.74,0.6386060606060606,personal
23,Incident response (Industrial Control Systems),420,215.82000000000002,0.5138571428571429,personal
23,Network Monitoring & Intrusion Detection,270,188.57,0.6984074074074074,personal
23,Secure Operations,420,292.40999999999997,0.6962142857142857,personal
23,Secure Operations (Industrial control systems),480,297.48999999999995,0.6197708333333333,personal
23,Secure System Architecture & Design,540,262.14,0.4854444444444444,personal
23,Secure System Architecture & Design (Industrial Control Systems),630,267.21999999999997,0.4241587301587301,personal
23,Secure System Development,540,262.14,0.4854444444444444,personal
23,Secure System Development (Industrial Control Systems),630,267.21999999999997,0.4241587301587301,personal
23,Security Testing,510,360.41999999999996,0.7067058823529411,personal
23,Vulnerability Management,390,283.63,0.7272564102564102,personal
24,Cryptography & Communications Security (Cryptographer),450,212.77999999999997,0.4728444444444444,personal
24,Cryptography & Communications Security (Secure Communications Operator),420,212.77999999999997,0.5066190476190475,personal
24,Cyber Security Audit & Assurance,360,289.76,0.8048888888888889,personal
24,Cyber Security Governance & Risk Management,240,191.78,0.7990833333333334,personal
24,Cyber Security Governance & Risk Management (Industrial Control Systems),300,238.78,0.7959333333333334,personal
24,Cyber Security Management,870,698.78,0.8031954022988506,personal
24,Cyber Threat Intelligence,420,400.94,0.9546190476190476,personal
24,Data Protection & Privacy,330,277.58,0.8411515151515151,personal
24,Digital Forensics,480,360.57,0.7511875,personal
24,Digital Forensics (Industrial Control Systems),570,407.57,0.7150350877192982,personal
24,Identity & Access Management,510,314.34000000000003,0.6163529411764707,personal
24,Incident response,330,315.66,0.9565454545454546,personal
24,Incident response (Industrial Control Systems),420,362.66,0.8634761904761905,personal
24,Network Monitoring & Intrusion Detection,270,208,0.7703703703703704,personal
24,Secure Operations,420,314.7,0.7492857142857142,personal
24,Secure Operations (Industrial control systems),480,361.7,0.7535416666666667,personal
24,Secure System Architecture & Design,540,201.37,0.3729074074074074,personal
24,Secure System Architecture & Design (Industrial Control Systems),630,248.37,0.3942380952380952,personal
24,Secure System Development,540,201.37,0.3729074074074074,personal
24,Secure System Development (Industrial Control Systems),630,248.37,0.3942380952380952,personal
24,Security Testing,510,296.85999999999996,0.5820784313725489,personal
24,Vulnerability Management,390,309.51,0.7936153846153846,personal
25,Cryptography & Communications Security (Cryptographer),450,154.74,0.3438666666666667,personal
25,Cryptography & Communications Security (Secure Communications Operator),420,154.74,0.36842857142857144,personal
25,Cyber Security Audit & Assurance,360,232.07,0.6446388888888889,personal
25,Cyber Security Governance & Risk Management,240,142.07,0.5919583333333333,personal
25,Cyber Security Governance & Risk Management (Industrial Control Systems),300,171.97,0.5732333333333334,personal
25,Cyber Security Management,870,573.63,0.6593448275862069,personal
25,Cyber Threat Intelligence,420,357.69000000000005,0.8516428571428573,personal
25,Data Protection & Privacy,330,171.15,0.5186363636363637,personal
25,Digital Forensics,480,271.25,0.5651041666666666,personal
25,Digital Forensics (Industrial Control Systems),570,301.15,0.5283333333333333,personal
25,Identity & Access Management,510,277.52000000000004,0.5441568627450981,personal
25,Incident response,330,279.72,0.8476363636363637,personal
25,Incident response (Industrial Control Systems),420,309.62,0.7371904761904762,personal
25,Network Monitoring & Intrusion Detection,270,172.44,0.6386666666666666,personal
25,Secure Operations,420,223.88,0.533047619047619,personal
25,Secure Operations (Industrial control systems),480,253.78,0.5287083333333333,personal
25,Secure System Architecture & Design,540,152.25,0.28194444444444444,personal
25,Secure System Architecture & Design (Industrial Control Systems),630,182.15,0.2891269841269841,personal
25,Secure System Development,540,152.25,0.28194444444444444,personal
25,Secure System Development (Industrial Control Systems),630,182.15,0.2891269841269841,personal
25,Security Testing,510,245.09,0.4805686274509804,personal
25,Vulnerability Management,390,268.93,0.6895641025641026,personal
26,Cryptography & Communications Security (Cryptographer),450,148.15,0.32922222222222225,personal
26,Cryptography & Communications Security (Secure Communications Operator),420,148.15,0.35273809523809524,personal
26,Cyber Security Audit & Assurance,360,250.03,0.6945277777777777,personal
26,Cyber Security Governance & Risk Management,240,186.88,0.7786666666666666,personal
26,Cyber Security Governance & Risk Management (Industrial Control Systems),300,240.45999999999998,0.8015333333333333,personal
26,Cyber Security Management,870,515.6,0.5926436781609196,personal
26,Cyber Threat Intelligence,420,333.18000000000006,0.7932857142857145,personal
26,Data Protection & Privacy,330,123.53,0.37433333333333335,personal
26,Digital Forensics,480,197.94,0.412375,personal
26,Digital Forensics (Industrial Control Systems),570,251.51999999999998,0.4412631578947368,personal
26,Identity & Access Management,510,169.87,0.33307843137254906,personal
26,Incident response,330,276.39,0.8375454545454545,personal
26,Incident response (Industrial Control Systems),420,329.96999999999997,0.7856428571428571,personal
26,Network Monitoring & Intrusion Detection,270,204.36,0.7568888888888889,personal
26,Secure Operations,420,232.24,0.552952380952381,personal
26,Secure Operations (Industrial control systems),480,285.82,0.5954583333333333,personal
26,Secure System Architecture & Design,540,83.68,0.15496296296296297,personal
26,Secure System Architecture & Design (Industrial Control Systems),630,137.26,0.21787301587301586,personal
26,Secure System Development,540,83.68,0.15496296296296297,personal
26,Secure System Development (Industrial Control Systems),630,137.26,0.21787301587301586,personal
26,Security Testing,510,174.70999999999998,0.3425686274509804,personal
26,Vulnerability Management,390,264.36,0.6778461538461539,personal
27,Cryptography & Communications Security (Cryptographer),450,266.40999999999997,0.5920222222222221,personal
27,Cryptography & Communications Security (Secure Communications Operator),420,266.40999999999997,0.6343095238095238,personal
27,Cyber Security Audit & Assurance,360,234.45,0.65125,personal
27,Cyber Security Governance & Risk Management,240,165.39999999999998,0.6891666666666666,personal
27,Cyber Security Governance & Risk Management (Industrial Control Systems),300,223.09999999999997,0.7436666666666666,personal
27,Cyber Security Management,870,648.9100000000001,0.7458735632183909,personal
27,Cyber Threat Intelligence,420,279.17999999999995,0.6647142857142856,personal
27,Data Protection & Privacy,330,206.76999999999998,0.6265757575757576,personal
27,Digital Forensics,480,313.22,0.6525416666666667,personal
27,Digital Forensics (Industrial Control Systems),570,370.92,0.6507368421052632,personal
27,Identity & Access Management,510,320.47,0.6283725490196079,personal
27,Incident response,330,256.99,0.7787575757575758,personal
27,Incident response (Industrial Control Systems),420,314.69,0.7492619047619048,personal
27,Network Monitoring & Intrusion Detection,270,176.65,0.6542592592592593,personal
27,Secure Operations,420,306.53999999999996,0.7298571428571428,personal
27,Secure Operations (Industrial control systems),480,364.23999999999995,0.7588333333333332,personal
27,Secure System Architecture & Design,540,288.65999999999997,0.5345555555555555,personal
27,Secure System Architecture & Design (Industrial Control Systems),630,346.35999999999996,0.5497777777777777,personal
27,Secure System Development,540,288.65999999999997,0.5345555555555555,personal
27,Secure System Development (Industrial Control Systems),630,346.35999999999996,0.5497777777777777,personal
27,Security Testing,510,318.25,0.6240196078431373,personal
27,Vulnerability Management,390,268.97,0.6896666666666668,personal
28,Cryptography & Communications Security (Cryptographer),450,310.72,0.6904888888888889,personal
28,Cryptography & Communications Security (Secure Communications Operator),420,310.72,0.7398095238095239,personal
28,Cyber Security Audit & Assurance,360,338.56,0.9404444444444444,personal
28,Cyber Security Governance & Risk Management,240,240,1,personal
28,Cyber Security Governance & Risk Management (Industrial Control Systems),300,293.52,0.9783999999999999,personal
28,Cyber Security Management,870,835.09,0.9598735632183908,personal
28,Cyber Threat Intelligence,420,342.7,0.8159523809523809,personal
28,Data Protection & Privacy,330,297.33,0.9009999999999999,personal
28,Digital Forensics,480,373.06,0.7772083333333334,personal
28,Digital Forensics (Industrial Control Systems),570,426.58,0.7483859649122807,personal
28,Identity & Access Management,510,395.3,0.7750980392156863,personal
28,Incident response,330,298.88,0.9056969696969697,personal
28,Incident response (Industrial Control Systems),420,352.4,0.839047619047619,personal
28,Network Monitoring & Intrusion Detection,270,189.34,0.7012592592592592,personal
28,Secure Operations,420,328.61999999999995,0.7824285714285713,personal
28,Secure Operations (Industrial control systems),480,382.13999999999993,0.7961249999999999,personal
28,Secure System Architecture & Design,540,359.51,0.6657592592592593,personal
28,Secure System Architecture & Design (Industrial Control Systems),630,413.03,0.6556031746031745,personal
28,Secure System Development,540,359.51,0.6657592592592593,personal
28,Secure System Development (Industrial Control Systems),630,413.03,0.6556031746031745,personal
28,Security Testing,510,322.12999999999994,0.6316274509803921,personal
28,Vulnerability Management,390,290.39,0.7445897435897435,personal
29,Cryptography & Communications Security (Cryptographer),450,326.81,0.7262444444444445,personal
29,Cryptography & Communications Security (Secure Communications Operator),420,296.81,0.7066904761904762,personal
29,Cyber Security Audit & Assurance,360,318.33000000000004,0.8842500000000001,personal
29,Cyber Security Governance & Risk Management,240,201.8,0.8408333333333334,personal
29,Cyber Security Governance & Risk Management (Industrial Control Systems),300,256.66,0.8555333333333334,personal
29,Cyber Security Management,870,825,0.9482758620689655,personal
29,Cyber Threat Intelligence,420,337.64,0.8039047619047619,personal
29,Data Protection & Privacy,330,292.36,0.885939393939394,personal
29,Digital Forensics,480,406.11,0.8460625,personal
29,Digital Forensics (Industrial Control Systems),570,460.97,0.8087192982456141,personal
29,Identity & Access Management,510,396.25,0.7769607843137255,personal
29,Incident response,330,307.64,0.9322424242424242,personal
29,Incident response (Industrial Control Systems),420,362.5,0.8630952380952381,personal
29,Network Monitoring & Intrusion Detection,270,218.06,0.8076296296296296,personal
29,Secure Operations,420,353.34000000000003,0.8412857142857144,personal
29,Secure Operations (Industrial control systems),480,408.20000000000005,0.8504166666666667,personal
29,Secure System Architecture & Design,540,378.06000000000006,0.7001111111111112,personal
29,Secure System Architecture & Design (Industrial Control Systems),630,432.9200000000001,0.6871746031746033,personal
29,Secure System Development,540,378.06000000000006,0.7001111111111112,personal
29,Secure System Development (Industrial Control Systems),630,432.9200000000001,0.6871746031746033,personal
29,Security Testing,510,376.81000000000006,0.738843137254902,personal
29,Vulnerability Management,390,318.75,0.8173076923076923,personal
30,Cryptography & Communications Security (Cryptographer),450,230.47,0.5121555555555556,personal
30,Cryptography & Communications Security (Secure Communications Operator),420,230.47,0.5487380952380952,personal
30,Cyber Security Audit & Assurance,360,248.81,0.6911388888888889,personal
30,Cyber Security Governance & Risk Management,240,179.63,0.7484583333333333,personal
30,Cyber Security Governance & Risk Management (Industrial Control Systems),300,205.35999999999999,0.6845333333333333,personal
30,Cyber Security Management,870,651.5,0.7488505747126437,personal
30,Cyber Threat Intelligence,420,248.22,0.591,personal
30,Data Protection & Privacy,330,208.10999999999999,0.6306363636363636,personal
30,Digital Forensics,480,278.46000000000004,0.5801250000000001,personal
30,Digital Forensics (Industrial Control Systems),570,304.19000000000005,0.5336666666666667,personal
30,Identity & Access Management,510,310.39,0.6086078431372549,personal
30,Incident response,330,228.07,0.6911212121212121,personal
30,Incident response (Industrial Control Systems),420,253.79999999999998,0.6042857142857142,personal
30,Network Monitoring & Intrusion Detection,270,129.56,0.47985185185185186,personal
30,Secure Operations,420,259.53,0.6179285714285714,personal
30,Secure Operations (Industrial control systems),480,285.26,0.5942916666666667,personal
30,Secure System Architecture & Design,540,248.96,0.4610370370370371,personal
30,Secure System Architecture & Design (Industrial Control Systems),630,274.69,0.436015873015873,personal
30,Secure System Development,540,248.96,0.4610370370370371,personal
30,Secure System Development (Industrial Control Systems),630,274.69,0.436015873015873,personal
30,Security Testing,510,228.16,0.4473725490196078,personal
30,Vulnerability Management,390,199.82,0.5123589743589744,personal
31,Cryptography & Communications Security (Cryptographer),450,397.01,0.8822444444444444,personal
31,Cryptography & Communications Security (Secure Communications Operator),420,389.93,0.928404761904762,personal
31,Cyber Security Audit & Assurance,360,296.59999999999997,0.8238888888888888,personal
31,Cyber Security Governance & Risk Management,240,206.59999999999997,0.8608333333333332,personal
31,Cyber Security Governance & Risk Management (Industrial Control Systems),300,266.59999999999997,0.8886666666666666,personal
31,Cyber Security Management,870,788.81,0.9066781609195401,personal
31,Cyber Threat Intelligence,420,369.15999999999997,0.8789523809523809,personal
31,Data Protection & Privacy,330,270.58,0.8199393939393939,personal
31,Digital Forensics,480,387.02,0.8062916666666666,personal
31,Digital Forensics (Industrial Control Systems),570,457.53,0.8026842105263158,personal
31,Identity & Access Management,510,409.01,0.8019803921568627,personal
31,Incident response,330,330,1,personal
31,Incident response (Industrial Control Systems),420,400.51,0.953595238095238,personal
31,Network Monitoring & Intrusion Detection,270,263.4,0.9755555555555555,personal
31,Secure Operations,420,396.8,0.9447619047619048,personal
31,Secure Operations (Industrial control systems),480,456.8,0.9516666666666667,personal
31,Secure System Architecture & Design,540,414.12,0.7668888888888888,personal
31,Secure System Architecture & Design (Industrial Control Systems),630,484.63,0.7692539682539683,personal
31,Secure System Development,540,414.12,0.7668888888888888,personal
31,Secure System Development (Industrial Control Systems),630,484.63,0.7692539682539683,personal
31,Security Testing,510,374.31000000000006,0.7339411764705883,personal
31,Vulnerability Management,390,312.21000000000004,0.8005384615384616,personal
32,Cryptography & Communications Security (Cryptographer),450,241.73,0.5371777777777778,personal
32,Cryptography & Communications Security (Secure Communications Operator),420,241.73,0.575547619047619,personal
32,Cyber Security Audit & Assurance,360,344.8,0.9577777777777778,personal
32,Cyber Security Governance & Risk Management,240,240,1,personal
32,Cyber Security Governance & Risk Management (Industrial Control Systems),300,250.98,0.8366,personal
32,Cyber Security Management,870,744.5600000000001,0.8558160919540231,personal
32,Cyber Threat Intelligence,420,295.72,0.7040952380952381,personal
32,Data Protection & Privacy,330,300.06,0.9092727272727272,personal
32,Digital Forensics,480,340.98,0.7103750000000001,personal
32,Digital Forensics (Industrial Control Systems),570,351.96000000000004,0.6174736842105264,personal
32,Identity & Access Management,510,323.87,0.6350392156862745,personal
32,Incident response,330,254.97000000000003,0.7726363636363637,personal
32,Incident response (Industrial Control Systems),420,265.95000000000005,0.6332142857142858,personal
32,Network Monitoring & Intrusion Detection,270,192.60000000000002,0.7133333333333334,personal
32,Secure Operations,420,251.04000000000002,0.5977142857142858,personal
32,Secure Operations (Industrial control systems),480,262.02000000000004,0.5458750000000001,personal
32,Secure System Architecture & Design,540,292.71000000000004,0.5420555555555556,personal
32,Secure System Architecture & Design (Industrial Control Systems),630,303.69000000000005,0.4820476190476191,personal
32,Secure System Development,540,292.71000000000004,0.5420555555555556,personal
32,Secure System Development (Industrial Control Systems),630,303.69000000000005,0.4820476190476191,personal
32,Security Testing,510,369.18,0.7238823529411765,personal
32,Vulnerability Management,390,272.65000000000003,0.6991025641025642,personal
33,Cryptography & Communications Security (Cryptographer),450,368.74,0.8194222222222223,personal
33,Cryptography & Communications Security (Secure Communications Operator),420,368.74,0.8779523809523809,personal
33,Cyber Security Audit & Assurance,360,347.51,0.9653055555555555,personal
33,Cyber Security Governance & Risk Management,240,237.87,0.991125,personal
33,Cyber Security Governance & Risk Management (Industrial Control Systems),300,269.78000000000003,0.8992666666666668,personal
33,Cyber Security Management,870,856.3399999999999,0.9842988505747126,personal
33,Cyber Threat Intelligence,420,396.46999999999997,0.9439761904761904,personal
33,Data Protection & Privacy,330,310.93,0.9422121212121213,personal
33,Digital Forensics,480,436.40000000000003,0.9091666666666668,personal
33,Digital Forensics (Industrial Control Systems),570,468.31000000000006,0.8215964912280703,personal
33,Identity & Access Management,510,481.77,0.9446470588235294,personal
33,Incident response,330,328.83,0.9964545454545454,personal
33,Incident response (Industrial Control Systems),420,360.74,0.858904761904762,personal
33,Network Monitoring & Intrusion Detection,270,262.86,0.9735555555555556,personal
33,Secure Operations,420,410.66999999999996,0.9777857142857141,personal
33,Secure Operations (Industrial control systems),480,442.58,0.9220416666666666,personal
33,Secure System Architecture & Design,540,457.66999999999996,0.847537037037037,personal
33,Secure System Architecture & Design (Industrial Control Systems),630,489.58,0.7771111111111111,personal
33,Secure System Development,540,457.66999999999996,0.847537037037037,personal
33,Secure System Development (Industrial Control Systems),630,489.58,0.7771111111111111,personal
33,Security Testing,510,450.87,0.8840588235294118,personal
33,Vulnerability Management,390,371.34,0.9521538461538461,personal
34,Cryptography & Communications Security (Cryptographer),450,289.49,0.6433111111111112,personal
34,Cryptography & Communications Security (Secure Communications Operator),420,289.49,0.6892619047619047,personal
34,Cyber Security Audit & Assurance,360,360,1,personal
34,Cyber Security Governance & Risk Management,240,240,1,personal
34,Cyber Security Governance & Risk Management (Industrial Control Systems),300,300,1,personal
34,Cyber Security Management,870,854.22,0.9818620689655173,personal
34,Cyber Threat Intelligence,420,396.81999999999994,0.9448095238095237,personal
34,Data Protection & Privacy,330,320.47999999999996,0.971151515151515,personal
34,Digital Forensics,480,459.4,0.9570833333333333,personal
34,Digital Forensics (Industrial Control Systems),570,549.13,0.9633859649122807,personal
34,Identity & Access Management,510,432.06,0.8471764705882353,personal
34,Incident response,330,326.4,0.989090909090909,personal
34,Incident response (Industrial Control Systems),420,416.13,0.9907857142857143,personal
34,Network Monitoring & Intrusion Detection,270,213.56,0.790962962962963,personal
34,Secure Operations,420,350.80999999999995,0.83526190476190465,personal
34,Secure Operations (Industrial control systems),480,410.80999999999995,0.8558541666666666,personal
34,Secure System Architecture & Design,540,361.01,0.668537037037037,personal
34,Secure System Architecture & Design (Industrial Control Systems),630,450.74,0.7154603174603175,personal
34,Secure System Development,540,361.01,0.668537037037037,personal
34,Secure System Development (Industrial Control Systems),630,450.74,0.7154603174603175,personal
34,Security Testing,510,351.82000000000005,0.6898431372549021,personal
34,Vulnerability Management,390,356.03999999999996,0.9129230769230768,personal
35,Cryptography & Communications Security (Cryptographer),450,275.37,0.6119333333333333,personal
35,Cryptography & Communications Security (Secure Communications Operator),420,275.37,0.6556428571428572,personal
35,Cyber Security Audit & Assurance,360,341.33,0.9481388888888889,personal
35,Cyber Security Governance & Risk Management,240,230.06,0.9585833333333333,personal
35,Cyber Security Governance & Risk Management (Industrial Control Systems),300,290.06,0.9668666666666667,personal
35,Cyber Security Management,870,690.3100000000001,0.7934597701149426,personal
35,Cyber Threat Intelligence,420,333.6,0.7942857142857144,personal
35,Data Protection & Privacy,330,321.27,0.9735454545454545,personal
35,Digital Forensics,480,272.15,0.5669791666666666,personal
35,Digital Forensics (Industrial Control Systems),570,336.5,0.5903508771929824,personal
35,Identity & Access Management,510,416.9200000000001,0.8174901960784315,personal
35,Incident response,330,258.07,0.782030303030303,personal
35,Incident response (Industrial Control Systems),420,322.41999999999996,0.7676666666666666,personal
35,Network Monitoring & Intrusion Detection,270,215.79999999999998,0.7992592592592592,personal
35,Secure Operations,420,309.82,0.7376666666666667,personal
35,Secure Operations (Industrial control systems),480,369.82,0.7704583333333334,personal
35,Secure System Architecture & Design,540,188.31,0.3487222222222222,personal
35,Secure System Architecture & Design (Industrial Control Systems),630,252.66,0.40104761904761904,personal
35,Secure System Development,540,188.31,0.3487222222222222,personal
35,Secure System Development (Industrial Control Systems),630,252.66,0.40104761904761904,personal
35,Security Testing,510,267.03999999999996,0.5236078431372548,personal
35,Vulnerability Management,390,329.58000000000004,0.8450769230769232,personal
36,Cryptography & Communications Security (Cryptographer),450,152.96,0.3399111111111111,personal
36,Cryptography & Communications Security (Secure Communications Operator),420,152.96,0.36419047619047623,personal
36,Cyber Security Audit & Assurance,360,322.16999999999996,0.8949166666666666,personal
36,Cyber Security Governance & Risk Management,240,215.53,0.8980416666666666,personal
36,Cyber Security Governance & Risk Management (Industrial Control Systems),300,227.05,0.7568333333333334,personal
36,Cyber Security Management,870,586.25,0.6738505747126436,personal
36,Cyber Threat Intelligence,420,300.01,0.7143095238095238,personal
36,Data Protection & Privacy,330,275.75,0.8356060606060606,personal
36,Digital Forensics,480,275.66,0.5742916666666668,personal
36,Digital Forensics (Industrial Control Systems),570,287.18,0.5038245614035087,personal
36,Identity & Access Management,510,289.57,0.5677843137254902,personal
36,Incident response,330,232.25,0.7037878787878787,personal
36,Incident response (Industrial Control Systems),420,243.77,0.580404761904762,personal
36,Network Monitoring & Intrusion Detection,270,135.20999999999998,0.5007777777777777,personal
36,Secure Operations,420,200.88,0.47828571428571426,personal
36,Secure Operations (Industrial control systems),480,212.4,0.4425,personal
36,Secure System Architecture & Design,540,97.26999999999998,0.18012962962962958,personal
36,Secure System Architecture & Design (Industrial Control Systems),630,108.78999999999998,0.17268253968253966,personal
36,Secure System Development,540,97.26999999999998,0.18012962962962958,personal
36,Secure System Development (Industrial Control Systems),630,108.78999999999998,0.17268253968253966,personal
36,Security Testing,510,183.15,0.35911764705882354,personal
36,Vulnerability Management,390,223.60999999999999,0.5733589743589743,personal
37,Cryptography & Communications Security (Cryptographer),450,243.23,0.540511111111111,personal
37,Cryptography & Communications Security (Secure Communications Operator),420,243.23,0.5791190476190476,personal
37,Cyber Security Audit & Assurance,360,286.71,0.7964166666666667,personal
37,Cyber Security Governance & Risk Management,240,200.29,0.8345416666666666,personal
37,Cyber Security Governance & Risk Management (Industrial Control Systems),300,249.39999999999998,0.8313333333333333,personal
37,Cyber Security Management,870,622.3500000000001,0.7153448275862071,personal
37,Cyber Threat Intelligence,420,246.07,0.5858809523809524,personal
37,Data Protection & Privacy,330,257.31,0.7797272727272727,personal
37,Digital Forensics,480,250.90999999999997,0.5227291666666666,personal
37,Digital Forensics (Industrial Control Systems),570,300.02,0.5263508771929825,personal
37,Identity & Access Management,510,327.81999999999994,0.64278431372549,personal
37,Incident response,330,188.30999999999997,0.5706363636363636,personal
37,Incident response (Industrial Control Systems),420,237.41999999999996,0.5652857142857142,personal
37,Network Monitoring & Intrusion Detection,270,167.91,0.6218888888888888,personal
37,Secure Operations,420,280.22,0.6671904761904762,personal
37,Secure Operations (Industrial control systems),480,329.33000000000004,0.6861041666666667,personal
37,Secure System Architecture & Design,540,188.98999999999998,0.34998148148148145,personal
37,Secure System Architecture & Design (Industrial Control Systems),630,238.09999999999997,0.3779365079365079,personal
37,Secure System Development,540,188.98999999999998,0.34998148148148145,personal
37,Secure System Development (Industrial Control Systems),630,238.09999999999997,0.3779365079365079,personal
37,Security Testing,510,247.65999999999997,0.48560784313725486,personal
37,Vulnerability Management,390,226.17,0.5799230769230769,personal
38,Cryptography & Communications Security (Cryptographer),450,27.98,0.062177777777777776,personal
38,Cryptography & Communications Security (Secure Communications Operator),420,27.98,0.06661904761904762,personal
38,Cyber Security Audit & Assurance,360,104.8,0.2911111111111111,personal
38,Cyber Security Governance & Risk Management,240,76.64,0.31933333333333336,personal
38,Cyber Security Governance & Risk Management (Industrial Control Systems),300,83.09,0.2769666666666667,personal
38,Cyber Security Management,870,190.67999999999998,0.21917241379310343,personal
38,Cyber Threat Intelligence,420,103.02,0.24528571428571427,personal
38,Data Protection & Privacy,330,69.96000000000001,0.21200000000000002,personal
38,Digital Forensics,480,96.69999999999999,0.20145833333333332,personal
38,Digital Forensics (Industrial Control Systems),570,103.14999999999999,0.18096491228070175,personal
38,Identity & Access Management,510,70.74000000000001,0.1387058823529412,personal
38,Incident response,330,114.82,0.34793939393939394,personal
38,Incident response (Industrial Control Systems),420,121.27,0.28873809523809524,personal
38,Network Monitoring & Intrusion Detection,270,73.94,0.27385185185185185,personal
38,Secure Operations,420,138.14,0.32890476190476187,personal
38,Secure Operations (Industrial control systems),480,144.58999999999997,0.3012291666666666,personal
38,Secure System Architecture & Design,540,22.22,0.04114814814814815,personal
38,Secure System Architecture & Design (Industrial Control Systems),630,28.669999999999998,0.045507936507936504,personal
38,Secure System Development,540,22.22,0.04114814814814815,personal
38,Secure System Development (Industrial Control Systems),630,28.669999999999998,0.045507936507936504,personal
38,Security Testing,510,42.66,0.08364705882352941,personal
38,Vulnerability Management,390,86.69999999999999,0.2223076923076923,personal
39,Cryptography & Communications Security (Cryptographer),450,396.33000000000004,0.8807333333333335,personal
39,Cryptography & Communications Security (Secure Communications Operator),420,396.33000000000004,0.9436428571428572,personal
39,Cyber Security Audit & Assurance,360,349.97,0.972138888888889,personal
39,Cyber Security Governance & Risk Management,240,240,1,personal
39,Cyber Security Governance & Risk Management (Industrial Control Systems),300,300,1,personal
39,Cyber Security Management,870,859.97,0.9884712643678161,personal
39,Cyber Threat Intelligence,420,420,1,personal
39,Data Protection & Privacy,330,319.97,0.9696060606060607,personal
39,Digital Forensics,480,429.02,0.8937916666666667,personal
39,Digital Forensics (Industrial Control Systems),570,519.02,0.9105614035087719,personal
39,Identity & Access Management,510,501.29,0.9829215686274511,personal
39,Incident response,330,330,1,personal
39,Incident response (Industrial Control Systems),420,420,1,personal
39,Network Monitoring & Intrusion Detection,270,270,1,personal
39,Secure Operations,420,420,1,personal
39,Secure Operations (Industrial control systems),480,480,1,personal
39,Secure System Architecture & Design,540,466.66,0.8641851851851853,personal
39,Secure System Architecture & Design (Industrial Control Systems),630,556.6600000000001,0.8835873015873017,personal
39,Secure System Development,540,466.66,0.8641851851851853,personal
39,Secure System Development (Industrial Control Systems),630,556.6600000000001,0.8835873015873017,personal
39,Security Testing,510,439.05,0.8608823529411765,personal
39,Vulnerability Management,390,383.68,0.9837948717948718,personal
40,Cryptography & Communications Security (Cryptographer),450,69.41000000000001,0.15424444444444446,personal
40,Cryptography & Communications Security (Secure Communications Operator),420,69.41000000000001,0.16526190476190478,personal
40,Cyber Security Audit & Assurance,360,246.52,0.6847777777777778,personal
40,Cyber Security Governance & Risk Management,240,171.07,0.7127916666666666,personal
40,Cyber Security Governance & Risk Management (Industrial Control Systems),300,172.29999999999998,0.5743333333333333,personal
40,Cyber Security Management,870,344.32,0.39577011494252873,personal
40,Cyber Threat Intelligence,420,228.78000000000003,0.5447142857142858,personal
40,Data Protection & Privacy,330,135.41,0.41033333333333333,personal
40,Digital Forensics,480,166.17000000000002,0.34618750000000004,personal
40,Digital Forensics (Industrial Control Systems),570,167.4,0.2936842105263158,personal
40,Identity & Access Management,510,197.23000000000002,0.3867254901960785,personal
40,Incident response,330,186.43,0.564939393939394,personal
40,Incident response (Industrial Control Systems),420,187.66,0.4468095238095238,personal
40,Network Monitoring & Intrusion Detection,270,96.94000000000001,0.3590370370370371,personal
40,Secure Operations,420,144.4,0.34380952380952384,personal
40,Secure Operations (Industrial control systems),480,145.63,0.3033958333333333,personal
40,Secure System Architecture & Design,540,41.83,0.07746296296296296,personal
40,Secure System Architecture & Design (Industrial Control Systems),630,43.059999999999995,0.06834920634920634,personal
40,Secure System Development,540,41.83,0.07746296296296296,personal
40,Secure System Development (Industrial Control Systems),630,43.059999999999995,0.06834920634920634,personal
40,Security Testing,510,83.09,0.162921568627451,personal
40,Vulnerability Management,390,169.97,0.4358205128205128,personal
41,Cryptography & Communications Security (Cryptographer),450,342.82,0.7618222222222222,personal
41,Cryptography & Communications Security (Secure Communications Operator),420,342.82,0.8162380952380952,personal
41,Cyber Security Audit & Assurance,360,360,1,personal
41,Cyber Security Governance & Risk Management,240,240,1,personal
41,Cyber Security Governance & Risk Management (Industrial Control Systems),300,300,1,personal
41,Cyber Security Management,870,810.99,0.9321724137931034,personal
41,Cyber Threat Intelligence,420,333.86,0.7949047619047619,personal
41,Data Protection & Privacy,330,324.22,0.9824848484848485,personal
41,Digital Forensics,480,407.7,0.849375,personal
41,Digital Forensics (Industrial Control Systems),570,492.75,0.8644736842105263,personal
41,Identity & Access Management,510,386.4,0.7576470588235293,personal
41,Incident response,330,298.98,0.906,personal
41,Incident response (Industrial Control Systems),420,384.03000000000003,0.914357142857143,personal
41,Network Monitoring & Intrusion Detection,270,230,0.8518518518518519,personal
41,Secure Operations,420,350.01,0.8333571428571428,personal
41,Secure Operations (Industrial control systems),480,410.01,0.8541875,personal
41,Secure System Architecture & Design,540,423.04,0.7834074074074074,personal
41,Secure System Architecture & Design (Industrial Control Systems),630,508.09000000000003,0.8064920634920636,personal
41,Secure System Development,540,423.04,0.7834074074074074,personal
41,Secure System Development (Industrial Control Systems),630,508.09000000000003,0.8064920634920636,personal
41,Security Testing,510,417.28,0.8181960784313725,personal
41,Vulnerability Management,390,332.03,0.8513589743589743,personal
42,Cryptography & Communications Security (Cryptographer),450,56.72999999999999,0.12606666666666663,personal
42,Cryptography & Communications Security (Secure Communications Operator),420,56.72999999999999,0.13507142857142854,personal
42,Cyber Security Audit & Assurance,360,70.2,0.195,personal
42,Cyber Security Governance & Risk Management,240,50.14,0.20891666666666667,personal
42,Cyber Security Governance & Risk Management (Industrial Control Systems),300,67.62,0.22540000000000002,personal
42,Cyber Security Management,870,164.77,0.18939080459770116,personal
42,Cyber Threat Intelligence,420,57.309999999999995,0.13645238095238094,personal
42,Data Protection & Privacy,330,54.15,0.1640909090909091,personal
42,Digital Forensics,480,56.449999999999996,0.11760416666666666,personal
42,Digital Forensics (Industrial Control Systems),570,73.92999999999999,0.1297017543859649,personal
42,Identity & Access Management,510,82.23999999999998,0.16125490196078426,personal
42,Incident response,330,51.589999999999996,0.15633333333333332,personal
42,Incident response (Industrial Control Systems),420,69.07,0.16445238095238093,personal
42,Network Monitoring & Intrusion Detection,270,34.39,0.12737037037037038,personal
42,Secure Operations,420,63.61999999999999,0.15147619047619046,personal
42,Secure Operations (Industrial control systems),480,81.1,0.16895833333333332,personal
42,Secure System Architecture & Design,540,40.4,0.0748148148148148,personal
42,Secure System Architecture & Design (Industrial Control Systems),630,57.879999999999995,0.09187301587301587,personal
42,Secure System Development,540,40.4,0.0748148148148148,personal
42,Secure System Development (Industrial Control Systems),630,57.879999999999995,0.09187301587301587,personal
42,Security Testing,510,48.42,0.09494117647058824,personal
42,Vulnerability Management,390,51.870000000000005,0.133,personal
43,Cryptography & Communications Security (Cryptographer),450,446.28,0.9917333333333332,personal
43,Cryptography & Communications Security (Secure Communications Operator),420,420,1,personal
43,Cyber Security Audit & Assurance,360,317.86,0.8829444444444445,personal
43,Cyber Security Governance & Risk Management,240,227.86,0.9494166666666667,personal
43,Cyber Security Governance & Risk Management (Industrial Control Systems),300,287.86,0.9595333333333333,personal
43,Cyber Security Management,870,827.86,0.9515632183908046,personal
43,Cyber Threat Intelligence,420,410.89,0.9783095238095237,personal
43,Data Protection & Privacy,330,290.89,0.8814848484848484,personal
43,Digital Forensics,480,413.94,0.862375,personal
43,Digital Forensics (Industrial Control Systems),570,503.94,0.8841052631578947,personal
43,Identity & Access Management,510,465.4,0.9125490196078431,personal
43,Incident response,330,330,1,personal
43,Incident response (Industrial Control Systems),420,420,1,personal
43,Network Monitoring & Intrusion Detection,270,270,1,personal
43,Secure Operations,420,420,1,personal
43,Secure Operations (Industrial control systems),480,480,1,personal
43,Secure System Architecture & Design,540,443.89,0.8220185185185185,personal
43,Secure System Architecture & Design (Industrial Control Systems),630,533.89,0.8474444444444444,personal
43,Secure System Development,540,443.89,0.8220185185185185,personal
43,Secure System Development (Industrial Control Systems),630,533.89,0.8474444444444444,personal
43,Security Testing,510,404.78,0.7936862745098039,personal
43,Vulnerability Management,390,345.4,0.8856410256410255,personal
44,Cryptography & Communications Security (Cryptographer),450,30,0.06666666666666667,personal
44,Cryptography & Communications Security (Secure Communications Operator),420,30,0.07142857142857142,personal
44,Cyber Security Audit & Assurance,360,106.95,0.29708333333333337,personal
44,Cyber Security Governance & Risk Management,240,60,0.25,personal
44,Cyber Security Governance & Risk Management (Industrial Control Systems),300,60,0.2,personal
44,Cyber Security Management,870,106.95,0.12293103448275862,personal
44,Cyber Threat Intelligence,420,128.31,0.3055,personal
44,Data Protection & Privacy,330,76.95,0.23318181818181818,personal
44,Digital Forensics,480,136.95,0.28531249999999997,personal
44,Digital Forensics (Industrial Control Systems),570,136.95,0.24026315789473682,personal
44,Identity & Access Management,510,60,0.11764705882352941,personal
44,Incident response,330,60,0.18181818181818182,personal
44,Incident response (Industrial Control Systems),420,60,0.14285714285714285,personal
44,Network Monitoring & Intrusion Detection,270,30,0.1111111111111111,personal
44,Secure Operations,420,0,0,personal
44,Secure Operations (Industrial control systems),480,0,0,personal
44,Secure System Architecture & Design,540,0,0,personal
44,Secure System Architecture & Design (Industrial Control Systems),630,0,0,personal
44,Secure System Development,540,0,0,personal
44,Secure System Development (Industrial Control Systems),630,0,0,personal
44,Security Testing,510,90,0.17647058823529413,personal
44,Vulnerability Management,390,60,0.15384615384615385,personal
45,Cryptography & Communications Security (Cryptographer),450,132.04999999999998,0.2934444444444444,personal
45,Cryptography & Communications Security (Secure Communications Operator),420,132.04999999999998,0.31440476190476185,personal
45,Cyber Security Audit & Assurance,360,260.33,0.7231388888888889,personal
45,Cyber Security Governance & Risk Management,240,194.12,0.8088333333333334,personal
45,Cyber Security Governance & Risk Management (Industrial Control Systems),300,194.12,0.6470666666666667,personal
45,Cyber Security Management,870,410.56999999999994,0.47191954022988497,personal
45,Cyber Threat Intelligence,420,263.15,0.626547619047619,personal
45,Data Protection & Privacy,330,183.55,0.5562121212121213,personal
45,Digital Forensics,480,158.85,0.3309375,personal
45,Digital Forensics (Industrial Control Systems),570,158.85,0.27868421052631576,personal
45,Identity & Access Management,510,228.09,0.44723529411764706,personal
45,Incident response,330,213.14,0.6458787878787878,personal
45,Incident response (Industrial Control Systems),420,213.14,0.5074761904761904,personal
45,Network Monitoring & Intrusion Detection,270,153.45,0.5683333333333332,personal
45,Secure Operations,420,164.92,0.39266666666666666,personal
45,Secure Operations (Industrial control systems),480,164.92,0.3435833333333333,personal
45,Secure System Architecture & Design,540,51.11999999999999,0.09466666666666665,personal
45,Secure System Architecture & Design (Industrial Control Systems),630,51.11999999999999,0.08114285714285713,personal
45,Secure System Development,540,51.11999999999999,0.09466666666666665,personal
45,Secure System Development (Industrial Control Systems),630,51.11999999999999,0.08114285714285713,personal
45,Security Testing,510,151.67,0.29739215686274506,personal
45,Vulnerability Management,390,216.32999999999998,0.5546923076923077,personal
46,Cryptography & Communications Security (Cryptographer),450,248.53000000000003,0.5522888888888889,personal
46,Cryptography & Communications Security (Secure Communications Operator),420,248.53000000000003,0.5917380952380953,personal
46,Cyber Security Audit & Assurance,360,353.95,0.9831944444444444,personal
46,Cyber Security Governance & Risk Management,240,240,1,personal
46,Cyber Security Governance & Risk Management (Industrial Control Systems),300,253.96,0.8465333333333334,personal
46,Cyber Security Management,870,739.6700000000001,0.8501954022988507,personal
46,Cyber Threat Intelligence,420,367.08,0.874,personal
46,Data Protection & Privacy,330,291.69,0.8839090909090909,personal
46,Digital Forensics,480,372.21999999999997,0.7754583333333332,personal
46,Digital Forensics (Industrial Control Systems),570,386.17999999999995,0.6775087719298245,personal
46,Identity & Access Management,510,320.19,0.6278235294117647,personal
46,Incident response,330,301.91999999999996,0.9149090909090908,personal
46,Incident response (Industrial Control Systems),420,315.87999999999994,0.7520952380952379,personal
46,Network Monitoring & Intrusion Detection,270,250.48000000000002,0.9277037037037038,personal
46,Secure Operations,420,318.03,0.7572142857142856,personal
46,Secure Operations (Industrial control systems),480,331.98999999999995,0.6916458333333332,personal
46,Secure System Architecture & Design,540,302.28,0.5597777777777777,personal
46,Secure System Architecture & Design (Industrial Control Systems),630,316.23999999999995,0.5019682539682538,personal
46,Secure System Development,540,302.28,0.5597777777777777,personal
46,Secure System Development (Industrial Control Systems),630,316.23999999999995,0.5019682539682538,personal
46,Security Testing,510,427.78000000000003,0.8387843137254902,personal
46,Vulnerability Management,390,312.9,0.8023076923076923,personal
47,Cryptography & Communications Security (Cryptographer),450,150.55,0.3345555555555556,personal
47,Cryptography & Communications Security (Secure Communications Operator),420,150.55,0.35845238095238097,personal
47,Cyber Security Audit & Assurance,360,102.69,0.28525,personal
47,Cyber Security Governance & Risk Management,240,58.94,0.24558333333333332,personal
47,Cyber Security Governance & Risk Management (Industrial Control Systems),300,79.57,0.2652333333333333,personal
47,Cyber Security Management,870,370.66,0.42604597701149427,personal
47,Cyber Threat Intelligence,420,240.54000000000002,0.5727142857142857,personal
47,Data Protection & Privacy,330,87.1,0.2639393939393939,personal
47,Digital Forensics,480,189.14,0.3940416666666666,personal
47,Digital Forensics (Industrial Control Systems),570,209.76999999999998,0.3680175438596491,personal
47,Identity & Access Management,510,212.51999999999998,0.41670588235294115,personal
47,Incident response,330,210,0.6363636363636364,personal
47,Incident response (Industrial Control Systems),420,230.63,0.5491190476190476,personal
47,Network Monitoring & Intrusion Detection,270,209.89,0.7773703703703703,personal
47,Secure Operations,420,306.45,0.7296428571428571,personal
47,Secure Operations (Industrial control systems),480,327.08,0.6814166666666667,personal
47,Secure System Architecture & Design,540,125.42,0.23225925925925925,personal
47,Secure System Architecture & Design (Industrial Control Systems),630,146.05,0.23182539682539685,personal
47,Secure System Development,540,125.42,0.23225925925925925,personal
47,Secure System Development (Industrial Control Systems),630,146.05,0.23182539682539685,personal
47,Security Testing,510,147.85000000000002,0.2899019607843138,personal
47,Vulnerability Management,390,265.19,0.679974358974359,personal
48,Cryptography & Communications Security (Cryptographer),450,232.53,0.5167333333333334,personal
48,Cryptography & Communications Security (Secure Communications Operator),420,232.53,0.5536428571428571,personal
48,Cyber Security Audit & Assurance,360,279.53000000000003,0.7764722222222223,personal
48,Cyber Security Governance & Risk Management,240,217.71,0.9071250000000001,personal
48,Cyber Security Governance & Risk Management (Industrial Control Systems),300,247.07,0.8235666666666667,personal
48,Cyber Security Management,870,720.4100000000001,0.8280574712643679,personal
48,Cyber Threat Intelligence,420,251.77,0.599452380952381,personal
48,Data Protection & Privacy,330,243.22000000000003,0.7370303030303031,personal
48,Digital Forensics,480,278.72,0.5806666666666668,personal
48,Digital Forensics (Industrial Control Systems),570,308.08000000000004,0.5404912280701755,personal
48,Identity & Access Management,510,350.46000000000004,0.6871764705882354,personal
48,Incident response,330,225.76000000000002,0.6841212121212121,personal
48,Incident response (Industrial Control Systems),420,255.12,0.6074285714285714,personal
48,Network Monitoring & Intrusion Detection,270,119.97999999999999,0.44437037037037036,personal
48,Secure Operations,420,235.76,0.5613333333333334,personal
48,Secure Operations (Industrial control systems),480,265.12,0.5523333333333333,personal
48,Secure System Architecture & Design,540,232.61,0.4307592592592593,personal
48,Secure System Architecture & Design (Industrial Control Systems),630,261.97,0.4158253968253969,personal
48,Secure System Development,540,232.61,0.4307592592592593,personal
48,Secure System Development (Industrial Control Systems),630,261.97,0.4158253968253969,personal
48,Security Testing,510,227.52999999999997,0.4461372549019607,personal
48,Vulnerability Management,390,220.57999999999998,0.5655897435897436,personal
49,Cryptography & Communications Security (Cryptographer),450,41.910000000000004,0.09313333333333335,personal
49,Cryptography & Communications Security (Secure Communications Operator),420,41.910000000000004,0.0997857142857143,personal
49,Cyber Security Audit & Assurance,360,160.42,0.44561111111111107,personal
49,Cyber Security Governance & Risk Management,240,126.60000000000001,0.5275000000000001,personal
49,Cyber Security Governance & Risk Management (Industrial Control Systems),300,126.60000000000001,0.42200000000000004,personal
49,Cyber Security Management,870,207.24999999999997,0.23821839080459767,personal
49,Cyber Threat Intelligence,420,91.86000000000001,0.21871428571428575,personal
49,Data Protection & Privacy,330,106.31,0.32215151515151513,personal
49,Digital Forensics,480,49.72,0.10358333333333333,personal
49,Digital Forensics (Industrial Control Systems),570,49.72,0.0872280701754386,personal
49,Identity & Access Management,510,117.93,0.23123529411764707,personal
49,Incident response,330,82.32000000000001,0.24945454545454548,personal
49,Incident response (Industrial Control Systems),420,82.32000000000001,0.196,personal
49,Network Monitoring & Intrusion Detection,270,51.449999999999996,0.19055555555555553,personal
49,Secure Operations,420,55.44,0.132,personal
49,Secure Operations (Industrial control systems),480,55.44,0.11549999999999999,personal
49,Secure System Architecture & Design,540,26.590000000000003,0.049240740740740745,personal
49,Secure System Architecture & Design (Industrial Control Systems),630,26.590000000000003,0.04220634920634921,personal
49,Secure System Development,540,26.590000000000003,0.049240740740740745,personal
49,Secure System Development (Industrial Control Systems),630,26.590000000000003,0.04220634920634921,personal
49,Security Testing,510,64.17,0.12582352941176472,personal
49,Vulnerability Management,390,81.45,0.20884615384615385,personal
50,Cryptography & Communications Security (Cryptographer),450,126.19,0.28042222222222224,personal
50,Cryptography & Communications Security (Secure Communications Operator),420,126.19,0.30045238095238097,personal
50,Cyber Security Audit & Assurance,360,311.83,0.8661944444444444,personal
50,Cyber Security Governance & Risk Management,240,240,1,personal
50,Cyber Security Governance & Risk Management (Industrial Control Systems),300,240,0.8,personal
50,Cyber Security Management,870,450.90999999999997,0.5182873563218391,personal
50,Cyber Threat Intelligence,420,190.48000000000002,0.45352380952380955,personal
50,Data Protection & Privacy,330,229.57,0.6956666666666667,personal
50,Digital Forensics,480,192.69,0.4014375,personal
50,Digital Forensics (Industrial Control Systems),570,192.69,0.3380526315789474,personal
50,Identity & Access Management,510,214.84,0.4212549019607843,personal
50,Incident response,330,130.48,0.39539393939393935,personal
50,Incident response (Industrial Control Systems),420,130.48,0.31066666666666665,personal
50,Network Monitoring & Intrusion Detection,270,136.67,0.5061851851851852,personal
50,Secure Operations,420,160.48,0.38209523809523804,personal
50,Secure Operations (Industrial control systems),480,160.48,0.3343333333333333,personal
50,Secure System Architecture & Design,540,76.13,0.14098148148148149,personal
50,Secure System Architecture & Design (Industrial Control Systems),630,76.13,0.12084126984126983,personal
50,Secure System Development,540,76.13,0.14098148148148149,personal
50,Secure System Development (Industrial Control Systems),630,76.13,0.12084126984126983,personal
50,Security Testing,510,200.97,0.39405882352941174,personal
50,Vulnerability Management,390,205.75,0.5275641025641026,personal
51,Cryptography & Communications Security (Cryptographer),450,107.44999999999999,0.23877777777777776,personal
51,Cryptography & Communications Security (Secure Communications Operator),420,107.44999999999999,0.2558333333333333,personal
51,Cyber Security Audit & Assurance,360,300.25,0.8340277777777778,personal
51,Cyber Security Governance & Risk Management,240,206.42000000000002,0.8600833333333334,personal
51,Cyber Security Governance & Risk Management (Industrial Control Systems),300,253.72000000000003,0.8457333333333334,personal
51,Cyber Security Management,870,497.6600000000001,0.5720229885057472,personal
51,Cyber Threat Intelligence,420,313.4,0.7461904761904762,personal
51,Data Protection & Privacy,330,203.36,0.6162424242424243,personal
51,Digital Forensics,480,217.85000000000002,0.4538541666666667,personal
51,Digital Forensics (Industrial Control Systems),570,265.15000000000003,0.4651754385964913,personal
51,Identity & Access Management,510,224.12000000000003,0.4394509803921569,personal
51,Incident response,330,232.37,0.7041515151515152,personal
51,Incident response (Industrial Control Systems),420,279.67,0.6658809523809525,personal
51,Network Monitoring & Intrusion Detection,270,152.12,0.5634074074074075,personal
51,Secure Operations,420,182.95000000000002,0.43559523809523815,personal
51,Secure Operations (Industrial control systems),480,230.25,0.4796875,personal
51,Secure System Architecture & Design,540,51.65,0.09564814814814815,personal
51,Secure System Architecture & Design (Industrial Control Systems),630,98.94999999999999,0.15706349206349204,personal
51,Secure System Development,540,51.65,0.09564814814814815,personal
51,Secure System Development (Industrial Control Systems),630,98.94999999999999,0.15706349206349204,personal
51,Security Testing,510,147.84000000000003,0.28988235294117654,personal
51,Vulnerability Management,390,215.70000000000002,0.5530769230769231,personal
52,Cryptography & Communications Security (Cryptographer),450,302.84,0.6729777777777777,personal
52,Cryptography & Communications Security (Secure Communications Operator),420,302.84,0.7210476190476189,personal
52,Cyber Security Audit & Assurance,360,328.83,0.9134166666666667,personal
52,Cyber Security Governance & Risk Management,240,219.26999999999998,0.9136249999999999,personal
52,Cyber Security Governance & Risk Management (Industrial Control Systems),300,279.27,0.9309,personal
52,Cyber Security Management,870,824.96,0.9482298850574713,personal
52,Cyber Threat Intelligence,420,371.39,0.8842619047619047,personal
52,Data Protection & Privacy,330,308.57,0.935060606060606,personal
52,Digital Forensics,480,426.41,0.8883541666666667,personal
52,Digital Forensics (Industrial Control Systems),570,501.31000000000006,0.8794912280701755,personal
52,Identity & Access Management,510,464.78999999999996,0.9113529411764705,personal
52,Incident response,330,316.13,0.9579696969696969,personal
52,Incident response (Industrial Control Systems),420,391.03,0.9310238095238095,personal
52,Network Monitoring & Intrusion Detection,270,223.32999999999998,0.8271481481481481,personal
52,Secure Operations,420,383.28999999999996,0.912595238095238,personal
52,Secure Operations (Industrial control systems),480,443.28999999999996,0.9235208333333332,personal
52,Secure System Architecture & Design,540,418.99,0.7759074074074074,personal
52,Secure System Architecture & Design (Industrial Control Systems),630,493.89,0.783952380952381,personal
52,Secure System Development,540,418.99,0.7759074074074074,personal
52,Secure System Development (Industrial Control Systems),630,493.89,0.783952380952381,personal
52,Security Testing,510,408.57,0.8011176470588235,personal
52,Vulnerability Management,390,362.21,0.9287435897435897,personal
53,Cryptography & Communications Security (Cryptographer),450,342.61,0.7613555555555556,personal
53,Cryptography & Communications Security (Secure Communications Operator),420,342.61,0.8157380952380953,personal
53,Cyber Security Audit & Assurance,360,309.01,0.8583611111111111,personal
53,Cyber Security Governance & Risk Management,240,228.39,0.9516249999999999,personal
53,Cyber Security Governance & Risk Management (Industrial Control Systems),300,288.39,0.9612999999999999,personal
53,Cyber Security Management,870,735.73,0.8456666666666667,personal
53,Cyber Threat Intelligence,420,312.45,0.7439285714285714,personal
53,Data Protection & Privacy,330,246.09,0.7457272727272727,personal
53,Digital Forensics,480,316.61,0.6596041666666667,personal
53,Digital Forensics (Industrial Control Systems),570,385.62,0.6765263157894736,personal
53,Identity & Access Management,510,425.10999999999996,0.833549019607843,personal
53,Incident response,330,267.55,0.8107575757575758,personal
53,Incident response (Industrial Control Systems),420,336.56,0.8013333333333333,personal
53,Network Monitoring & Intrusion Detection,270,224.53,0.83159259259259255,personal
53,Secure Operations,420,349.01,0.8309761904761904,personal
53,Secure Operations (Industrial control systems),480,409.01,0.8521041666666667,personal
53,Secure System Architecture & Design,540,396.52,0.7342962962962962,personal
53,Secure System Architecture & Design (Industrial Control Systems),630,465.53,0.7389365079365079,personal
53,Secure System Development,540,396.52,0.7342962962962962,personal
53,Secure System Development (Industrial Control Systems),630,465.53,0.7389365079365079,personal
53,Security Testing,510,382.34999999999997,0.7497058823529411,personal
53,Vulnerability Management,390,302.97,0.776846153846154,personal
54,Cryptography & Communications Security (Cryptographer),450,287.95,0.6398888888888888,personal
54,Cryptography & Communications Security (Secure Communications Operator),420,287.95,0.685595238095238,personal
54,Cyber Security Audit & Assurance,360,291.56,0.8098888888888889,personal
54,Cyber Security Governance & Risk Management,240,195.95,0.8164583333333333,personal
54,Cyber Security Governance & Risk Management (Industrial Control Systems),300,255.95,0.8531666666666666,personal
54,Cyber Security Management,870,695.3199999999999,0.7992183908045977,personal
54,Cyber Threat Intelligence,420,363.77,0.8661190476190476,personal
54,Data Protection & Privacy,330,226.02,0.6849090909090909,personal
54,Digital Forensics,480,346.79999999999995,0.7224999999999999,personal
54,Digital Forensics (Industrial Control Systems),570,416.61999999999995,0.7309122807017543,personal
54,Identity & Access Management,510,353.29,0.6927254901960784,personal
54,Incident response,330,309.88,0.939030303030303,personal
54,Incident response (Industrial Control Systems),420,379.7,0.904047619047619,personal
54,Network Monitoring & Intrusion Detection,270,269.99,0.9999629629629629,personal
54,Secure Operations,420,364.34,0.8674761904761904,personal
54,Secure Operations (Industrial control systems),480,424.34,0.8840416666666666,personal
54,Secure System Architecture & Design,540,364.81,0.6755740740740741,personal
54,Secure System Architecture & Design (Industrial Control Systems),630,434.63,0.6898888888888889,personal
54,Secure System Development,540,364.81,0.6755740740740741,personal
54,Secure System Development (Industrial Control Systems),630,434.63,0.6898888888888889,personal
54,Security Testing,510,392.11,0.7688431372549019,personal
54,Vulnerability Management,390,368.45,0.9447435897435897,personal
55,Cryptography & Communications Security (Cryptographer),450,33.52,0.0744888888888889,personal
55,Cryptography & Communications Security (Secure Communications Operator),420,33.52,0.07980952380952382,personal
55,Cyber Security Audit & Assurance,360,14.45,0.040138888888888884,personal
55,Cyber Security Governance & Risk Management,240,7.51,0.03129166666666667,personal
55,Cyber Security Governance & Risk Management (Industrial Control Systems),300,14.45,0.04816666666666666,personal
55,Cyber Security Management,870,56.94,0.06544827586206896,personal
55,Cyber Threat Intelligence,420,14.45,0.0344047619047619,personal
55,Data Protection & Privacy,330,33.52,0.10157575757575758,personal
55,Digital Forensics,480,14.45,0.030104166666666664,personal
55,Digital Forensics (Industrial Control Systems),570,21.39,0.037526315789473685,personal
55,Identity & Access Management,510,40.46,0.07933333333333334,personal
55,Incident response,330,6.94,0.02103030303030303,personal
55,Incident response (Industrial Control Systems),420,13.88,0.03304761904761905,personal
55,Network Monitoring & Intrusion Detection,270,6.94,0.025703703703703704,personal
55,Secure Operations,420,26.01,0.06192857142857143,personal
55,Secure Operations (Industrial control systems),480,32.95,0.06864583333333334,personal
55,Secure System Architecture & Design,540,9.54,0.017666666666666664,personal
55,Secure System Architecture & Design (Industrial Control Systems),630,16.48,0.02615873015873016,personal
55,Secure System Development,540,9.54,0.017666666666666664,personal
55,Secure System Development (Industrial Control Systems),630,16.48,0.02615873015873016,personal
55,Security Testing,510,23.99,0.047039215686274505,personal
55,Vulnerability Management,390,6.94,0.017794871794871797,personal
56,Cryptography & Communications Security (Cryptographer),450,262.19,0.5826444444444444,personal
56,Cryptography & Communications Security (Secure Communications Operator),420,257.71999999999997,0.6136190476190475,personal
56,Cyber Security Audit & Assurance,360,113.26,0.3146111111111111,personal
56,Cyber Security Governance & Risk Management,240,66.25,0.2760416666666667,personal
56,Cyber Security Governance & Risk Management (Industrial Control Systems),300,126.25,0.42083333333333334,personal
56,Cyber Security Management,870,427.68999999999994,0.4915977011494252,personal
56,Cyber Threat Intelligence,420,119.89,0.28545238095238096,personal
56,Data Protection & Privacy,330,183.59,0.5563333333333333,personal
56,Digital Forensics,480,165.16,0.34408333333333335,personal
56,Digital Forensics (Industrial Control Systems),570,232.38,0.40768421052631576,personal
56,Identity & Access Management,510,271.98,0.5332941176470588,personal
56,Incident response,330,94.37,0.285969696969697,personal
56,Incident response (Industrial Control Systems),420,161.59,0.38473809523809527,personal
56,Network Monitoring & Intrusion Detection,270,58.980000000000004,0.21844444444444447,personal
56,Secure Operations,420,169.76999999999998,0.4042142857142857,personal
56,Secure Operations (Industrial control systems),480,229.76999999999998,0.4786875,personal
56,Secure System Architecture & Design,540,193.87999999999997,0.359037037037037,personal
56,Secure System Architecture & Design (Industrial Control Systems),630,261.09999999999997,0.4144444444444444,personal
56,Secure System Development,540,193.87999999999997,0.359037037037037,personal
56,Secure System Development (Industrial Control Systems),630,261.09999999999997,0.4144444444444444,personal
56,Security Testing,510,106.18,0.20819607843137256,personal
56,Vulnerability Management,390,91.08,0.23353846153846153,personal
