id,Specialism,reference_sum,test_sum,alignment_index,alignment_type
1,Cryptography & Communications Security (Cryptographer),250.21,0,0,scenario
1,Cryptography & Communications Security (Secure Communications Operator),250.21,0,0,scenario
1,Cyber Security Audit & Assurance,250.21,30,0.11989928460093521,scenario
1,Cyber Security Governance & Risk Management,250.21,0,0,scenario
1,Cyber Security Governance & Risk Management (Industrial Control Systems),250.21,0,0,scenario
1,Cyber Security Management,250.21,90,0.3596978538028056,scenario
1,Cyber Threat Intelligence,250.21,210,0.8392949922065465,scenario
1,Data Protection & Privacy,250.21,0,0,scenario
1,Digital Forensics,250.21,110.21000000000001,0.44047000519563567,scenario
1,Digital Forensics (Industrial Control Systems),250.21,110.21000000000001,0.44047000519563567,scenario
1,Identity & Access Management,250.21,30,0.11989928460093521,scenario
1,Incident response,250.21,150,0.5994964230046761,scenario
1,Incident response (Industrial Control Systems),250.21,150,0.5994964230046761,scenario
1,Network Monitoring & Intrusion Detection,250.21,90,0.3596978538028056,scenario
1,Secure Operations,250.21,60,0.23979856920187043,scenario
1,Secure Operations (Industrial control systems),250.21,60,0.23979856920187043,scenario
1,Secure System Architecture & Design,250.21,0,0,scenario
1,Secure System Architecture & Design (Industrial Control Systems),250.21,0,0,scenario
1,Secure System Development,250.21,0,0,scenario
1,Secure System Development (Industrial Control Systems),250.21,0,0,scenario
1,Security Testing,250.21,120,0.47959713840374085,scenario
1,Vulnerability Management,250.21,120,0.47959713840374085,scenario
2,Cryptography & Communications Security (Cryptographer),856.7900000000001,265.35,0.309702494193443,scenario
2,Cryptography & Communications Security (Secure Communications Operator),856.7900000000001,265.35,0.309702494193443,scenario
2,Cyber Security Audit & Assurance,856.7900000000001,334.65000000000003,0.39058579115069036,scenario
2,Cyber Security Governance & Risk Management,856.7900000000001,240,0.2801153141376533,scenario
2,Cyber Security Governance & Risk Management (Industrial Control Systems),856.7900000000001,300,0.3501441426720666,scenario
2,Cyber Security Management,856.7900000000001,640.26,0.7472776292907246,scenario
2,Cyber Threat Intelligence,856.7900000000001,205.46,0.23980205184467604,scenario
2,Data Protection & Privacy,856.7900000000001,248.45,0.2899777074895832,scenario
2,Digital Forensics,856.7900000000001,277.20000000000005,0.3235331878289896,scenario
2,Digital Forensics (Industrial Control Systems),856.7900000000001,367.20000000000005,0.42857643063060963,scenario
2,Identity & Access Management,856.7900000000001,234.54,0.2737426907410217,scenario
2,Incident response,856.7900000000001,175.46,0.20478763757746937,scenario
2,Incident response (Industrial Control Systems),856.7900000000001,265.46000000000004,0.3098308803790894,scenario
2,Network Monitoring & Intrusion Detection,856.7900000000001,141.56,0.16522134945552586,scenario
2,Secure Operations,856.7900000000001,252.64000000000001,0.29486805401556976,scenario
2,Secure Operations (Industrial control systems),856.7900000000001,312.64,0.36489688254998304,scenario
2,Secure System Architecture & Design,856.7900000000001,240.56,0.28076891653730784,scenario
2,Secure System Architecture & Design (Industrial Control Systems),856.7900000000001,330.56,0.3858121593389278,scenario
2,Secure System Development,856.7900000000001,240.56,0.28076891653730784,scenario
2,Secure System Development (Industrial Control Systems),856.7900000000001,330.56,0.3858121593389278,scenario
2,Security Testing,856.7900000000001,225.01999999999998,0.26263144994689475,scenario
2,Vulnerability Management,856.7900000000001,181.63,0.21198893544509154,scenario
3,Cryptography & Communications Security (Cryptographer),2098.1,450,0.2144797674086078,scenario
3,Cryptography & Communications Security (Secure Communications Operator),2098.1,420,0.20018111624803395,scenario
3,Cyber Security Audit & Assurance,2098.1,360,0.17158381392688624,scenario
3,Cyber Security Governance & Risk Management,2098.1,240,0.11438920928459083,scenario
3,Cyber Security Governance & Risk Management (Industrial Control Systems),2098.1,300,0.14298651160573853,scenario
3,Cyber Security Management,2098.1,870,0.4146608836566417,scenario
3,Cyber Threat Intelligence,2098.1,420,0.20018111624803395,scenario
3,Data Protection & Privacy,2098.1,330,0.15728516276631238,scenario
3,Digital Forensics,2098.1,480,0.22877841856918166,scenario
3,Digital Forensics (Industrial Control Systems),2098.1,570,0.2716743720509032,scenario
3,Identity & Access Management,2098.1,510,0.2430770697297555,scenario
3,Incident response,2098.1,330,0.15728516276631238,scenario
3,Incident response (Industrial Control Systems),2098.1,420,0.20018111624803395,scenario
3,Network Monitoring & Intrusion Detection,2098.1,270,0.12868786044516467,scenario
3,Secure Operations,2098.1,420,0.20018111624803395,scenario
3,Secure Operations (Industrial control systems),2098.1,480,0.22877841856918166,scenario
3,Secure System Architecture & Design,2098.1,540,0.25737572089032934,scenario
3,Secure System Architecture & Design (Industrial Control Systems),2098.1,630,0.30027167437205093,scenario
3,Secure System Development,2098.1,540,0.25737572089032934,scenario
3,Secure System Development (Industrial Control Systems),2098.1,630,0.30027167437205093,scenario
3,Security Testing,2098.1,510,0.2430770697297555,scenario
3,Vulnerability Management,2098.1,390,0.1858824650874601,scenario
4,Cryptography & Communications Security (Cryptographer),909.8100000000001,238.84,0.2625163495674921,scenario
4,Cryptography & Communications Security (Secure Communications Operator),909.8100000000001,238.84,0.2625163495674921,scenario
4,Cyber Security Audit & Assurance,909.8100000000001,258.1,0.28368560468669285,scenario
4,Cyber Security Governance & Risk Management,909.8100000000001,196.64999999999998,0.21614403007221283,scenario
4,Cyber Security Governance & Risk Management (Industrial Control Systems),909.8100000000001,256.65,0.28209186533452035,scenario
4,Cyber Security Management,909.8100000000001,603.23,0.6630285444213627,scenario
4,Cyber Threat Intelligence,909.8100000000001,299.53000000000003,0.3292225849353162,scenario
4,Data Protection & Privacy,909.8100000000001,188.68,0.20738395928820302,scenario
4,Digital Forensics,909.8100000000001,348.95,0.3835416185797034,scenario
4,Digital Forensics (Industrial Control Systems),909.8100000000001,438.95,0.4824633714731647,scenario
4,Identity & Access Management,909.8100000000001,250.11999999999998,0.27491454259680587,scenario
4,Incident response,909.8100000000001,276.64,0.30406348578274583,scenario
4,Incident response (Industrial Control Systems),909.8100000000001,366.64,0.40298523867620706,scenario
4,Network Monitoring & Intrusion Detection,909.8100000000001,169.58999999999997,0.18640155636891215,scenario
4,Secure Operations,909.8100000000001,325.78,0.35807476286257567,scenario
4,Secure Operations (Industrial control systems),909.8100000000001,385.78,0.42402259812488313,scenario
4,Secure System Architecture & Design,909.8100000000001,236.33999999999997,0.25976852309822923,scenario
4,Secure System Architecture & Design (Industrial Control Systems),909.8100000000001,326.34,0.3586902759916905,scenario
4,Secure System Development,909.8100000000001,236.33999999999997,0.25976852309822923,scenario
4,Secure System Development (Industrial Control Systems),909.8100000000001,326.34,0.3586902759916905,scenario
4,Security Testing,909.8100000000001,194.44,0.21371495147338454,scenario
4,Vulnerability Management,909.8100000000001,223.62999999999997,0.2457985733284971,scenario
5,Cryptography & Communications Security (Cryptographer),179.19,30,0.16742005692281936,scenario
5,Cryptography & Communications Security (Secure Communications Operator),179.19,30,0.16742005692281936,scenario
5,Cyber Security Audit & Assurance,179.19,172.95,0.9651766281600536,scenario
5,Cyber Security Governance & Risk Management,179.19,150,0.8371002846140968,scenario
5,Cyber Security Governance & Risk Management (Industrial Control Systems),179.19,150,0.8371002846140968,scenario
5,Cyber Security Management,179.19,172.95,0.9651766281600536,scenario
5,Cyber Threat Intelligence,179.19,90,0.5022601707684581,scenario
5,Data Protection & Privacy,179.19,142.95,0.7977565712372342,scenario
5,Digital Forensics,179.19,82.95,0.46291645739159554,scenario
5,Digital Forensics (Industrial Control Systems),179.19,82.95,0.46291645739159554,scenario
5,Identity & Access Management,179.19,90,0.5022601707684581,scenario
5,Incident response,179.19,0,0,scenario
5,Incident response (Industrial Control Systems),179.19,0,0,scenario
5,Network Monitoring & Intrusion Detection,179.19,0,0,scenario
5,Secure Operations,179.19,0,0,scenario
5,Secure Operations (Industrial control systems),179.19,0,0,scenario
5,Secure System Architecture & Design,179.19,0,0,scenario
5,Secure System Architecture & Design (Industrial Control Systems),179.19,0,0,scenario
5,Secure System Development,179.19,0,0,scenario
5,Secure System Development (Industrial Control Systems),179.19,0,0,scenario
5,Security Testing,179.19,60,0.3348401138456387,scenario
5,Vulnerability Management,179.19,30,0.16742005692281936,scenario
6,Cryptography & Communications Security (Cryptographer),508.78,144.09,0.28320688706317076,scenario
6,Cryptography & Communications Security (Secure Communications Operator),508.78,144.09,0.28320688706317076,scenario
6,Cyber Security Audit & Assurance,508.78,90,0.17689374582334214,scenario
6,Cyber Security Governance & Risk Management,508.78,90,0.17689374582334214,scenario
6,Cyber Security Governance & Risk Management (Industrial Control Systems),508.78,90,0.17689374582334214,scenario
6,Cyber Security Management,508.78,263.18,0.5172766225087465,scenario
6,Cyber Threat Intelligence,508.78,60,0.11792916388222809,scenario
6,Data Protection & Privacy,508.78,120,0.23585832776445617,scenario
6,Digital Forensics,508.78,120,0.23585832776445617,scenario
6,Digital Forensics (Industrial Control Systems),508.78,120,0.23585832776445617,scenario
6,Identity & Access Management,508.78,312.6,0.6144109438264084,scenario
6,Incident response,508.78,30,0.05896458194111404,scenario
6,Incident response (Industrial Control Systems),508.78,30,0.05896458194111404,scenario
6,Network Monitoring & Intrusion Detection,508.78,60.91,0.11971775620110853,scenario
6,Secure Operations,508.78,199.42000000000002,0.3919572310232321,scenario
6,Secure Operations (Industrial control systems),508.78,199.42000000000002,0.3919572310232321,scenario
6,Secure System Architecture & Design,508.78,233.95000000000002,0.45982546483745435,scenario
6,Secure System Architecture & Design (Industrial Control Systems),508.78,233.95000000000002,0.45982546483745435,scenario
6,Secure System Development,508.78,233.95000000000002,0.45982546483745435,scenario
6,Secure System Development (Industrial Control Systems),508.78,233.95000000000002,0.45982546483745435,scenario
6,Security Testing,508.78,181.68,0.35708950823538665,scenario
6,Vulnerability Management,508.78,180,0.35378749164668427,scenario
7,Cryptography & Communications Security (Cryptographer),815.92,341.09999999999997,0.41805569173448376,scenario
7,Cryptography & Communications Security (Secure Communications Operator),815.92,311.09999999999997,0.38128738111579563,scenario
7,Cyber Security Audit & Assurance,815.92,48.39000000000001,0.059307285027943926,scenario
7,Cyber Security Governance & Risk Management,815.92,14.69,0.01800421609961761,scenario
7,Cyber Security Governance & Risk Management (Industrial Control Systems),815.92,74.69,0.09154083733699382,scenario
7,Cyber Security Management,815.92,344.72,0.4224924012158055,scenario
7,Cyber Threat Intelligence,815.92,153.06,0.18759192077654674,scenario
7,Data Protection & Privacy,815.92,75.37,0.0923742523776841,scenario
7,Digital Forensics,815.92,164.41,0.2015025982939504,scenario
7,Digital Forensics (Industrial Control Systems),815.92,225.59,0.27648543974899503,scenario
7,Identity & Access Management,815.92,248.57999999999998,0.30466222178644964,scenario
7,Incident response,815.92,169.66,0.20793705265222082,scenario
7,Incident response (Industrial Control Systems),815.92,230.84,0.2829198941072654,scenario
7,Network Monitoring & Intrusion Detection,815.92,160.88,0.19717619374448475,scenario
7,Secure Operations,815.92,275.01,0.3370551034415139,scenario
7,Secure Operations (Industrial control systems),815.92,335.01,0.4105917246788901,scenario
7,Secure System Architecture & Design,815.92,305.15,0.37399499950975584,scenario
7,Secure System Architecture & Design (Industrial Control Systems),815.92,366.33,0.4489778409648005,scenario
7,Secure System Development,815.92,305.15,0.37399499950975584,scenario
7,Secure System Development (Industrial Control Systems),815.92,366.33,0.4489778409648005,scenario
7,Security Testing,815.92,170.48000000000002,0.20894205314246497,scenario
7,Vulnerability Management,815.92,166.37,0.2039047945877047,scenario
8,Cryptography & Communications Security (Cryptographer),507.27,109.93,0.21670905040708105,scenario
8,Cryptography & Communications Security (Secure Communications Operator),507.27,109.93,0.21670905040708105,scenario
8,Cyber Security Audit & Assurance,507.27,298.78,0.5889959981863702,scenario
8,Cyber Security Governance & Risk Management,507.27,215.57,0.4249610660989217,scenario
8,Cyber Security Governance & Risk Management (Industrial Control Systems),507.27,215.57,0.4249610660989217,scenario
8,Cyber Security Management,507.27,408.71,0.8057050485934512,scenario
8,Cyber Threat Intelligence,507.27,184.07,0.3628639580499537,scenario
8,Data Protection & Privacy,507.27,269.57,0.531413251325724,scenario
8,Digital Forensics,507.27,211.33999999999997,0.4166223115894888,scenario
8,Digital Forensics (Industrial Control Systems),507.27,211.33999999999997,0.4166223115894888,scenario
8,Identity & Access Management,507.27,201.12,0.3964752498669348,scenario
8,Incident response,507.27,124.07,0.24458375224239556,scenario
8,Incident response (Industrial Control Systems),507.27,124.07,0.24458375224239556,scenario
8,Network Monitoring & Intrusion Detection,507.27,112.63,0.22203165966842114,scenario
8,Secure Operations,507.27,142.63,0.2811717625722002,scenario
8,Secure Operations (Industrial control systems),507.27,142.63,0.2811717625722002,scenario
8,Secure System Architecture & Design,507.27,69.5,0.1370079050604215,scenario
8,Secure System Architecture & Design (Industrial Control Systems),507.27,69.5,0.1370079050604215,scenario
8,Secure System Development,507.27,69.5,0.1370079050604215,scenario
8,Secure System Development (Industrial Control Systems),507.27,69.5,0.1370079050604215,scenario
8,Security Testing,507.27,157.12,0.3097364322747255,scenario
8,Vulnerability Management,507.27,162.38,0.3201056636505214,scenario
9,Cryptography & Communications Security (Cryptographer),621.54,198.64000000000001,0.3195932683334943,scenario
9,Cryptography & Communications Security (Secure Communications Operator),621.54,198.64000000000001,0.3195932683334943,scenario
9,Cyber Security Audit & Assurance,621.54,325.71,0.5240370692151752,scenario
9,Cyber Security Governance & Risk Management,621.54,226.49,0.36440132573929274,scenario
9,Cyber Security Governance & Risk Management (Industrial Control Systems),621.54,232.11,0.3734433825658848,scenario
9,Cyber Security Management,621.54,535.65,0.8618109856163723,scenario
9,Cyber Threat Intelligence,621.54,246.06,0.39588763394150017,scenario
9,Data Protection & Privacy,621.54,267.92,0.43105833896450757,scenario
9,Digital Forensics,621.54,227.8,0.3665089937896194,scenario
9,Digital Forensics (Industrial Control Systems),621.54,233.42000000000002,0.3755510506162114,scenario
9,Identity & Access Management,621.54,301.22,0.4846349390224282,scenario
9,Incident response,621.54,192.37,0.3095054220162822,scenario
9,Incident response (Industrial Control Systems),621.54,197.99,0.3185474788428742,scenario
9,Network Monitoring & Intrusion Detection,621.54,146.6,0.23586575280754257,scenario
9,Secure Operations,621.54,189.81,0.30538662033014774,scenario
9,Secure Operations (Industrial control systems),621.54,195.43,0.3144286771567397,scenario
9,Secure System Architecture & Design,621.54,100.64,0.1619203912861602,scenario
9,Secure System Architecture & Design (Industrial Control Systems),621.54,106.26,0.1709624481127522,scenario
9,Secure System Development,621.54,100.64,0.1619203912861602,scenario
9,Secure System Development (Industrial Control Systems),621.54,106.26,0.1709624481127522,scenario
9,Security Testing,621.54,171.21,0.27546095182932717,scenario
9,Vulnerability Management,621.54,209.97,0.33782218360845645,scenario
10,Cryptography & Communications Security (Cryptographer),730.46,238.56,0.32658872491306845,scenario
10,Cryptography & Communications Security (Secure Communications Operator),730.46,238.56,0.32658872491306845,scenario
10,Cyber Security Audit & Assurance,730.46,242.22,0.3315992662158092,scenario
10,Cyber Security Governance & Risk Management,730.46,179.48999999999998,0.24572187388768718,scenario
10,Cyber Security Governance & Risk Management (Industrial Control Systems),730.46,239.48999999999998,0.3278618952440927,scenario
10,Cyber Security Management,730.46,542.63,0.7428606631437724,scenario
10,Cyber Threat Intelligence,730.46,237.97,0.3257810147030638,scenario
10,Data Protection & Privacy,730.46,202.11,0.2766886619390521,scenario
10,Digital Forensics,730.46,252.23,0.3453029597787695,scenario
10,Digital Forensics (Industrial Control Systems),730.46,342.23,0.46851299181337785,scenario
10,Identity & Access Management,730.46,247.29,0.33854009802042545,scenario
10,Incident response,730.46,181.67000000000002,0.2487062946636366,scenario
10,Incident response (Industrial Control Systems),730.46,271.67,0.3719163266982449,scenario
10,Network Monitoring & Intrusion Detection,730.46,163.06,0.2232291980395915,scenario
10,Secure Operations,730.46,238.83,0.3269583550091723,scenario
10,Secure Operations (Industrial control systems),730.46,298.83000000000004,0.4090983763655779,scenario
10,Secure System Architecture & Design,730.46,178.7,0.24464036360649452,scenario
10,Secure System Architecture & Design (Industrial Control Systems),730.46,268.7,0.36785039564110283,scenario
10,Secure System Development,730.46,178.7,0.24464036360649452,scenario
10,Secure System Development (Industrial Control Systems),730.46,268.7,0.36785039564110283,scenario
10,Security Testing,730.46,231.57,0.3170194124250472,scenario
10,Vulnerability Management,730.46,207.42,0.28395805382909395,scenario
11,Cryptography & Communications Security (Cryptographer),1233.34,391.4,0.3173496359479138,scenario
11,Cryptography & Communications Security (Secure Communications Operator),1233.34,361.4,0.29302544310571293,scenario
11,Cyber Security Audit & Assurance,1233.34,209.67999999999998,0.1700098918384225,scenario
11,Cyber Security Governance & Risk Management,1233.34,170.89999999999998,0.1385668185577375,scenario
11,Cyber Security Governance & Risk Management (Industrial Control Systems),1233.34,230.89999999999998,0.18721520424213922,scenario
11,Cyber Security Management,1233.34,606.56,0.4918027470121783,scenario
11,Cyber Threat Intelligence,1233.34,293.29,0.2378014172896363,scenario
11,Data Protection & Privacy,1233.34,177.20999999999998,0.14368300711888043,scenario
11,Digital Forensics,1233.34,361.26,0.2929119302057827,scenario
11,Digital Forensics (Industrial Control Systems),1233.34,451.26,0.36588450873238526,scenario
11,Identity & Access Management,1233.34,354.55999999999995,0.28747952713769115,scenario
11,Incident response,1233.34,201.62,0.1634747920281512,scenario
11,Incident response (Industrial Control Systems),1233.34,291.62,0.2364473705547538,scenario
11,Network Monitoring & Intrusion Detection,1233.34,218.31,0.17700715131269562,scenario
11,Secure Operations,1233.34,369.40999999999997,0.29952000259458056,scenario
11,Secure Operations (Industrial control systems),1233.34,429.40999999999997,0.3481683882789823,scenario
11,Secure System Architecture & Design,1233.34,301.5,0.2444581380641186,scenario
11,Secure System Architecture & Design (Industrial Control Systems),1233.34,391.5,0.31743071659072114,scenario
11,Secure System Development,1233.34,301.5,0.2444581380641186,scenario
11,Secure System Development (Industrial Control Systems),1233.34,391.5,0.31743071659072114,scenario
11,Security Testing,1233.34,309.21000000000004,0.25070945562456426,scenario
11,Vulnerability Management,1233.34,234.09,0.18980167674769327,scenario
12,Cryptography & Communications Security (Cryptographer),315.79,131.37,0.4160043066594889,scenario
12,Cryptography & Communications Security (Secure Communications Operator),315.79,131.37,0.4160043066594889,scenario
12,Cyber Security Audit & Assurance,315.79,164.20999999999998,0.5199974666708888,scenario
12,Cyber Security Governance & Risk Management,315.79,147.75,0.46787422020963293,scenario
12,Cyber Security Governance & Risk Management (Industrial Control Systems),315.79,148.3,0.4696158839735267,scenario
12,Cyber Security Management,315.79,302.77,0.958770068716552,scenario
12,Cyber Threat Intelligence,315.79,123.65,0.39155768073719877,scenario
12,Data Protection & Privacy,315.79,142.04,0.44979258367902714,scenario
12,Digital Forensics,315.79,103.94,0.32914278476202535,scenario
12,Digital Forensics (Industrial Control Systems),315.79,104.49,0.3308844485259191,scenario
12,Identity & Access Management,315.79,153.93,0.48744418759302066,scenario
12,Incident response,315.79,77.74000000000001,0.24617625637290605,scenario
12,Incident response (Industrial Control Systems),315.79,78.29,0.24791792013679978,scenario
12,Network Monitoring & Intrusion Detection,315.79,54.870000000000005,0.173754710408816,scenario
12,Secure Operations,315.79,95.07,0.3010544982425029,scenario
12,Secure Operations (Industrial control systems),315.79,95.61999999999999,0.3027961620063966,scenario
12,Secure System Architecture & Design,315.79,65.94000000000001,0.20880965198391338,scenario
12,Secure System Architecture & Design (Industrial Control Systems),315.79,66.49000000000001,0.2105513157478071,scenario
12,Secure System Development,315.79,65.94000000000001,0.20880965198391338,scenario
12,Secure System Development (Industrial Control Systems),315.79,66.49000000000001,0.2105513157478071,scenario
12,Security Testing,315.79,91.77000000000001,0.2906045156591406,scenario
12,Vulnerability Management,315.79,87.89000000000001,0.2783178694702176,scenario
13,Cryptography & Communications Security (Cryptographer),1400.32,351.61,0.25109260740402195,scenario
13,Cryptography & Communications Security (Secure Communications Operator),1400.32,351.61,0.25109260740402195,scenario
13,Cyber Security Audit & Assurance,1400.32,316.03999999999996,0.22569127056672758,scenario
13,Cyber Security Governance & Risk Management,1400.32,196.04,0.13999657221206582,scenario
13,Cyber Security Governance & Risk Management (Industrial Control Systems),1400.32,198.45,0.14171760740402192,scenario
13,Cyber Security Management,1400.32,723.2499999999998,0.5164890882084093,scenario
13,Cyber Threat Intelligence,1400.32,420,0.2999314442413163,scenario
13,Data Protection & Privacy,1400.32,316.03999999999996,0.22569127056672758,scenario
13,Digital Forensics,1400.32,429.48,0.3067013254113346,scenario
13,Digital Forensics (Industrial Control Systems),1400.32,431.89000000000004,0.3084223606032907,scenario
13,Identity & Access Management,1400.32,438.87,0.31340693555758686,scenario
13,Incident response,1400.32,303.79,0.21694327010968925,scenario
13,Incident response (Industrial Control Systems),1400.32,306.20000000000005,0.21866430530164538,scenario
13,Network Monitoring & Intrusion Detection,1400.32,270,0.19281307129798905,scenario
13,Secure Operations,1400.32,420,0.2999314442413163,scenario
13,Secure Operations (Industrial control systems),1400.32,422.41,0.30165247943327245,scenario
13,Secure System Architecture & Design,1400.32,303.76000000000005,0.2169218464351006,scenario
13,Secure System Architecture & Design (Industrial Control Systems),1400.32,306.1700000000001,0.21864288162705672,scenario
13,Secure System Development,1400.32,303.76000000000005,0.2169218464351006,scenario
13,Secure System Development (Industrial Control Systems),1400.32,306.1700000000001,0.21864288162705672,scenario
13,Security Testing,1400.32,417.14,0.29788905393053017,scenario
13,Vulnerability Management,1400.32,390,0.27850776965265084,scenario
14,Cryptography & Communications Security (Cryptographer),1003.5799999999999,252.57,0.2516690248908906,scenario
14,Cryptography & Communications Security (Secure Communications Operator),1003.5799999999999,252.57,0.2516690248908906,scenario
14,Cyber Security Audit & Assurance,1003.5799999999999,308.78999999999996,0.3076884752585743,scenario
14,Cyber Security Governance & Risk Management,1003.5799999999999,234.72,0.23388269993423547,scenario
14,Cyber Security Governance & Risk Management (Industrial Control Systems),1003.5799999999999,290.28,0.2892445046732697,scenario
14,Cyber Security Management,1003.5799999999999,662.8399999999999,0.6604754977181689,scenario
14,Cyber Threat Intelligence,1003.5799999999999,368.03,0.3667171525937145,scenario
14,Data Protection & Privacy,1003.5799999999999,211.67,0.21091492457003927,scenario
14,Digital Forensics,1003.5799999999999,332.13,0.330945216126268,scenario
14,Digital Forensics (Industrial Control Systems),1003.5799999999999,387.69,0.3863070208653022,scenario
14,Identity & Access Management,1003.5799999999999,327.64,0.32647123298591046,scenario
14,Incident response,1003.5799999999999,305.08000000000004,0.303991709679348,scenario
14,Incident response (Industrial Control Systems),1003.5799999999999,360.64000000000004,0.35935351441838226,scenario
14,Network Monitoring & Intrusion Detection,1003.5799999999999,270,0.2690368480838598,scenario
14,Secure Operations,1003.5799999999999,346.73,0.34549313457821007,scenario
14,Secure Operations (Industrial control systems),1003.5799999999999,402.29,0.4008549393172443,scenario
14,Secure System Architecture & Design,1003.5799999999999,282.05,0.2810438629705654,scenario
14,Secure System Architecture & Design (Industrial Control Systems),1003.5799999999999,337.61,0.3364056677095997,scenario
14,Secure System Development,1003.5799999999999,282.05,0.2810438629705654,scenario
14,Secure System Development (Industrial Control Systems),1003.5799999999999,337.61,0.3364056677095997,scenario
14,Security Testing,1003.5799999999999,340.96,0.3397437174913809,scenario
14,Vulnerability Management,1003.5799999999999,375.99,0.374648757448335,scenario
15,Cryptography & Communications Security (Cryptographer),836.63,151.91,0.18157369446469765,scenario
15,Cryptography & Communications Security (Secure Communications Operator),836.63,151.91,0.18157369446469765,scenario
15,Cyber Security Audit & Assurance,836.63,192.06,0.22956384542748887,scenario
15,Cyber Security Governance & Risk Management,836.63,127.94,0.15292303646773364,scenario
15,Cyber Security Governance & Risk Management (Industrial Control Systems),836.63,168.13,0.20096099829076175,scenario
15,Cyber Security Management,836.63,560.0999999999999,0.6694715704672315,scenario
15,Cyber Threat Intelligence,836.63,339.04,0.40524485136798827,scenario
15,Data Protection & Privacy,836.63,162.06,0.19370570024981174,scenario
15,Digital Forensics,836.63,319.96,0.3824390710349856,scenario
15,Digital Forensics (Industrial Control Systems),836.63,360.15,0.4304770328580137,scenario
15,Identity & Access Management,836.63,320.33,0.3828813214921769,scenario
15,Incident response,836.63,253.53,0.30303718489654924,scenario
15,Incident response (Industrial Control Systems),836.63,293.72,0.3510751467195774,scenario
15,Network Monitoring & Intrusion Detection,836.63,175.97,0.2103319268971947,scenario
15,Secure Operations,836.63,283.34999999999997,0.33868018120316024,scenario
15,Secure Operations (Industrial control systems),836.63,323.53999999999996,0.38671814302618834,scenario
15,Secure System Architecture & Design,836.63,219.68,0.2625772444210703,scenario
15,Secure System Architecture & Design (Industrial Control Systems),836.63,259.87,0.31061520624409833,scenario
15,Secure System Development,836.63,219.68,0.2625772444210703,scenario
15,Secure System Development (Industrial Control Systems),836.63,259.87,0.31061520624409833,scenario
15,Security Testing,836.63,289.46,0.3459832901043472,scenario
15,Vulnerability Management,836.63,297.42,0.35549765129149086,scenario
16,Cryptography & Communications Security (Cryptographer),337.25,101.14999999999999,0.29992587101556706,scenario
16,Cryptography & Communications Security (Secure Communications Operator),337.25,101.14999999999999,0.29992587101556706,scenario
16,Cyber Security Audit & Assurance,337.25,85.78999999999999,0.25438102297998516,scenario
16,Cyber Security Governance & Risk Management,337.25,55.79,0.16542624166048925,scenario
16,Cyber Security Governance & Risk Management (Industrial Control Systems),337.25,55.79,0.16542624166048925,scenario
16,Cyber Security Management,337.25,247.91,0.7350926612305412,scenario
16,Cyber Threat Intelligence,337.25,220.29,0.6531949592290586,scenario
16,Data Protection & Privacy,337.25,25.79,0.07647146034099332,scenario
16,Digital Forensics,337.25,132.12,0.39175685693106005,scenario
16,Digital Forensics (Industrial Control Systems),337.25,132.12,0.39175685693106005,scenario
16,Identity & Access Management,337.25,55.79,0.16542624166048925,scenario
16,Incident response,337.25,224.5,0.6656782802075611,scenario
16,Incident response (Industrial Control Systems),337.25,224.5,0.6656782802075611,scenario
16,Network Monitoring & Intrusion Detection,337.25,223.53,0.6628020756115641,scenario
16,Secure Operations,337.25,222.12,0.6586212008895478,scenario
16,Secure Operations (Industrial control systems),337.25,222.12,0.6586212008895478,scenario
16,Secure System Architecture & Design,337.25,90.74,0.269058561897702,scenario
16,Secure System Architecture & Design (Industrial Control Systems),337.25,90.74,0.269058561897702,scenario
16,Secure System Development,337.25,90.74,0.269058561897702,scenario
16,Secure System Development (Industrial Control Systems),337.25,90.74,0.269058561897702,scenario
16,Security Testing,337.25,133.53,0.39593773165307633,scenario
16,Vulnerability Management,337.25,227.94,0.67587842846553,scenario
17,Cryptography & Communications Security (Cryptographer),11.8,11.8,1,scenario
17,Cryptography & Communications Security (Secure Communications Operator),11.8,11.8,1,scenario
17,Cyber Security Audit & Assurance,11.8,11.8,1,scenario
17,Cyber Security Governance & Risk Management,11.8,11.8,1,scenario
17,Cyber Security Governance & Risk Management (Industrial Control Systems),11.8,11.8,1,scenario
17,Cyber Security Management,11.8,11.8,1,scenario
17,Cyber Threat Intelligence,11.8,11.8,1,scenario
17,Data Protection & Privacy,11.8,11.8,1,scenario
17,Digital Forensics,11.8,11.8,1,scenario
17,Digital Forensics (Industrial Control Systems),11.8,11.8,1,scenario
17,Identity & Access Management,11.8,11.8,1,scenario
17,Incident response,11.8,0,0,scenario
17,Incident response (Industrial Control Systems),11.8,0,0,scenario
17,Network Monitoring & Intrusion Detection,11.8,0,0,scenario
17,Secure Operations,11.8,0,0,scenario
17,Secure Operations (Industrial control systems),11.8,0,0,scenario
17,Secure System Architecture & Design,11.8,0,0,scenario
17,Secure System Architecture & Design (Industrial Control Systems),11.8,0,0,scenario
17,Secure System Development,11.8,0,0,scenario
17,Secure System Development (Industrial Control Systems),11.8,0,0,scenario
17,Security Testing,11.8,11.8,1,scenario
17,Vulnerability Management,11.8,0,0,scenario
18,Cryptography & Communications Security (Cryptographer),472.44999999999993,101.48,0.21479521642501856,scenario
18,Cryptography & Communications Security (Secure Communications Operator),472.44999999999993,101.48,0.21479521642501856,scenario
18,Cyber Security Audit & Assurance,472.44999999999993,239.24999999999997,0.5064027939464494,scenario
18,Cyber Security Governance & Risk Management,472.44999999999993,204.85999999999999,0.43361202243623664,scenario
18,Cyber Security Governance & Risk Management (Industrial Control Systems),472.44999999999993,230.1,0.48703566514975133,scenario
18,Cyber Security Management,472.44999999999993,416.45,0.8814689385120119,scenario
18,Cyber Threat Intelligence,472.44999999999993,219.53999999999996,0.4646840935548735,scenario
18,Data Protection & Privacy,472.44999999999993,156.95000000000002,0.33220446608106685,scenario
18,Digital Forensics,472.44999999999993,212.72,0.45024870356651503,scenario
18,Digital Forensics (Industrial Control Systems),472.44999999999993,237.96,0.5036723462800298,scenario
18,Identity & Access Management,472.44999999999993,183.79000000000002,0.3890147105513812,scenario
18,Incident response,472.44999999999993,184.42000000000002,0.3903481849931211,scenario
18,Incident response (Industrial Control Systems),472.44999999999993,209.66000000000003,0.44377182770663576,scenario
18,Network Monitoring & Intrusion Detection,472.44999999999993,114.09,0.2414858715207959,scenario
18,Secure Operations,472.44999999999993,133.3,0.28214625886337186,scenario
18,Secure Operations (Industrial control systems),472.44999999999993,158.54000000000002,0.33556990157688654,scenario
18,Secure System Architecture & Design,472.44999999999993,91.87,0.1944544396232406,scenario
18,Secure System Architecture & Design (Industrial Control Systems),472.44999999999993,117.11,0.24787808233675523,scenario
18,Secure System Development,472.44999999999993,91.87,0.1944544396232406,scenario
18,Secure System Development (Industrial Control Systems),472.44999999999993,117.11,0.24787808233675523,scenario
18,Security Testing,472.44999999999993,184.74,0.391025505344481,scenario
18,Vulnerability Management,472.44999999999993,198.86,0.420912265848238,scenario
19,Cryptography & Communications Security (Cryptographer),96.3,35.94,0.373208722741433,scenario
19,Cryptography & Communications Security (Secure Communications Operator),96.3,35.94,0.373208722741433,scenario
19,Cyber Security Audit & Assurance,96.3,17.97,0.1866043613707165,scenario
19,Cyber Security Governance & Risk Management,96.3,17.97,0.1866043613707165,scenario
19,Cyber Security Governance & Risk Management (Industrial Control Systems),96.3,17.97,0.1866043613707165,scenario
19,Cyber Security Management,96.3,65.94,0.6847352024922119,scenario
19,Cyber Threat Intelligence,96.3,47.97,0.4981308411214953,scenario
19,Data Protection & Privacy,96.3,17.97,0.1866043613707165,scenario
19,Digital Forensics,96.3,78.33,0.8133956386292835,scenario
19,Digital Forensics (Industrial Control Systems),96.3,78.33,0.8133956386292835,scenario
19,Identity & Access Management,96.3,35.94,0.373208722741433,scenario
19,Incident response,96.3,30,0.31152647975077885,scenario
19,Incident response (Industrial Control Systems),96.3,30,0.31152647975077885,scenario
19,Network Monitoring & Intrusion Detection,96.3,0,0,scenario
19,Secure Operations,96.3,47.97,0.4981308411214953,scenario
19,Secure Operations (Industrial control systems),96.3,47.97,0.4981308411214953,scenario
19,Secure System Architecture & Design,96.3,17.97,0.1866043613707165,scenario
19,Secure System Architecture & Design (Industrial Control Systems),96.3,17.97,0.1866043613707165,scenario
19,Secure System Development,96.3,17.97,0.1866043613707165,scenario
19,Secure System Development (Industrial Control Systems),96.3,17.97,0.1866043613707165,scenario
19,Security Testing,96.3,17.97,0.1866043613707165,scenario
19,Vulnerability Management,96.3,0,0,scenario
20,Cryptography & Communications Security (Cryptographer),235.79999999999998,30,0.1272264631043257,scenario
20,Cryptography & Communications Security (Secure Communications Operator),235.79999999999998,30,0.1272264631043257,scenario
20,Cyber Security Audit & Assurance,235.79999999999998,139.93,0.5934266327396099,scenario
20,Cyber Security Governance & Risk Management,235.79999999999998,84.83,0.35975402883799834,scenario
20,Cyber Security Governance & Risk Management (Industrial Control Systems),235.79999999999998,84.83,0.35975402883799834,scenario
20,Cyber Security Management,235.79999999999998,180.52999999999997,0.7656064461407972,scenario
20,Cyber Threat Intelligence,235.79999999999998,49.93,0.21174724342663276,scenario
20,Data Protection & Privacy,235.79999999999998,70.6,0.29940627650551316,scenario
20,Digital Forensics,235.79999999999998,79.93,0.3389737065309585,scenario
20,Digital Forensics (Industrial Control Systems),235.79999999999998,79.93,0.3389737065309585,scenario
20,Identity & Access Management,235.79999999999998,135.8,0.5759117896522478,scenario
20,Incident response,235.79999999999998,79.93,0.3389737065309585,scenario
20,Incident response (Industrial Control Systems),235.79999999999998,79.93,0.3389737065309585,scenario
20,Network Monitoring & Intrusion Detection,235.79999999999998,49.93,0.21174724342663276,scenario
20,Secure Operations,235.79999999999998,54.83,0.23252756573367261,scenario
20,Secure Operations (Industrial control systems),235.79999999999998,54.83,0.23252756573367261,scenario
20,Secure System Architecture & Design,235.79999999999998,45.27,0.19198473282442752,scenario
20,Secure System Architecture & Design (Industrial Control Systems),235.79999999999998,45.27,0.19198473282442752,scenario
20,Secure System Development,235.79999999999998,45.27,0.19198473282442752,scenario
20,Secure System Development (Industrial Control Systems),235.79999999999998,45.27,0.19198473282442752,scenario
20,Security Testing,235.79999999999998,70.37,0.29843087362171333,scenario
20,Vulnerability Management,235.79999999999998,95.2,0.4037319762510603,scenario
21,Cryptography & Communications Security (Cryptographer),936.8899999999999,245.65000000000003,0.2621972696901451,scenario
21,Cryptography & Communications Security (Secure Communications Operator),936.8899999999999,245.65000000000003,0.2621972696901451,scenario
21,Cyber Security Audit & Assurance,936.8899999999999,335.71,0.35832381602963,scenario
21,Cyber Security Governance & Risk Management,936.8899999999999,240,0.2561666791192136,scenario
21,Cyber Security Governance & Risk Management (Industrial Control Systems),936.8899999999999,246.31,0.26290172805772294,scenario
21,Cyber Security Management,936.8899999999999,704.99,0.75247894630106,scenario
21,Cyber Threat Intelligence,936.8899999999999,317.8,0.3392073776003587,scenario
21,Data Protection & Privacy,936.8899999999999,247.75,0.2644387281324382,scenario
21,Digital Forensics,936.8899999999999,294.21000000000004,0.314028327765266,scenario
21,Digital Forensics (Industrial Control Systems),936.8899999999999,300.52000000000004,0.32076337670377536,scenario
21,Identity & Access Management,936.8899999999999,350.82,0.37445164320251045,scenario
21,Incident response,936.8899999999999,287.8,0.307186542710457,scenario
21,Incident response (Industrial Control Systems),936.8899999999999,294.11,0.3139215916489663,scenario
21,Network Monitoring & Intrusion Detection,936.8899999999999,221.49000000000004,0.2364098239921443,scenario
21,Secure Operations,936.8899999999999,301.83000000000004,0.32216161982730107,scenario
21,Secure Operations (Industrial control systems),936.8899999999999,308.14000000000004,0.32889666876581036,scenario
21,Secure System Architecture & Design,936.8899999999999,288.3,0.30772022329195536,scenario
21,Secure System Architecture & Design (Industrial Control Systems),936.8899999999999,294.61,0.31445527223046466,scenario
21,Secure System Development,936.8899999999999,288.3,0.30772022329195536,scenario
21,Secure System Development (Industrial Control Systems),936.8899999999999,294.61,0.31445527223046466,scenario
21,Security Testing,936.8899999999999,329.64,0.35184493377023984,scenario
21,Vulnerability Management,936.8899999999999,330,0.3522291837889187,scenario
22,Cryptography & Communications Security (Cryptographer),733.67,200.57,0.27337903962271864,scenario
22,Cryptography & Communications Security (Secure Communications Operator),733.67,200.57,0.27337903962271864,scenario
22,Cyber Security Audit & Assurance,733.67,110.88,0.15113061730750882,scenario
22,Cyber Security Governance & Risk Management,733.67,57.2,0.07796420734117519,scenario
22,Cyber Security Governance & Risk Management (Industrial Control Systems),733.67,117.2,0.159744844412338,scenario
22,Cyber Security Management,733.67,414.38999999999993,0.5648179699319857,scenario
22,Cyber Threat Intelligence,733.67,132.32,0.180353564954271,scenario
22,Data Protection & Privacy,733.67,100,0.13630106178527132,scenario
22,Digital Forensics,733.67,220.76999999999998,0.3009118541033435,scenario
22,Digital Forensics (Industrial Control Systems),733.67,304.19,0.4146141998446168,scenario
22,Identity & Access Management,733.67,230.78,0.31455559038804914,scenario
22,Incident response,733.67,144.24,0.19660065151907535,scenario
22,Incident response (Industrial Control Systems),733.67,227.66000000000003,0.3103029972603487,scenario
22,Network Monitoring & Intrusion Detection,733.67,152.17000000000002,0.20740932571864737,scenario
22,Secure Operations,733.67,202.22,0.27562800714217567,scenario
22,Secure Operations (Industrial control systems),733.67,262.22,0.35740864421333846,scenario
22,Secure System Architecture & Design,733.67,336.32000000000005,0.45840773099622456,scenario
22,Secure System Architecture & Design (Industrial Control Systems),733.67,419.74000000000007,0.5721100767374979,scenario
22,Secure System Development,733.67,336.32000000000005,0.45840773099622456,scenario
22,Secure System Development (Industrial Control Systems),733.67,419.74000000000007,0.5721100767374979,scenario
22,Security Testing,733.67,354.09000000000003,0.48262842967546726,scenario
22,Vulnerability Management,733.67,195.23,0.2661005629233852,scenario
23,Cryptography & Communications Security (Cryptographer),121.67,48.660000000000004,0.39993424837675684,scenario
23,Cryptography & Communications Security (Secure Communications Operator),121.67,48.660000000000004,0.39993424837675684,scenario
23,Cyber Security Audit & Assurance,121.67,45.54,0.37429111531190923,scenario
23,Cyber Security Governance & Risk Management,121.67,41.15,0.3382099120572039,scenario
23,Cyber Security Governance & Risk Management (Industrial Control Systems),121.67,43.62,0.35851072573354154,scenario
23,Cyber Security Management,121.67,113.39999999999999,0.9320292594723432,scenario
23,Cyber Threat Intelligence,121.67,45.08,0.3705103969754253,scenario
23,Data Protection & Privacy,121.67,79.7,0.6550505465603682,scenario
23,Digital Forensics,121.67,20.3,0.166844743979617,scenario
23,Digital Forensics (Industrial Control Systems),121.67,22.77,0.18714555765595461,scenario
23,Identity & Access Management,121.67,87.24,0.7170214514670831,scenario
23,Incident response,121.67,19.060000000000002,0.1566532423769212,scenario
23,Incident response (Industrial Control Systems),121.67,21.53,0.1769540560532588,scenario
23,Network Monitoring & Intrusion Detection,121.67,9.46,0.07775129448508261,scenario
23,Secure Operations,121.67,59.800000000000004,0.4914933837429112,scenario
23,Secure Operations (Industrial control systems),121.67,62.27,0.5117941974192488,scenario
23,Secure System Architecture & Design,121.67,20.58,0.16914605079312894,scenario
23,Secure System Architecture & Design (Industrial Control Systems),121.67,23.049999999999997,0.18944686446946657,scenario
23,Secure System Development,121.67,20.58,0.16914605079312894,scenario
23,Secure System Development (Industrial Control Systems),121.67,23.049999999999997,0.18944686446946657,scenario
23,Security Testing,121.67,17.419999999999998,0.1431741596120654,scenario
23,Vulnerability Management,121.67,42.07,0.3457713487301718,scenario
24,Cryptography & Communications Security (Cryptographer),846.37,158.99,0.18784928577336155,scenario
24,Cryptography & Communications Security (Secure Communications Operator),846.37,158.99,0.18784928577336155,scenario
24,Cyber Security Audit & Assurance,846.37,317.41999999999996,0.3750369223861904,scenario
24,Cyber Security Governance & Risk Management,846.37,219.79,0.2596854803454754,scenario
24,Cyber Security Governance & Risk Management (Industrial Control Systems),846.37,235.64999999999998,0.2784243297848458,scenario
24,Cyber Security Management,846.37,571.5,0.6752365986507083,scenario
24,Cyber Threat Intelligence,846.37,420,0.4962368703994707,scenario
24,Data Protection & Privacy,846.37,243.54,0.28774649385020734,scenario
24,Digital Forensics,846.37,361.94,0.42763803064853434,scenario
24,Digital Forensics (Industrial Control Systems),846.37,377.8,0.4463768800879048,scenario
24,Identity & Access Management,846.37,226.81,0.26797972517929514,scenario
24,Incident response,846.37,330,0.3899003981710127,scenario
24,Incident response (Industrial Control Systems),846.37,345.86,0.40863924761038317,scenario
24,Network Monitoring & Intrusion Detection,846.37,251.28,0.29689143046185473,scenario
24,Secure Operations,846.37,305.13,0.3605160863452154,scenario
24,Secure Operations (Industrial control systems),846.37,320.99,0.37925493578458597,scenario
24,Secure System Architecture & Design,846.37,110,0.12996679939033756,scenario
24,Secure System Architecture & Design (Industrial Control Systems),846.37,125.86,0.14870564882970805,scenario
24,Secure System Development,846.37,110,0.12996679939033756,scenario
24,Secure System Development (Industrial Control Systems),846.37,125.86,0.14870564882970805,scenario
24,Security Testing,846.37,281.57,0.3326795609485213,scenario
24,Vulnerability Management,846.37,305.43,0.3608705412526437,scenario
25,Cryptography & Communications Security (Cryptographer),0,0,NA,scenario
25,Cryptography & Communications Security (Secure Communications Operator),0,0,NA,scenario
25,Cyber Security Audit & Assurance,0,0,NA,scenario
25,Cyber Security Governance & Risk Management,0,0,NA,scenario
25,Cyber Security Governance & Risk Management (Industrial Control Systems),0,0,NA,scenario
25,Cyber Security Management,0,0,NA,scenario
25,Cyber Threat Intelligence,0,0,NA,scenario
25,Data Protection & Privacy,0,0,NA,scenario
25,Digital Forensics,0,0,NA,scenario
25,Digital Forensics (Industrial Control Systems),0,0,NA,scenario
25,Identity & Access Management,0,0,NA,scenario
25,Incident response,0,0,NA,scenario
25,Incident response (Industrial Control Systems),0,0,NA,scenario
25,Network Monitoring & Intrusion Detection,0,0,NA,scenario
25,Secure Operations,0,0,NA,scenario
25,Secure Operations (Industrial control systems),0,0,NA,scenario
25,Secure System Architecture & Design,0,0,NA,scenario
25,Secure System Architecture & Design (Industrial Control Systems),0,0,NA,scenario
25,Secure System Development,0,0,NA,scenario
25,Secure System Development (Industrial Control Systems),0,0,NA,scenario
25,Security Testing,0,0,NA,scenario
25,Vulnerability Management,0,0,NA,scenario
26,Cryptography & Communications Security (Cryptographer),606.5899999999999,52.35,0.08630211510245801,scenario
26,Cryptography & Communications Security (Secure Communications Operator),606.5899999999999,52.35,0.08630211510245801,scenario
26,Cyber Security Audit & Assurance,606.5899999999999,259.90999999999997,0.42847722514383685,scenario
26,Cyber Security Governance & Risk Management,606.5899999999999,199.91,0.3295636261725383,scenario
26,Cyber Security Governance & Risk Management (Industrial Control Systems),606.5899999999999,199.91,0.3295636261725383,scenario
26,Cyber Security Management,606.5899999999999,424.03999999999996,0.6990553751298242,scenario
26,Cyber Threat Intelligence,606.5899999999999,387.02,0.6380256845645329,scenario
26,Data Protection & Privacy,606.5899999999999,143.18,0.23604081834517554,scenario
26,Digital Forensics,606.5899999999999,264.04,0.435285777873028,scenario
26,Digital Forensics (Industrial Control Systems),606.5899999999999,264.04,0.435285777873028,scenario
26,Identity & Access Management,606.5899999999999,225.82,0.3722778153283108,scenario
26,Incident response,606.5899999999999,270,0.44511119537084365,scenario
26,Incident response (Industrial Control Systems),606.5899999999999,270,0.44511119537084365,scenario
26,Network Monitoring & Intrusion Detection,606.5899999999999,180,0.29674079691389577,scenario
26,Secure Operations,606.5899999999999,202.35,0.33358611253070447,scenario
26,Secure Operations (Industrial control systems),606.5899999999999,202.35,0.33358611253070447,scenario
26,Secure System Architecture & Design,606.5899999999999,101.44,0.1672299246608088,scenario
26,Secure System Architecture & Design (Industrial Control Systems),606.5899999999999,101.44,0.1672299246608088,scenario
26,Secure System Development,606.5899999999999,101.44,0.1672299246608088,scenario
26,Secure System Development (Industrial Control Systems),606.5899999999999,101.44,0.1672299246608088,scenario
26,Security Testing,606.5899999999999,256.11,0.422212697208988,scenario
26,Vulnerability Management,606.5899999999999,297.31,0.490133368502613,scenario
27,Cryptography & Communications Security (Cryptographer),814.7600000000001,181.36,0.22259315626687612,scenario
27,Cryptography & Communications Security (Secure Communications Operator),814.7600000000001,181.36,0.22259315626687612,scenario
27,Cyber Security Audit & Assurance,814.7600000000001,116.32,0.14276596789238546,scenario
27,Cyber Security Governance & Risk Management,814.7600000000001,75.72,0.09293534292306936,scenario
27,Cyber Security Governance & Risk Management (Industrial Control Systems),814.7600000000001,107.67,0.13214934459227257,scenario
27,Cyber Security Management,814.7600000000001,441.63,0.5420369188472678,scenario
27,Cyber Threat Intelligence,814.7600000000001,302.74,0.37156954195100395,scenario
27,Data Protection & Privacy,814.7600000000001,110.03,0.13504590308802591,scenario
27,Digital Forensics,814.7600000000001,315.37,0.38707103932446363,scenario
27,Digital Forensics (Industrial Control Systems),814.7600000000001,347.32,0.42628504099366676,scenario
27,Identity & Access Management,814.7600000000001,279.31,0.34281260739358826,scenario
27,Incident response,814.7600000000001,235.20999999999998,0.2886862388924345,scenario
27,Incident response (Industrial Control Systems),814.7600000000001,267.15999999999997,0.3279002405616377,scenario
27,Network Monitoring & Intrusion Detection,814.7600000000001,201,0.24669841425695907,scenario
27,Secure Operations,814.7600000000001,323.03999999999996,0.39648485443566195,scenario
27,Secure Operations (Industrial control systems),814.7600000000001,354.98999999999995,0.43569885610486514,scenario
27,Secure System Architecture & Design,814.7600000000001,192.18,0.23587314055672834,scenario
27,Secure System Architecture & Design (Industrial Control Systems),814.7600000000001,224.13,0.2750871422259315,scenario
27,Secure System Development,814.7600000000001,192.18,0.23587314055672834,scenario
27,Secure System Development (Industrial Control Systems),814.7600000000001,224.13,0.2750871422259315,scenario
27,Security Testing,814.7600000000001,288.86,0.35453385045903085,scenario
27,Vulnerability Management,814.7600000000001,261.12,0.3204870145809809,scenario
28,Cryptography & Communications Security (Cryptographer),1777.9900000000005,423.71,0.23830842693153498,scenario
28,Cryptography & Communications Security (Secure Communications Operator),1777.9900000000005,402.03,0.2261148825358972,scenario
28,Cyber Security Audit & Assurance,1777.9900000000005,360,0.2024758294478596,scenario
28,Cyber Security Governance & Risk Management,1777.9900000000005,240,0.13498388629857308,scenario
28,Cyber Security Governance & Risk Management (Industrial Control Systems),1777.9900000000005,300,0.16872985787321634,scenario
28,Cyber Security Management,1777.9900000000005,858.7,0.4829610965191029,scenario
28,Cyber Threat Intelligence,1777.9900000000005,398.37,0.22405637826984398,scenario
28,Data Protection & Privacy,1777.9900000000005,317.58,0.17861742754458682,scenario
28,Digital Forensics,1777.9900000000005,468.86,0.26370227054145406,scenario
28,Digital Forensics (Industrial Control Systems),1777.9900000000005,548.58,0.30853941810696345,scenario
28,Identity & Access Management,1777.9900000000005,496.78,0.2794053959808547,scenario
28,Incident response,1777.9900000000005,318.7,0.17924735234731348,scenario
28,Incident response (Industrial Control Systems),1777.9900000000005,398.41999999999996,0.22408449991282284,scenario
28,Network Monitoring & Intrusion Detection,1777.9900000000005,247.20999999999998,0.13903902721612602,scenario
28,Secure Operations,1777.9900000000005,400.85,0.2254512117615959,scenario
28,Secure Operations (Industrial control systems),1777.9900000000005,460.85,0.2591971833362392,scenario
28,Secure System Architecture & Design,1777.9900000000005,504.33,0.283651764070664,scenario
28,Secure System Architecture & Design (Industrial Control Systems),1777.9900000000005,584.05,0.32848891163617333,scenario
28,Secure System Development,1777.9900000000005,504.33,0.283651764070664,scenario
28,Secure System Development (Industrial Control Systems),1777.9900000000005,584.05,0.32848891163617333,scenario
28,Security Testing,1777.9900000000005,464.32,0.2611488253589727,scenario
28,Vulnerability Management,1777.9900000000005,373.33,0.20997305946602618,scenario
29,Cryptography & Communications Security (Cryptographer),1296.1300000000003,348.75,0.2690702321526389,scenario
29,Cryptography & Communications Security (Secure Communications Operator),1296.1300000000003,348.75,0.2690702321526389,scenario
29,Cyber Security Audit & Assurance,1296.1300000000003,315.14,0.24313919128482475,scenario
29,Cyber Security Governance & Risk Management,1296.1300000000003,198.75,0.15334110004397702,scenario
29,Cyber Security Governance & Risk Management (Industrial Control Systems),1296.1300000000003,258.75,0.19963275288744178,scenario
29,Cyber Security Management,1296.1300000000003,806.25,0.6220440850840577,scenario
29,Cyber Threat Intelligence,1296.1300000000003,419.17,0.3234012020399188,scenario
29,Data Protection & Privacy,1296.1300000000003,271.95,0.20981691651300402,scenario
29,Digital Forensics,1296.1300000000003,427.78,0.3300440542229559,scenario
29,Digital Forensics (Industrial Control Systems),1296.1300000000003,510.41999999999996,0.3938030907393547,scenario
29,Identity & Access Management,1296.1300000000003,389.03,0.3001473617615516,scenario
29,Incident response,1296.1300000000003,330,0.2546040906390562,scenario
29,Incident response (Industrial Control Systems),1296.1300000000003,412.64,0.318363127155455,scenario
29,Network Monitoring & Intrusion Detection,1296.1300000000003,261.81,0.2019936271824585,scenario
29,Secure Operations,1296.1300000000003,356.67,0.2751807303279763,scenario
29,Secure Operations (Industrial control systems),1296.1300000000003,416.67,0.32147238317144106,scenario
29,Secure System Architecture & Design,1296.1300000000003,312.78000000000003,0.24131838627298183,scenario
29,Secure System Architecture & Design (Industrial Control Systems),1296.1300000000003,395.42,0.3050774227893806,scenario
29,Secure System Development,1296.1300000000003,312.78000000000003,0.24131838627298183,scenario
29,Secure System Development (Industrial Control Systems),1296.1300000000003,395.42,0.3050774227893806,scenario
29,Security Testing,1296.1300000000003,395.7,0.3052934505026501,scenario
29,Vulnerability Management,1296.1300000000003,389.58,0.3005717019126167,scenario
30,Cryptography & Communications Security (Cryptographer),351.18999999999994,30,0.08542384464250122,scenario
30,Cryptography & Communications Security (Secure Communications Operator),351.18999999999994,30,0.08542384464250122,scenario
30,Cyber Security Audit & Assurance,351.18999999999994,240.6,0.6850992340328598,scenario
30,Cyber Security Governance & Risk Management,351.18999999999994,203.32999999999998,0.5789743443719925,scenario
30,Cyber Security Governance & Risk Management (Industrial Control Systems),351.18999999999994,263.33,0.7498220336569948,scenario
30,Cyber Security Management,351.18999999999994,300.59999999999997,0.8559469233178622,scenario
30,Cyber Threat Intelligence,351.18999999999994,173.92000000000002,0.4952305020074605,scenario
30,Data Protection & Privacy,351.18999999999994,166.35,0.47367521854266925,scenario
30,Digital Forensics,351.18999999999994,127.27000000000001,0.36239642358837104,scenario
30,Digital Forensics (Industrial Control Systems),351.18999999999994,204.86,0.5833309604487601,scenario
30,Identity & Access Management,351.18999999999994,127.9,0.36419032432586357,scenario
30,Incident response,351.18999999999994,113.92000000000002,0.324382812722458,scenario
30,Incident response (Industrial Control Systems),351.18999999999994,191.51000000000002,0.545317349582847,scenario
30,Network Monitoring & Intrusion Detection,351.18999999999994,83.92,0.23895896807995676,scenario
30,Secure Operations,351.18999999999994,103.02000000000001,0.2933454825023492,scenario
30,Secure Operations (Industrial control systems),351.18999999999994,163.02,0.4641931717873517,scenario
30,Secure System Architecture & Design,351.18999999999994,0,0,scenario
30,Secure System Architecture & Design (Industrial Control Systems),351.18999999999994,77.59,0.220934536860389,scenario
30,Secure System Development,351.18999999999994,0,0,scenario
30,Secure System Development (Industrial Control Systems),351.18999999999994,77.59,0.220934536860389,scenario
30,Security Testing,351.18999999999994,100.9,0.2873088641476125,scenario
30,Vulnerability Management,351.18999999999994,113.92000000000002,0.324382812722458,scenario
31,Cryptography & Communications Security (Cryptographer),0,0,NA,scenario
31,Cryptography & Communications Security (Secure Communications Operator),0,0,NA,scenario
31,Cyber Security Audit & Assurance,0,0,NA,scenario
31,Cyber Security Governance & Risk Management,0,0,NA,scenario
31,Cyber Security Governance & Risk Management (Industrial Control Systems),0,0,NA,scenario
31,Cyber Security Management,0,0,NA,scenario
31,Cyber Threat Intelligence,0,0,NA,scenario
31,Data Protection & Privacy,0,0,NA,scenario
31,Digital Forensics,0,0,NA,scenario
31,Digital Forensics (Industrial Control Systems),0,0,NA,scenario
31,Identity & Access Management,0,0,NA,scenario
31,Incident response,0,0,NA,scenario
31,Incident response (Industrial Control Systems),0,0,NA,scenario
31,Network Monitoring & Intrusion Detection,0,0,NA,scenario
31,Secure Operations,0,0,NA,scenario
31,Secure Operations (Industrial control systems),0,0,NA,scenario
31,Secure System Architecture & Design,0,0,NA,scenario
31,Secure System Architecture & Design (Industrial Control Systems),0,0,NA,scenario
31,Secure System Development,0,0,NA,scenario
31,Secure System Development (Industrial Control Systems),0,0,NA,scenario
31,Security Testing,0,0,NA,scenario
31,Vulnerability Management,0,0,NA,scenario
32,Cryptography & Communications Security (Cryptographer),765.3199999999999,71.85,0.0938822976010035,scenario
32,Cryptography & Communications Security (Secure Communications Operator),765.3199999999999,71.85,0.0938822976010035,scenario
32,Cyber Security Audit & Assurance,765.3199999999999,360,0.4703914702346731,scenario
32,Cyber Security Governance & Risk Management,765.3199999999999,240,0.31359431348978206,scenario
32,Cyber Security Governance & Risk Management (Industrial Control Systems),765.3199999999999,240,0.31359431348978206,scenario
32,Cyber Security Management,765.3199999999999,506.71,0.6620890607850312,scenario
32,Cyber Threat Intelligence,765.3199999999999,240.57999999999998,0.314352166414049,scenario
32,Data Protection & Privacy,765.3199999999999,269.31,0.3518920190247217,scenario
32,Digital Forensics,765.3199999999999,301.27,0.39365232843777764,scenario
32,Digital Forensics (Industrial Control Systems),765.3199999999999,301.27,0.39365232843777764,scenario
32,Identity & Access Management,765.3199999999999,309.53999999999996,0.4044582658234464,scenario
32,Incident response,765.3199999999999,164.86,0.2154131605080228,scenario
32,Incident response (Industrial Control Systems),765.3199999999999,164.86,0.2154131605080228,scenario
32,Network Monitoring & Intrusion Detection,765.3199999999999,104.86,0.1370145821355773,scenario
32,Secure Operations,765.3199999999999,112.95,0.14758532378612868,scenario
32,Secure Operations (Industrial control systems),765.3199999999999,112.95,0.14758532378612868,scenario
32,Secure System Architecture & Design,765.3199999999999,130.81,0.17092196728165998,scenario
32,Secure System Architecture & Design (Industrial Control Systems),765.3199999999999,130.81,0.17092196728165998,scenario
32,Secure System Development,765.3199999999999,130.81,0.17092196728165998,scenario
32,Secure System Development (Industrial Control Systems),765.3199999999999,130.81,0.17092196728165998,scenario
32,Security Testing,765.3199999999999,208.96,0.27303611561177027,scenario
32,Vulnerability Management,765.3199999999999,254.86,0.3330110280666911,scenario
33,Cryptography & Communications Security (Cryptographer),950.6699999999998,206.18,0.21687862244522288,scenario
33,Cryptography & Communications Security (Secure Communications Operator),950.6699999999998,206.18,0.21687862244522288,scenario
33,Cyber Security Audit & Assurance,950.6699999999998,239.97,0.2524219760800278,scenario
33,Cyber Security Governance & Risk Management,950.6699999999998,149.97,0.1577519012906687,scenario
33,Cyber Security Governance & Risk Management (Industrial Control Systems),950.6699999999998,161.16,0.16952254725614568,scenario
33,Cyber Security Management,950.6699999999998,538.7600000000001,0.5667161054835013,scenario
33,Cyber Threat Intelligence,950.6699999999998,344.57,0.3624496407796607,scenario
33,Data Protection & Privacy,950.6699999999998,180.64,0.19001335899944252,scenario
33,Digital Forensics,950.6699999999998,246,0.2587648710909149,scenario
33,Digital Forensics (Industrial Control Systems),950.6699999999998,257.19,0.27053551705639184,scenario
33,Identity & Access Management,950.6699999999998,318.64,0.3351741403431265,scenario
33,Incident response,950.6699999999998,289.37,0.30438532824218717,scenario
33,Incident response (Industrial Control Systems),950.6699999999998,300.56,0.3161559742076641,scenario
33,Network Monitoring & Intrusion Detection,950.6699999999998,260.19,0.27369118621603716,scenario
33,Secure Operations,950.6699999999998,376.63,0.39617322519907017,scenario
33,Secure Operations (Industrial control systems),950.6699999999998,387.82,0.40794387116454717,scenario
33,Secure System Architecture & Design,950.6699999999998,214.08000000000004,0.2251885512322889,scenario
33,Secure System Architecture & Design (Industrial Control Systems),950.6699999999998,225.27000000000004,0.23695919719776587,scenario
33,Secure System Development,950.6699999999998,214.08000000000004,0.2251885512322889,scenario
33,Secure System Development (Industrial Control Systems),950.6699999999998,225.27000000000004,0.23695919719776587,scenario
33,Security Testing,950.6699999999998,302.16,0.317838997759475,scenario
33,Vulnerability Management,950.6699999999998,311.06,0.32720081626642267,scenario
34,Cryptography & Communications Security (Cryptographer),574.6,111.64999999999999,0.19430908458057777,scenario
34,Cryptography & Communications Security (Secure Communications Operator),574.6,111.64999999999999,0.19430908458057777,scenario
34,Cyber Security Audit & Assurance,574.6,183.26999999999998,0.3189523146536721,scenario
34,Cyber Security Governance & Risk Management,574.6,102.3,0.17803689523146535,scenario
34,Cyber Security Governance & Risk Management (Industrial Control Systems),574.6,107.13,0.18644274277758438,scenario
34,Cyber Security Management,574.6,371.7399999999999,0.6469544030630001,scenario
34,Cyber Threat Intelligence,574.6,283.92,0.49411764705882355,scenario
34,Data Protection & Privacy,574.6,193.05,0.33597285067873306,scenario
34,Digital Forensics,574.6,286.28,0.49822485207100586,scenario
34,Digital Forensics (Industrial Control Systems),574.6,291.10999999999996,0.5066306996171248,scenario
34,Identity & Access Management,574.6,173.77,0.30241907413853114,scenario
34,Incident response,574.6,196.53000000000003,0.34202923773059524,scenario
34,Incident response (Industrial Control Systems),574.6,201.36000000000004,0.3504350852767143,scenario
34,Network Monitoring & Intrusion Detection,574.6,117.19,0.20395057431256525,scenario
34,Secure Operations,574.6,128.28,0.22325095718760876,scenario
34,Secure Operations (Industrial control systems),574.6,133.11,0.23165680473372782,scenario
34,Secure System Architecture & Design,574.6,63.73,0.11091193873999303,scenario
34,Secure System Architecture & Design (Industrial Control Systems),574.6,68.56,0.11931778628611207,scenario
34,Secure System Development,574.6,63.73,0.11091193873999303,scenario
34,Secure System Development (Industrial Control Systems),574.6,68.56,0.11931778628611207,scenario
34,Security Testing,574.6,188.47000000000003,0.32800208840932826,scenario
34,Vulnerability Management,574.6,155.04000000000002,0.2698224852071006,scenario
35,Cryptography & Communications Security (Cryptographer),719.94,197.85000000000002,0.2748145678806567,scenario
35,Cryptography & Communications Security (Secure Communications Operator),719.94,197.85000000000002,0.2748145678806567,scenario
35,Cyber Security Audit & Assurance,719.94,257.76,0.3580298358196516,scenario
35,Cyber Security Governance & Risk Management,719.94,172.78,0.23999222157402003,scenario
35,Cyber Security Governance & Risk Management (Industrial Control Systems),719.94,179.43,0.2492291024252021,scenario
35,Cyber Security Management,719.94,503.92,0.6999472178237075,scenario
35,Cyber Threat Intelligence,719.94,182.96,0.2541322888018446,scenario
35,Data Protection & Privacy,719.94,218.58,0.3036086340528377,scenario
35,Digital Forensics,719.94,217.01,0.3014278967691752,scenario
35,Digital Forensics (Industrial Control Systems),719.94,223.66,0.3106647776203572,scenario
35,Identity & Access Management,719.94,309.60999999999996,0.43004972636608596,scenario
35,Incident response,719.94,181.75,0.2524515931883212,scenario
35,Incident response (Industrial Control Systems),719.94,188.4,0.2616884740395033,scenario
35,Network Monitoring & Intrusion Detection,719.94,173.5,0.2409923049142984,scenario
35,Secure Operations,719.94,274.89,0.3818234852904408,scenario
35,Secure Operations (Industrial control systems),719.94,281.53999999999996,0.3910603661416228,scenario
35,Secure System Architecture & Design,719.94,166.85999999999999,0.2317693141095091,scenario
35,Secure System Architecture & Design (Industrial Control Systems),719.94,173.51,0.24100619496069114,scenario
35,Secure System Development,719.94,166.85999999999999,0.2317693141095091,scenario
35,Secure System Development (Industrial Control Systems),719.94,173.51,0.24100619496069114,scenario
35,Security Testing,719.94,198.89,0.2762591327055032,scenario
35,Vulnerability Management,719.94,203.29,0.2823707531183154,scenario
36,Cryptography & Communications Security (Cryptographer),409.19,66.58,0.16271169872186514,scenario
36,Cryptography & Communications Security (Secure Communications Operator),409.19,66.58,0.16271169872186514,scenario
36,Cyber Security Audit & Assurance,409.19,306.12,0.7481121239521983,scenario
36,Cyber Security Governance & Risk Management,409.19,216.12,0.5281653999364598,scenario
36,Cyber Security Governance & Risk Management (Industrial Control Systems),409.19,218.31,0.5335174368875095,scenario
36,Cyber Security Management,409.19,333.32,0.8145849116547325,scenario
36,Cyber Threat Intelligence,409.19,200.98000000000002,0.4911654732520346,scenario
36,Data Protection & Privacy,409.19,224.17000000000002,0.5478384124734231,scenario
36,Digital Forensics,409.19,175.66000000000003,0.42928712822894016,scenario
36,Digital Forensics (Industrial Control Systems),409.19,177.85000000000002,0.4346391651799898,scenario
36,Identity & Access Management,409.19,188.59000000000003,0.4608861409125346,scenario
36,Incident response,409.19,116.61999999999999,0.2850020772746157,scenario
36,Incident response (Industrial Control Systems),409.19,118.80999999999999,0.2903541142256653,scenario
36,Network Monitoring & Intrusion Detection,409.19,55.11000000000001,0.13468071067230383,scenario
36,Secure Operations,409.19,55.11000000000001,0.13468071067230383,scenario
36,Secure Operations (Industrial control systems),409.19,57.300000000000004,0.14003274762335347,scenario
36,Secure System Architecture & Design,409.19,5.49,0.013416750164960044,scenario
36,Secure System Architecture & Design (Industrial Control Systems),409.19,7.68,0.018768787116009676,scenario
36,Secure System Development,409.19,5.49,0.013416750164960044,scenario
36,Secure System Development (Industrial Control Systems),409.19,7.68,0.018768787116009676,scenario
36,Security Testing,409.19,93.71,0.22901341675016496,scenario
36,Vulnerability Management,409.19,115.10999999999999,0.2813118600161294,scenario
37,Cryptography & Communications Security (Cryptographer),292.44999999999993,111.31000000000002,0.3806120704393915,scenario
37,Cryptography & Communications Security (Secure Communications Operator),292.44999999999993,111.31000000000002,0.3806120704393915,scenario
37,Cyber Security Audit & Assurance,292.44999999999993,170.65000000000003,0.5835185501795181,scenario
37,Cyber Security Governance & Risk Management,292.44999999999993,144.68,0.494717045648829,scenario
37,Cyber Security Governance & Risk Management (Industrial Control Systems),292.44999999999993,144.95000000000002,0.4956402803898104,scenario
37,Cyber Security Management,292.44999999999993,277.4199999999999,0.948606599418704,scenario
37,Cyber Threat Intelligence,292.44999999999993,180.99,0.6188750213711748,scenario
37,Data Protection & Privacy,292.44999999999993,151.26,0.5172166182253377,scenario
37,Digital Forensics,292.44999999999993,148.93,0.5092494443494616,scenario
37,Digital Forensics (Industrial Control Systems),292.44999999999993,149.20000000000002,0.510172679090443,scenario
37,Identity & Access Management,292.44999999999993,153.96,0.5264489656351514,scenario
37,Incident response,292.44999999999993,132.29000000000002,0.4523508292015731,scenario
37,Incident response (Industrial Control Systems),292.44999999999993,132.56000000000003,0.4532740639425545,scenario
37,Network Monitoring & Intrusion Detection,292.44999999999993,107,0.3658745084629852,scenario
37,Secure Operations,292.44999999999993,169.78,0.5805436826808003,scenario
37,Secure Operations (Industrial control systems),292.44999999999993,170.05,0.5814669174217817,scenario
37,Secure System Architecture & Design,292.44999999999993,53.59,0.18324499914515308,scenario
37,Secure System Architecture & Design (Industrial Control Systems),292.44999999999993,53.86000000000001,0.18416823388613446,scenario
37,Secure System Development,292.44999999999993,53.59,0.18324499914515308,scenario
37,Secure System Development (Industrial Control Systems),292.44999999999993,53.86000000000001,0.18416823388613446,scenario
37,Security Testing,292.44999999999993,129.77,0.44373397161908035,scenario
37,Vulnerability Management,292.44999999999993,143.57999999999998,0.49095571892631223,scenario
38,Cryptography & Communications Security (Cryptographer),156.66,30,0.19149751053236308,scenario
38,Cryptography & Communications Security (Secure Communications Operator),156.66,30,0.19149751053236308,scenario
38,Cyber Security Audit & Assurance,156.66,71.06,0.4535937699476574,scenario
38,Cyber Security Governance & Risk Management,156.66,60.45,0.3858674837227116,scenario
38,Cyber Security Governance & Risk Management (Industrial Control Systems),156.66,73.89,0.4716583684412103,scenario
38,Cyber Security Management,156.66,139.33,0.889378271415805,scenario
38,Cyber Threat Intelligence,156.66,70.61,0.4507213072896719,scenario
38,Data Protection & Privacy,156.66,77.78,0.4964892123069067,scenario
38,Digital Forensics,156.66,40.61,0.25922379675730883,scenario
38,Digital Forensics (Industrial Control Systems),156.66,54.05,0.3450146814758075,scenario
38,Identity & Access Management,156.66,113.67999999999999,0.7256478999106345,scenario
38,Incident response,156.66,40.61,0.25922379675730883,scenario
38,Incident response (Industrial Control Systems),156.66,54.05,0.3450146814758075,scenario
38,Network Monitoring & Intrusion Detection,156.66,40.61,0.25922379675730883,scenario
38,Secure Operations,156.66,82.03999999999999,0.5236818588025022,scenario
38,Secure Operations (Industrial control systems),156.66,95.47999999999999,0.6094727435210009,scenario
38,Secure System Architecture & Design,156.66,0,0,scenario
38,Secure System Architecture & Design (Industrial Control Systems),156.66,13.44,0.08579088471849866,scenario
38,Secure System Development,156.66,0,0,scenario
38,Secure System Development (Industrial Control Systems),156.66,13.44,0.08579088471849866,scenario
38,Security Testing,156.66,5.9,0.037661177071364745,scenario
38,Vulnerability Management,156.66,70.61,0.4507213072896719,scenario
39,Cryptography & Communications Security (Cryptographer),722.2000000000002,60,0.08307947936859594,scenario
39,Cryptography & Communications Security (Secure Communications Operator),722.2000000000002,60,0.08307947936859594,scenario
39,Cyber Security Audit & Assurance,722.2000000000002,222.7,0.3083633342564386,scenario
39,Cyber Security Governance & Risk Management,722.2000000000002,162.7,0.22528385488784264,scenario
39,Cyber Security Governance & Risk Management (Industrial Control Systems),722.2000000000002,222.7,0.3083633342564386,scenario
39,Cyber Security Management,722.2000000000002,415.81,0.5757546386042646,scenario
39,Cyber Threat Intelligence,722.2000000000002,252.22000000000003,0.3492384381057878,scenario
39,Data Protection & Privacy,722.2000000000002,150,0.20769869842148986,scenario
39,Digital Forensics,722.2000000000002,120,0.1661589587371919,scenario
39,Digital Forensics (Industrial Control Systems),722.2000000000002,196.95,0.2727083910274162,scenario
39,Identity & Access Management,722.2000000000002,250.64,0.3470506784824147,scenario
39,Incident response,722.2000000000002,253.11,0.350470783716422,scenario
39,Incident response (Industrial Control Systems),722.2000000000002,330.06,0.4570202160066463,scenario
39,Network Monitoring & Intrusion Detection,722.2000000000002,163.11,0.22585156466352807,scenario
39,Secure Operations,722.2000000000002,263.75,0.365203544724453,scenario
39,Secure Operations (Industrial control systems),722.2000000000002,323.75,0.44828302409304893,scenario
39,Secure System Architecture & Design,722.2000000000002,136.95,0.1896289116588202,scenario
39,Secure System Architecture & Design (Industrial Control Systems),722.2000000000002,213.89999999999998,0.29617834394904446,scenario
39,Secure System Development,722.2000000000002,136.95,0.1896289116588202,scenario
39,Secure System Development (Industrial Control Systems),722.2000000000002,213.89999999999998,0.29617834394904446,scenario
39,Security Testing,722.2000000000002,102.43,0.14183051786208803,scenario
39,Vulnerability Management,722.2000000000002,223.11,0.308931044032124,scenario
40,Cryptography & Communications Security (Cryptographer),278.0599999999999,43.72,0.1572322520319356,scenario
40,Cryptography & Communications Security (Secure Communications Operator),278.0599999999999,43.72,0.1572322520319356,scenario
40,Cyber Security Audit & Assurance,278.0599999999999,131.52,0.4729914406962528,scenario
40,Cyber Security Governance & Risk Management,278.0599999999999,83.92,0.3018053657483998,scenario
40,Cyber Security Governance & Risk Management (Industrial Control Systems),278.0599999999999,86.11,0.30968136373444594,scenario
40,Cyber Security Management,278.0599999999999,185.93000000000004,0.6686686326692085,scenario
40,Cyber Threat Intelligence,278.0599999999999,220.42000000000002,0.7927066100841549,scenario
40,Data Protection & Privacy,278.0599999999999,57.63,0.2072574264547221,scenario
40,Digital Forensics,278.0599999999999,216.79000000000002,0.7796518736963249,scenario
40,Digital Forensics (Industrial Control Systems),278.0599999999999,218.98000000000002,0.787527871682371,scenario
40,Identity & Access Management,278.0599999999999,101.66,0.36560454578148616,scenario
40,Incident response,278.0599999999999,140.48999999999998,0.505250665324031,scenario
40,Incident response (Industrial Control Systems),278.0599999999999,142.67999999999998,0.5131266633100771,scenario
40,Network Monitoring & Intrusion Detection,278.0599999999999,78.15,0.2810544486801411,scenario
40,Secure Operations,278.0599999999999,85.00999999999999,0.30572538301086105,scenario
40,Secure Operations (Industrial control systems),278.0599999999999,87.19999999999999,0.3136013809969072,scenario
40,Secure System Architecture & Design,278.0599999999999,13.849999999999998,0.04980939365604547,scenario
40,Secure System Architecture & Design (Industrial Control Systems),278.0599999999999,16.04,0.05768539164209165,scenario
40,Secure System Development,278.0599999999999,13.849999999999998,0.04980939365604547,scenario
40,Secure System Development (Industrial Control Systems),278.0599999999999,16.04,0.05768539164209165,scenario
40,Security Testing,278.0599999999999,89.13,0.32054232899374246,scenario
40,Vulnerability Management,278.0599999999999,111.03000000000002,0.39930230885420437,scenario
41,Cryptography & Communications Security (Cryptographer),1321.54,311.18,0.23546771191186042,scenario
41,Cryptography & Communications Security (Secure Communications Operator),1321.54,311.18,0.23546771191186042,scenario
41,Cyber Security Audit & Assurance,1321.54,356.06,0.2694280914690437,scenario
41,Cyber Security Governance & Risk Management,1321.54,240,0.18160630779242398,scenario
41,Cyber Security Governance & Risk Management (Industrial Control Systems),1321.54,300,0.22700788474053,scenario
41,Cyber Security Management,1321.54,781.58,0.5914160751850115,scenario
41,Cyber Threat Intelligence,1321.54,292.3,0.22118134903218972,scenario
41,Data Protection & Privacy,1321.54,266.06,0.2013257260468847,scenario
41,Digital Forensics,1321.54,336.12,0.2543396340632898,scenario
41,Digital Forensics (Industrial Control Systems),1321.54,417.74,0.31610091257169665,scenario
41,Identity & Access Management,1321.54,413.51,0.3129001013968552,scenario
41,Incident response,1321.54,262.3,0.19848056055813673,scenario
41,Incident response (Industrial Control Systems),1321.54,343.92,0.2602418390665436,scenario
41,Network Monitoring & Intrusion Detection,1321.54,227.95,0.17248815775534604,scenario
41,Secure Operations,1321.54,361.98,0.2739077137279235,scenario
41,Secure Operations (Industrial control systems),1321.54,421.98,0.3193092906760295,scenario
41,Secure System Architecture & Design,1321.54,416.15,0.31489777078257186,scenario
41,Secure System Architecture & Design (Industrial Control Systems),1321.54,497.77,0.3766590492909787,scenario
41,Secure System Development,1321.54,416.15,0.31489777078257186,scenario
41,Secure System Development (Industrial Control Systems),1321.54,497.77,0.3766590492909787,scenario
41,Security Testing,1321.54,404.40999999999997,0.30601419555972575,scenario
41,Vulnerability Management,1321.54,302.08,0.228581806074731,scenario
42,Cryptography & Communications Security (Cryptographer),108.31,49.480000000000004,0.4568368571692365,scenario
42,Cryptography & Communications Security (Secure Communications Operator),108.31,49.480000000000004,0.4568368571692365,scenario
42,Cyber Security Audit & Assurance,108.31,74.79,0.6905179577139692,scenario
42,Cyber Security Governance & Risk Management,108.31,74.79,0.6905179577139692,scenario
42,Cyber Security Governance & Risk Management (Industrial Control Systems),108.31,88.83000000000001,0.8201458775736313,scenario
42,Cyber Security Management,108.31,108.31,1,scenario
42,Cyber Threat Intelligence,108.31,75.07000000000001,0.6931031299049026,scenario
42,Data Protection & Privacy,108.31,55.59,0.5132490074785339,scenario
42,Digital Forensics,108.31,75.07000000000001,0.6931031299049026,scenario
42,Digital Forensics (Industrial Control Systems),108.31,89.11000000000001,0.8227310497645648,scenario
42,Identity & Access Management,108.31,49.2,0.45425168497830304,scenario
42,Incident response,108.31,57.879999999999995,0.5343920228972393,scenario
42,Incident response (Industrial Control Systems),108.31,71.91999999999999,0.6640199427569013,scenario
42,Network Monitoring & Intrusion Detection,108.31,38.68,0.3571230726618041,scenario
42,Secure Operations,108.31,57.879999999999995,0.5343920228972393,scenario
42,Secure Operations (Industrial control systems),108.31,71.91999999999999,0.6640199427569013,scenario
42,Secure System Architecture & Design,108.31,19.48,0.17985412242636875,scenario
42,Secure System Architecture & Design (Industrial Control Systems),108.31,33.519999999999996,0.30948204228603077,scenario
42,Secure System Development,108.31,19.48,0.17985412242636875,scenario
42,Secure System Development (Industrial Control Systems),108.31,33.519999999999996,0.30948204228603077,scenario
42,Security Testing,108.31,55.870000000000005,0.5158341796694673,scenario
42,Vulnerability Management,108.31,38.68,0.3571230726618041,scenario
43,Cryptography & Communications Security (Cryptographer),1828.5300000000002,441.89,0.24166406895156214,scenario
43,Cryptography & Communications Security (Secure Communications Operator),1828.5300000000002,411.89,0.22525744723903898,scenario
43,Cyber Security Audit & Assurance,1828.5300000000002,340.64,0.18629172067179645,scenario
43,Cyber Security Governance & Risk Management,1828.5300000000002,240,0.13125297370018538,scenario
43,Cyber Security Governance & Risk Management (Industrial Control Systems),1828.5300000000002,300,0.16406621712523173,scenario
43,Cyber Security Management,1828.5300000000002,850.64,0.46520428978469036,scenario
43,Cyber Threat Intelligence,1828.5300000000002,420,0.2296927039753244,scenario
43,Data Protection & Privacy,1828.5300000000002,310.64,0.16988509895927326,scenario
43,Digital Forensics,1828.5300000000002,425.91999999999996,0.23293027732659563,scenario
43,Digital Forensics (Industrial Control Systems),1828.5300000000002,515.92,0.28215014246416514,scenario
43,Identity & Access Management,1828.5300000000002,472.81,0.25857382706326937,scenario
43,Incident response,1828.5300000000002,330,0.1804728388377549,scenario
43,Incident response (Industrial Control Systems),1828.5300000000002,420,0.2296927039753244,scenario
43,Network Monitoring & Intrusion Detection,1828.5300000000002,270,0.14765959541270857,scenario
43,Secure Operations,1828.5300000000002,420,0.2296927039753244,scenario
43,Secure Operations (Industrial control systems),1828.5300000000002,480,0.26250594740037075,scenario
43,Secure System Architecture & Design,1828.5300000000002,519.62,0.2841736258087097,scenario
43,Secure System Architecture & Design (Industrial Control Systems),1828.5300000000002,609.62,0.33339349094627924,scenario
43,Secure System Development,1828.5300000000002,519.62,0.2841736258087097,scenario
43,Secure System Development (Industrial Control Systems),1828.5300000000002,609.62,0.33339349094627924,scenario
43,Security Testing,1828.5300000000002,489.62,0.26776700409618653,scenario
43,Vulnerability Management,1828.5300000000002,352.81,0.1929473402131767,scenario
44,Cryptography & Communications Security (Cryptographer),0,0,NA,scenario
44,Cryptography & Communications Security (Secure Communications Operator),0,0,NA,scenario
44,Cyber Security Audit & Assurance,0,0,NA,scenario
44,Cyber Security Governance & Risk Management,0,0,NA,scenario
44,Cyber Security Governance & Risk Management (Industrial Control Systems),0,0,NA,scenario
44,Cyber Security Management,0,0,NA,scenario
44,Cyber Threat Intelligence,0,0,NA,scenario
44,Data Protection & Privacy,0,0,NA,scenario
44,Digital Forensics,0,0,NA,scenario
44,Digital Forensics (Industrial Control Systems),0,0,NA,scenario
44,Identity & Access Management,0,0,NA,scenario
44,Incident response,0,0,NA,scenario
44,Incident response (Industrial Control Systems),0,0,NA,scenario
44,Network Monitoring & Intrusion Detection,0,0,NA,scenario
44,Secure Operations,0,0,NA,scenario
44,Secure Operations (Industrial control systems),0,0,NA,scenario
44,Secure System Architecture & Design,0,0,NA,scenario
44,Secure System Architecture & Design (Industrial Control Systems),0,0,NA,scenario
44,Secure System Development,0,0,NA,scenario
44,Secure System Development (Industrial Control Systems),0,0,NA,scenario
44,Security Testing,0,0,NA,scenario
44,Vulnerability Management,0,0,NA,scenario
45,Cryptography & Communications Security (Cryptographer),879.8099999999998,230.32,0.26178379422829934,scenario
45,Cryptography & Communications Security (Secure Communications Operator),879.8099999999998,230.32,0.26178379422829934,scenario
45,Cyber Security Audit & Assurance,879.8099999999998,332.73,0.3781839260749481,scenario
45,Cyber Security Governance & Risk Management,879.8099999999998,240,0.2727861697411942,scenario
45,Cyber Security Governance & Risk Management (Industrial Control Systems),879.8099999999998,300,0.34098271217649273,scenario
45,Cyber Security Management,879.8099999999998,655.4199999999998,0.7449562973823893,scenario
45,Cyber Threat Intelligence,879.8099999999998,349.62,0.39738125277048464,scenario
45,Data Protection & Privacy,879.8099999999998,242.73,0.27588911242200026,scenario
45,Digital Forensics,879.8099999999998,308.53000000000003,0.35067798729271105,scenario
45,Digital Forensics (Industrial Control Systems),879.8099999999998,371.22,0.4219320080471921,scenario
45,Identity & Access Management,879.8099999999998,319.81,0.3634989372705471,scenario
45,Incident response,879.8099999999998,291.46,0.33127607096986855,scenario
45,Incident response (Industrial Control Systems),879.8099999999998,354.15,0.4025300917243496,scenario
45,Network Monitoring & Intrusion Detection,879.8099999999998,220.11999999999998,0.25019038201429855,scenario
45,Secure Operations,879.8099999999998,352.54,0.4007001511690025,scenario
45,Secure Operations (Industrial control systems),879.8099999999998,412.54,0.46889669360430103,scenario
45,Secure System Architecture & Design,879.8099999999998,190.21,0.2161944056103023,scenario
45,Secure System Architecture & Design (Industrial Control Systems),879.8099999999998,252.9,0.28744842636478335,scenario
45,Secure System Development,879.8099999999998,190.21,0.2161944056103023,scenario
45,Secure System Development (Industrial Control Systems),879.8099999999998,252.9,0.28744842636478335,scenario
45,Security Testing,879.8099999999998,230.74,0.26226117002534644,scenario
45,Vulnerability Management,879.8099999999998,310.71,0.3531557950011935,scenario
46,Cryptography & Communications Security (Cryptographer),871.2500000000002,277.51,0.3185193687230989,scenario
46,Cryptography & Communications Security (Secure Communications Operator),871.2500000000002,260.76,0.2992941176470587,scenario
46,Cyber Security Audit & Assurance,871.2500000000002,326.91,0.3752195121951219,scenario
46,Cyber Security Governance & Risk Management,871.2500000000002,240,0.2754662840746054,scenario
46,Cyber Security Governance & Risk Management (Industrial Control Systems),871.2500000000002,241.27,0.2769239598278335,scenario
46,Cyber Security Management,871.2500000000002,535.4000000000001,0.614519368723099,scenario
46,Cyber Threat Intelligence,871.2500000000002,306.74,0.35206886657101855,scenario
46,Data Protection & Privacy,871.2500000000002,236.91,0.2719196556671448,scenario
46,Digital Forensics,871.2500000000002,334.77000000000004,0.3842410329985652,scenario
46,Digital Forensics (Industrial Control Systems),871.2500000000002,336.04,0.3856987087517933,scenario
46,Identity & Access Management,871.2500000000002,284.71000000000004,0.32678335724533714,scenario
46,Incident response,871.2500000000002,219.63,0.25208608321377324,scenario
46,Incident response (Industrial Control Systems),871.2500000000002,220.9,0.2535437589670014,scenario
46,Network Monitoring & Intrusion Detection,871.2500000000002,126.74,0.1454691535150645,scenario
46,Secure Operations,871.2500000000002,257.96000000000004,0.29608034433285507,scenario
46,Secure Operations (Industrial control systems),871.2500000000002,259.23,0.29753802008608315,scenario
46,Secure System Architecture & Design,871.2500000000002,137.94,0.15832424677187945,scenario
46,Secure System Architecture & Design (Industrial Control Systems),871.2500000000002,139.21,0.15978192252510756,scenario
46,Secure System Development,871.2500000000002,137.94,0.15832424677187945,scenario
46,Secure System Development (Industrial Control Systems),871.2500000000002,139.21,0.15978192252510756,scenario
46,Security Testing,871.2500000000002,106.98,0.12278909612625535,scenario
46,Vulnerability Management,871.2500000000002,188.96,0.21688378766140598,scenario
47,Cryptography & Communications Security (Cryptographer),279.37,58.74,0.21025879657801483,scenario
47,Cryptography & Communications Security (Secure Communications Operator),279.37,58.74,0.21025879657801483,scenario
47,Cyber Security Audit & Assurance,279.37,90,0.3221534166159573,scenario
47,Cyber Security Governance & Risk Management,279.37,30,0.1073844722053191,scenario
47,Cyber Security Governance & Risk Management (Industrial Control Systems),279.37,30,0.1073844722053191,scenario
47,Cyber Security Management,279.37,180,0.6443068332319146,scenario
47,Cyber Threat Intelligence,279.37,240.63,0.8613308515588646,scenario
47,Data Protection & Privacy,279.37,0,0,scenario
47,Digital Forensics,279.37,137.28,0.49139134481154023,scenario
47,Digital Forensics (Industrial Control Systems),279.37,137.28,0.49139134481154023,scenario
47,Identity & Access Management,279.37,60,0.2147689444106382,scenario
47,Incident response,279.37,227.28,0.8135447614274975,scenario
47,Incident response (Industrial Control Systems),279.37,227.28,0.8135447614274975,scenario
47,Network Monitoring & Intrusion Detection,279.37,238.74,0.8545656298099295,scenario
47,Secure Operations,279.37,178.74,0.6397966853992912,scenario
47,Secure Operations (Industrial control systems),279.37,178.74,0.6397966853992912,scenario
47,Secure System Architecture & Design,279.37,30,0.1073844722053191,scenario
47,Secure System Architecture & Design (Industrial Control Systems),279.37,30,0.1073844722053191,scenario
47,Secure System Development,279.37,30,0.1073844722053191,scenario
47,Secure System Development (Industrial Control Systems),279.37,30,0.1073844722053191,scenario
47,Security Testing,279.37,162.09,0.5801983033253392,scenario
47,Vulnerability Management,279.37,256.02,0.9164190858001933,scenario
48,Cryptography & Communications Security (Cryptographer),551.9700000000001,89.76999999999998,0.1626356504882511,scenario
48,Cryptography & Communications Security (Secure Communications Operator),551.9700000000001,89.76999999999998,0.1626356504882511,scenario
48,Cyber Security Audit & Assurance,551.9700000000001,288.85999999999996,0.523325543054876,scenario
48,Cyber Security Governance & Risk Management,551.9700000000001,199.01,0.3605449571534684,scenario
48,Cyber Security Governance & Risk Management (Industrial Control Systems),551.9700000000001,202.98999999999998,0.36775549395800483,scenario
48,Cyber Security Management,551.9700000000001,432.2099999999999,0.783031686504701,scenario
48,Cyber Threat Intelligence,551.9700000000001,248.01999999999998,0.44933601463847656,scenario
48,Data Protection & Privacy,551.9700000000001,240.7,0.43607442433465576,scenario
48,Digital Forensics,551.9700000000001,221.48999999999998,0.4012718082504483,scenario
48,Digital Forensics (Industrial Control Systems),551.9700000000001,225.46999999999997,0.4084823450549847,scenario
48,Identity & Access Management,551.9700000000001,263.48,0.4773447832309726,scenario
48,Incident response,551.9700000000001,189.17000000000002,0.34271790133521746,scenario
48,Incident response (Industrial Control Systems),551.9700000000001,193.15,0.3499284381397539,scenario
48,Network Monitoring & Intrusion Detection,551.9700000000001,132.94,0.24084642281283397,scenario
48,Secure Operations,551.9700000000001,113.63999999999999,0.20588075438882542,scenario
48,Secure Operations (Industrial control systems),551.9700000000001,117.61999999999999,0.2130912911933619,scenario
48,Secure System Architecture & Design,551.9700000000001,88.32999999999998,0.16002681305143387,scenario
48,Secure System Architecture & Design (Industrial Control Systems),551.9700000000001,92.30999999999999,0.16723734985597036,scenario
48,Secure System Development,551.9700000000001,88.32999999999998,0.16002681305143387,scenario
48,Secure System Development (Industrial Control Systems),551.9700000000001,92.30999999999999,0.16723734985597036,scenario
48,Security Testing,551.9700000000001,229.64000000000001,0.416037103465768,scenario
48,Vulnerability Management,551.9700000000001,241.03,0.43667228291392635,scenario
49,Cryptography & Communications Security (Cryptographer),308.95,70.75,0.22900145654636672,scenario
49,Cryptography & Communications Security (Secure Communications Operator),308.95,70.75,0.22900145654636672,scenario
49,Cyber Security Audit & Assurance,308.95,168.60999999999999,0.5457517397637158,scenario
49,Cyber Security Governance & Risk Management,308.95,128.78,0.416831202459945,scenario
49,Cyber Security Governance & Risk Management (Industrial Control Systems),308.95,139.47,0.45143227059394725,scenario
49,Cyber Security Management,308.95,276.87,0.8961644279009549,scenario
49,Cyber Threat Intelligence,308.95,103.39999999999999,0.33468198737659816,scenario
49,Data Protection & Privacy,308.95,161.5,0.5227383071694449,scenario
49,Digital Forensics,308.95,75.42999999999999,0.2441495387603172,scenario
49,Digital Forensics (Industrial Control Systems),308.95,86.11999999999999,0.27875060689431946,scenario
49,Identity & Access Management,308.95,161.5,0.5227383071694449,scenario
49,Incident response,308.95,113.74999999999999,0.3681825538112963,scenario
49,Incident response (Industrial Control Systems),308.95,124.43999999999998,0.40278362194529854,scenario
49,Network Monitoring & Intrusion Detection,308.95,51.379999999999995,0.16630522738307169,scenario
49,Secure Operations,308.95,105.42999999999999,0.34125262987538435,scenario
49,Secure Operations (Industrial control systems),308.95,116.11999999999999,0.3758536980093866,scenario
49,Secure System Architecture & Design,308.95,56.06999999999999,0.1814856772940605,scenario
49,Secure System Architecture & Design (Industrial Control Systems),308.95,66.75999999999999,0.21608674542806278,scenario
49,Secure System Development,308.95,56.06999999999999,0.1814856772940605,scenario
49,Secure System Development (Industrial Control Systems),308.95,66.75999999999999,0.21608674542806278,scenario
49,Security Testing,308.95,83.16999999999999,0.2692021362680045,scenario
49,Vulnerability Management,308.95,83.16999999999999,0.2692021362680045,scenario
50,Cryptography & Communications Security (Cryptographer),804.87,127.62,0.15855976741585598,scenario
50,Cryptography & Communications Security (Secure Communications Operator),804.87,127.62,0.15855976741585598,scenario
50,Cyber Security Audit & Assurance,804.87,259.65999999999997,0.32261110489892775,scenario
50,Cyber Security Governance & Risk Management,804.87,199.66,0.24806490489147315,scenario
50,Cyber Security Governance & Risk Management (Industrial Control Systems),804.87,199.66,0.24806490489147315,scenario
50,Cyber Security Management,804.87,482.81,0.5998608470933194,scenario
50,Cyber Threat Intelligence,804.87,308.43,0.3832047411383205,scenario
50,Data Protection & Privacy,804.87,181.81,0.22588741038925542,scenario
50,Digital Forensics,804.87,211.81,0.2631605103929827,scenario
50,Digital Forensics (Industrial Control Systems),804.87,211.81,0.2631605103929827,scenario
50,Identity & Access Management,804.87,306.15999999999997,0.38038440990470507,scenario
50,Incident response,804.87,288.51,0.35845540273584553,scenario
50,Incident response (Industrial Control Systems),804.87,288.51,0.35845540273584553,scenario
50,Network Monitoring & Intrusion Detection,804.87,236.13,0.29337657012933765,scenario
50,Secure Operations,804.87,281.32,0.34952228310161887,scenario
50,Secure Operations (Industrial control systems),804.87,281.32,0.34952228310161887,scenario
50,Secure System Architecture & Design,804.87,169.37,0.2104314982543765,scenario
50,Secure System Architecture & Design (Industrial Control Systems),804.87,169.37,0.2104314982543765,scenario
50,Secure System Development,804.87,169.37,0.2104314982543765,scenario
50,Secure System Development (Industrial Control Systems),804.87,169.37,0.2104314982543765,scenario
50,Security Testing,804.87,255.91000000000003,0.3179519673984619,scenario
50,Vulnerability Management,804.87,361.86,0.4495881322449588,scenario
51,Cryptography & Communications Security (Cryptographer),713.05,136.95,0.19206226772316107,scenario
51,Cryptography & Communications Security (Secure Communications Operator),713.05,136.95,0.19206226772316107,scenario
51,Cyber Security Audit & Assurance,713.05,302.58,0.42434611878549894,scenario
51,Cyber Security Governance & Risk Management,713.05,222.09,0.31146483416310217,scenario
51,Cyber Security Governance & Risk Management (Industrial Control Systems),713.05,223.39000000000001,0.31328798821962,scenario
51,Cyber Security Management,713.05,523.1199999999999,0.7336371923427528,scenario
51,Cyber Threat Intelligence,713.05,411.21,0.5766916766005189,scenario
51,Data Protection & Privacy,713.05,189.37,0.2655774489867471,scenario
51,Digital Forensics,713.05,312.23999999999995,0.43789355585162326,scenario
51,Digital Forensics (Industrial Control Systems),713.05,313.53999999999996,0.43971670990814105,scenario
51,Identity & Access Management,713.05,203.21,0.2849870275576748,scenario
51,Incident response,713.05,300,0.4207278591964098,scenario
51,Incident response (Industrial Control Systems),713.05,301.3,0.4225510132529276,scenario
51,Network Monitoring & Intrusion Detection,713.05,246.82999999999998,0.3461608582848328,scenario
51,Secure Operations,713.05,280.12,0.39284762639366105,scenario
51,Secure Operations (Industrial control systems),713.05,281.42,0.39467078045017884,scenario
51,Secure System Architecture & Design,713.05,80.36,0.11269896921674498,scenario
51,Secure System Architecture & Design (Industrial Control Systems),713.05,81.66,0.11452212327326275,scenario
51,Secure System Development,713.05,80.36,0.11269896921674498,scenario
51,Secure System Development (Industrial Control Systems),713.05,81.66,0.11452212327326275,scenario
51,Security Testing,713.05,275.95,0.3869995091508309,scenario
51,Vulnerability Management,713.05,313.09000000000003,0.43908561811934654,scenario
52,Cryptography & Communications Security (Cryptographer),1025.5400000000002,246.22,0.2400881486826452,scenario
52,Cryptography & Communications Security (Secure Communications Operator),1025.5400000000002,246.22,0.2400881486826452,scenario
52,Cyber Security Audit & Assurance,1025.5400000000002,281.96000000000004,0.274938081401018,scenario
52,Cyber Security Governance & Risk Management,1025.5400000000002,220.18,0.21469664761979051,scenario
52,Cyber Security Governance & Risk Management (Industrial Control Systems),1025.5400000000002,259.27,0.25281315209548133,scenario
52,Cyber Security Management,1025.5400000000002,615.57,0.6002398736275523,scenario
52,Cyber Threat Intelligence,1025.5400000000002,353.29999999999995,0.34450143339118894,scenario
52,Data Protection & Privacy,1025.5400000000002,185.06,0.18045127445053336,scenario
52,Digital Forensics,1025.5400000000002,296.11,0.2887356904655108,scenario
52,Digital Forensics (Industrial Control Systems),1025.5400000000002,335.20000000000005,0.3268521949412017,scenario
52,Identity & Access Management,1025.5400000000002,290.61,0.2833726622072274,scenario
52,Incident response,1025.5400000000002,286.55,0.2794137722565672,scenario
52,Incident response (Industrial Control Systems),1025.5400000000002,325.64,0.31753027673225803,scenario
52,Network Monitoring & Intrusion Detection,1025.5400000000002,247.22,0.24106324472960583,scenario
52,Secure Operations,1025.5400000000002,277.49,0.270579402071104,scenario
52,Secure Operations (Industrial control systems),1025.5400000000002,316.58000000000004,0.30869590654679485,scenario
52,Secure System Architecture & Design,1025.5400000000002,333.45,0.3251457768590205,scenario
52,Secure System Architecture & Design (Industrial Control Systems),1025.5400000000002,372.53999999999996,0.3632622813347114,scenario
52,Secure System Development,1025.5400000000002,333.45,0.3251457768590205,scenario
52,Secure System Development (Industrial Control Systems),1025.5400000000002,372.53999999999996,0.3632622813347114,scenario
52,Security Testing,1025.5400000000002,438.39,0.42747235602706857,scenario
52,Vulnerability Management,1025.5400000000002,335.11,0.3267644362969752,scenario
53,Cryptography & Communications Security (Cryptographer),0,0,NA,scenario
53,Cryptography & Communications Security (Secure Communications Operator),0,0,NA,scenario
53,Cyber Security Audit & Assurance,0,0,NA,scenario
53,Cyber Security Governance & Risk Management,0,0,NA,scenario
53,Cyber Security Governance & Risk Management (Industrial Control Systems),0,0,NA,scenario
53,Cyber Security Management,0,0,NA,scenario
53,Cyber Threat Intelligence,0,0,NA,scenario
53,Data Protection & Privacy,0,0,NA,scenario
53,Digital Forensics,0,0,NA,scenario
53,Digital Forensics (Industrial Control Systems),0,0,NA,scenario
53,Identity & Access Management,0,0,NA,scenario
53,Incident response,0,0,NA,scenario
53,Incident response (Industrial Control Systems),0,0,NA,scenario
53,Network Monitoring & Intrusion Detection,0,0,NA,scenario
53,Secure Operations,0,0,NA,scenario
53,Secure Operations (Industrial control systems),0,0,NA,scenario
53,Secure System Architecture & Design,0,0,NA,scenario
53,Secure System Architecture & Design (Industrial Control Systems),0,0,NA,scenario
53,Secure System Development,0,0,NA,scenario
53,Secure System Development (Industrial Control Systems),0,0,NA,scenario
53,Security Testing,0,0,NA,scenario
53,Vulnerability Management,0,0,NA,scenario
54,Cryptography & Communications Security (Cryptographer),475.87,258.37,0.5429424002353584,scenario
54,Cryptography & Communications Security (Secure Communications Operator),475.87,258.37,0.5429424002353584,scenario
54,Cyber Security Audit & Assurance,475.87,218.81,0.4598104524344884,scenario
54,Cyber Security Governance & Risk Management,475.87,129.51,0.2721541597495114,scenario
54,Cyber Security Governance & Risk Management (Industrial Control Systems),475.87,129.51,0.2721541597495114,scenario
54,Cyber Security Management,475.87,362.89,0.7625822178326013,scenario
54,Cyber Threat Intelligence,475.87,217.12,0.45625906234896085,scenario
54,Data Protection & Privacy,475.87,205.76999999999998,0.43240801059112777,scenario
54,Digital Forensics,475.87,239.3,0.5028684304536953,scenario
54,Digital Forensics (Industrial Control Systems),475.87,239.3,0.5028684304536953,scenario
54,Identity & Access Management,475.87,176.46999999999997,0.3708365730136381,scenario
54,Incident response,475.87,127.12,0.26713177968772983,scenario
54,Incident response (Industrial Control Systems),475.87,127.12,0.26713177968772983,scenario
54,Network Monitoring & Intrusion Detection,475.87,187.12,0.3932166347952172,scenario
54,Secure Operations,475.87,214.01,0.4497236640258894,scenario
54,Secure Operations (Industrial control systems),475.87,214.01,0.4497236640258894,scenario
54,Secure System Architecture & Design,475.87,90,0.189127282661231,scenario
54,Secure System Architecture & Design (Industrial Control Systems),475.87,90,0.189127282661231,scenario
54,Secure System Development,475.87,90,0.189127282661231,scenario
54,Secure System Development (Industrial Control Systems),475.87,90,0.189127282661231,scenario
54,Security Testing,475.87,160.97,0.3382646521108706,scenario
54,Vulnerability Management,475.87,187.12,0.3932166347952172,scenario
55,Cryptography & Communications Security (Cryptographer),97.98,30,0.3061849357011635,scenario
55,Cryptography & Communications Security (Secure Communications Operator),97.98,30,0.3061849357011635,scenario
55,Cyber Security Audit & Assurance,97.98,16.47,0.16809552969993874,scenario
55,Cyber Security Governance & Risk Management,97.98,16.47,0.16809552969993874,scenario
55,Cyber Security Governance & Risk Management (Industrial Control Systems),97.98,16.47,0.16809552969993874,scenario
55,Cyber Security Management,97.98,53.12,0.5421514594815268,scenario
55,Cyber Threat Intelligence,97.98,16.47,0.16809552969993874,scenario
55,Data Protection & Privacy,97.98,76.47,0.7804654011022657,scenario
55,Digital Forensics,97.98,0,0,scenario
55,Digital Forensics (Industrial Control Systems),97.98,0,0,scenario
55,Identity & Access Management,97.98,91.33,0.9321290059195754,scenario
55,Incident response,97.98,0,0,scenario
55,Incident response (Industrial Control Systems),97.98,0,0,scenario
55,Network Monitoring & Intrusion Detection,97.98,0,0,scenario
55,Secure Operations,97.98,74.86,0.7640334762196366,scenario
55,Secure Operations (Industrial control systems),97.98,74.86,0.7640334762196366,scenario
55,Secure System Architecture & Design,97.98,6.65,0.06787099408042457,scenario
55,Secure System Architecture & Design (Industrial Control Systems),97.98,6.65,0.06787099408042457,scenario
55,Secure System Development,97.98,6.65,0.06787099408042457,scenario
55,Secure System Development (Industrial Control Systems),97.98,6.65,0.06787099408042457,scenario
55,Security Testing,97.98,6.65,0.06787099408042457,scenario
55,Vulnerability Management,97.98,16.47,0.16809552969993874,scenario
56,Cryptography & Communications Security (Cryptographer),279.3,75.27000000000001,0.2694951664876477,scenario
56,Cryptography & Communications Security (Secure Communications Operator),279.3,75.27000000000001,0.2694951664876477,scenario
56,Cyber Security Audit & Assurance,279.3,72.25,0.25868242033655564,scenario
56,Cyber Security Governance & Risk Management,279.3,42.25,0.15127103472968134,scenario
56,Cyber Security Governance & Risk Management (Industrial Control Systems),279.3,96.3,0.34479054779806656,scenario
56,Cyber Security Management,279.3,192.25,0.688327962764053,scenario
56,Cyber Threat Intelligence,279.3,30,0.10741138560687433,scenario
56,Data Protection & Privacy,279.3,110.84,0.39684926602219833,scenario
56,Digital Forensics,279.3,0,0,scenario
56,Digital Forensics (Industrial Control Systems),279.3,54.05,0.19351951306838522,scenario
56,Identity & Access Management,279.3,147.52,0.5281775868242033,scenario
56,Incident response,279.3,0,0,scenario
56,Incident response (Industrial Control Systems),279.3,54.05,0.19351951306838522,scenario
56,Network Monitoring & Intrusion Detection,279.3,0,0,scenario
56,Secure Operations,279.3,0,0,scenario
56,Secure Operations (Industrial control systems),279.3,54.05,0.19351951306838522,scenario
56,Secure System Architecture & Design,279.3,45.27,0.16208378088077335,scenario
56,Secure System Architecture & Design (Industrial Control Systems),279.3,99.32,0.35560329394915857,scenario
56,Secure System Development,279.3,45.27,0.16208378088077335,scenario
56,Secure System Development (Industrial Control Systems),279.3,99.32,0.35560329394915857,scenario
56,Security Testing,279.3,0,0,scenario
56,Vulnerability Management,279.3,30,0.10741138560687433,scenario
57,Cryptography & Communications Security (Cryptographer),385.88,135.59,0.3513786669430911,scenario
57,Cryptography & Communications Security (Secure Communications Operator),385.88,135.59,0.3513786669430911,scenario
57,Cyber Security Audit & Assurance,385.88,187.89000000000001,0.4869130299574998,scenario
57,Cyber Security Governance & Risk Management,385.88,156.71,0.40611070799212196,scenario
57,Cyber Security Governance & Risk Management (Industrial Control Systems),385.88,156.71,0.40611070799212196,scenario
57,Cyber Security Management,385.88,301.94,0.7824712345806987,scenario
57,Cyber Threat Intelligence,385.88,120,0.3109775059604022,scenario
57,Data Protection & Privacy,385.88,192.97000000000003,0.5000777443764902,scenario
57,Digital Forensics,385.88,91.18,0.23629107494557897,scenario
57,Digital Forensics (Industrial Control Systems),385.88,91.18,0.23629107494557897,scenario
57,Identity & Access Management,385.88,173.22,0.4488960298538406,scenario
57,Incident response,385.88,60,0.1554887529802011,scenario
57,Incident response (Industrial Control Systems),385.88,60,0.1554887529802011,scenario
57,Network Monitoring & Intrusion Detection,385.88,34.16,0.08852493003006115,scenario
57,Secure Operations,385.88,64.16,0.1662693065201617,scenario
57,Secure Operations (Industrial control systems),385.88,64.16,0.1662693065201617,scenario
57,Secure System Architecture & Design,385.88,71.43,0.18510936042292941,scenario
57,Secure System Architecture & Design (Industrial Control Systems),385.88,71.43,0.18510936042292941,scenario
57,Secure System Development,385.88,71.43,0.18510936042292941,scenario
57,Secure System Development (Industrial Control Systems),385.88,71.43,0.18510936042292941,scenario
57,Security Testing,385.88,94.16,0.24401368301026224,scenario
57,Vulnerability Management,385.88,64.16,0.1662693065201617,scenario
58,Cryptography & Communications Security (Cryptographer),943.06,225.25000000000003,0.23885012618497237,scenario
58,Cryptography & Communications Security (Secure Communications Operator),943.06,225.25000000000003,0.23885012618497237,scenario
58,Cyber Security Audit & Assurance,943.06,321.01,0.34039191567874794,scenario
58,Cyber Security Governance & Risk Management,943.06,231.01000000000002,0.24495790299662804,scenario
58,Cyber Security Governance & Risk Management (Industrial Control Systems),943.06,270.79,0.28713973660212505,scenario
58,Cyber Security Management,943.06,759.4799999999999,0.8053358216868491,scenario
58,Cyber Threat Intelligence,943.06,354.65,0.37606302886348697,scenario
58,Data Protection & Privacy,943.06,240.2,0.2547027760693911,scenario
58,Digital Forensics,943.06,332.95,0.35305282802790916,scenario
58,Digital Forensics (Industrial Control Systems),943.06,372.73,0.3952346616334062,scenario
58,Identity & Access Management,943.06,329.55,0.34944754310436243,scenario
58,Incident response,943.06,311.51,0.33031832545119083,scenario
58,Incident response (Industrial Control Systems),943.06,351.28999999999996,0.37250015905668776,scenario
58,Network Monitoring & Intrusion Detection,943.06,214.69,0.2276525353636036,scenario
58,Secure Operations,943.06,299.09,0.3171484317010583,scenario
58,Secure Operations (Industrial control systems),943.06,338.87,0.35933026530655526,scenario
58,Secure System Architecture & Design,943.06,278.41999999999996,0.29523042012173134,scenario
58,Secure System Architecture & Design (Industrial Control Systems),943.06,318.19999999999993,0.33741225372722833,scenario
58,Secure System Development,943.06,278.41999999999996,0.29523042012173134,scenario
58,Secure System Development (Industrial Control Systems),943.06,318.19999999999993,0.33741225372722833,scenario
58,Security Testing,943.06,328.90000000000003,0.3487582974572138,scenario
58,Vulnerability Management,943.06,318.17,0.3373804423896677,scenario
59,Cryptography & Communications Security (Cryptographer),413.29999999999995,44.13,0.10677473989837892,scenario
59,Cryptography & Communications Security (Secure Communications Operator),413.29999999999995,44.13,0.10677473989837892,scenario
59,Cyber Security Audit & Assurance,413.29999999999995,90,0.21775949673360756,scenario
59,Cyber Security Governance & Risk Management,413.29999999999995,30,0.07258649891120253,scenario
59,Cyber Security Governance & Risk Management (Industrial Control Systems),413.29999999999995,30,0.07258649891120253,scenario
59,Cyber Security Management,413.29999999999995,236.73999999999998,0.5728042584079361,scenario
59,Cyber Threat Intelligence,413.29999999999995,294.34999999999997,0.712194531817082,scenario
59,Data Protection & Privacy,413.29999999999995,0,0,scenario
59,Digital Forensics,413.29999999999995,213,0.515364142269538,scenario
59,Digital Forensics (Industrial Control Systems),413.29999999999995,213,0.515364142269538,scenario
59,Identity & Access Management,413.29999999999995,110.75,0.26796515848052266,scenario
59,Incident response,413.29999999999995,253.70999999999998,0.6138640212920397,scenario
59,Incident response (Industrial Control Systems),413.29999999999995,253.70999999999998,0.6138640212920397,scenario
59,Network Monitoring & Intrusion Detection,413.29999999999995,180.39999999999998,0.4364868134526978,scenario
59,Secure Operations,413.29999999999995,201.14999999999998,0.4866924751996129,scenario
59,Secure Operations (Industrial control systems),413.29999999999995,201.14999999999998,0.4866924751996129,scenario
59,Secure System Architecture & Design,413.29999999999995,91.22,0.22071134768932982,scenario
59,Secure System Architecture & Design (Industrial Control Systems),413.29999999999995,91.22,0.22071134768932982,scenario
59,Secure System Development,413.29999999999995,91.22,0.22071134768932982,scenario
59,Secure System Development (Industrial Control Systems),413.29999999999995,91.22,0.22071134768932982,scenario
59,Security Testing,413.29999999999995,147.16,0.35606097265908543,scenario
59,Vulnerability Management,413.29999999999995,210.39999999999998,0.5090733123639003,scenario
60,Cryptography & Communications Security (Cryptographer),693.6999999999999,93.52000000000001,0.1348133198789102,scenario
60,Cryptography & Communications Security (Secure Communications Operator),693.6999999999999,93.52000000000001,0.1348133198789102,scenario
60,Cyber Security Audit & Assurance,693.6999999999999,180,0.25947816058815054,scenario
60,Cyber Security Governance & Risk Management,693.6999999999999,120,0.17298544039210034,scenario
60,Cyber Security Governance & Risk Management (Industrial Control Systems),693.6999999999999,140.34,0.20230647253856135,scenario
60,Cyber Security Management,693.6999999999999,447.88,0.6456393253567825,scenario
60,Cyber Threat Intelligence,693.6999999999999,350.23,0.5048724232377109,scenario
60,Data Protection & Privacy,693.6999999999999,120,0.17298544039210034,scenario
60,Digital Forensics,693.6999999999999,273.78999999999996,0.3946806977079429,scenario
60,Digital Forensics (Industrial Control Systems),693.6999999999999,294.12999999999994,0.4240017298544039,scenario
60,Identity & Access Management,693.6999999999999,255.53,0.3683580798616117,scenario
60,Incident response,693.6999999999999,270,0.38921724088222576,scenario
60,Incident response (Industrial Control Systems),693.6999999999999,290.34,0.41853827302868674,scenario
60,Network Monitoring & Intrusion Detection,693.6999999999999,213.52,0.30779876027101055,scenario
60,Secure Operations,693.6999999999999,301.57,0.4347268271587142,scenario
60,Secure Operations (Industrial control systems),693.6999999999999,321.90999999999997,0.46404785930517517,scenario
60,Secure System Architecture & Design,693.6999999999999,117.68,0.16964105521118641,scenario
60,Secure System Architecture & Design (Industrial Control Systems),693.6999999999999,138.02,0.19896208735764742,scenario
60,Secure System Development,693.6999999999999,117.68,0.16964105521118641,scenario
60,Secure System Development (Industrial Control Systems),693.6999999999999,138.02,0.19896208735764742,scenario
60,Security Testing,693.6999999999999,194.47,0.2803373216087646,scenario
60,Vulnerability Management,693.6999999999999,291,0.4194896929508433,scenario
61,Cryptography & Communications Security (Cryptographer),927.98,253.12,0.2727644992348973,scenario
61,Cryptography & Communications Security (Secure Communications Operator),927.98,253.12,0.2727644992348973,scenario
61,Cyber Security Audit & Assurance,927.98,67.91,0.07318045647535507,scenario
61,Cyber Security Governance & Risk Management,927.98,32.24,0.03474212806310481,scenario
61,Cyber Security Governance & Risk Management (Industrial Control Systems),927.98,91.6,0.09870902390137717,scenario
61,Cyber Security Management,927.98,448.88,0.4837173214939977,scenario
61,Cyber Threat Intelligence,927.98,212.37,0.2288519149119593,scenario
61,Data Protection & Privacy,927.98,95.7,0.10312722256945193,scenario
61,Digital Forensics,927.98,200.74,0.21631931722666436,scenario
61,Digital Forensics (Industrial Control Systems),927.98,260.1,0.2802862130649368,scenario
61,Identity & Access Management,927.98,298.62,0.32179572835621456,scenario
61,Incident response,927.98,211.7,0.22812991659303,scenario
61,Incident response (Industrial Control Systems),927.98,271.06,0.2920968124313024,scenario
61,Network Monitoring & Intrusion Detection,927.98,161.56,0.17409857971076964,scenario
61,Secure Operations,927.98,261.73,0.2820427164378543,scenario
61,Secure Operations (Industrial control systems),927.98,321.09000000000003,0.34600961227612664,scenario
61,Secure System Architecture & Design,927.98,336.73,0.3628634237806849,scenario
61,Secure System Architecture & Design (Industrial Control Systems),927.98,396.09000000000003,0.42683031961895734,scenario
61,Secure System Development,927.98,336.73,0.3628634237806849,scenario
61,Secure System Development (Industrial Control Systems),927.98,396.09000000000003,0.42683031961895734,scenario
61,Security Testing,927.98,318.32,0.34302463415159806,scenario
61,Vulnerability Management,927.98,247.83999999999997,0.267074721437962,scenario
62,Cryptography & Communications Security (Cryptographer),1333.6000000000001,267.65,0.2006973605278944,scenario
62,Cryptography & Communications Security (Secure Communications Operator),1333.6000000000001,267.65,0.2006973605278944,scenario
62,Cyber Security Audit & Assurance,1333.6000000000001,279.82,0.20982303539292138,scenario
62,Cyber Security Governance & Risk Management,1333.6000000000001,180,0.1349730053989202,scenario
62,Cyber Security Governance & Risk Management (Industrial Control Systems),1333.6000000000001,240,0.17996400719856026,scenario
62,Cyber Security Management,1333.6000000000001,639.8199999999999,0.47976904619076177,scenario
62,Cyber Threat Intelligence,1333.6000000000001,420,0.31493701259748047,scenario
62,Data Protection & Privacy,1333.6000000000001,254.43,0.1907843431313737,scenario
62,Digital Forensics,1333.6000000000001,381.11,0.28577534493101375,scenario
62,Digital Forensics (Industrial Control Systems),1333.6000000000001,471.11,0.35326184763047386,scenario
62,Identity & Access Management,1333.6000000000001,300,0.22495500899820034,scenario
62,Incident response,1333.6000000000001,300,0.22495500899820034,scenario
62,Incident response (Industrial Control Systems),1333.6000000000001,390,0.2924415116976604,scenario
62,Network Monitoring & Intrusion Detection,1333.6000000000001,267.65,0.2006973605278944,scenario
62,Secure Operations,1333.6000000000001,330,0.24745050989802037,scenario
62,Secure Operations (Industrial control systems),1333.6000000000001,390,0.2924415116976604,scenario
62,Secure System Architecture & Design,1333.6000000000001,360,0.2699460107978404,scenario
62,Secure System Architecture & Design (Industrial Control Systems),1333.6000000000001,450,0.3374325134973005,scenario
62,Secure System Development,1333.6000000000001,360,0.2699460107978404,scenario
62,Secure System Development (Industrial Control Systems),1333.6000000000001,450,0.3374325134973005,scenario
62,Security Testing,1333.6000000000001,447.65,0.3356703659268146,scenario
62,Vulnerability Management,1333.6000000000001,300,0.22495500899820034,scenario
63,Cryptography & Communications Security (Cryptographer),281.34999999999997,178.7,0.6351519459747645,scenario
63,Cryptography & Communications Security (Secure Communications Operator),281.34999999999997,178.7,0.6351519459747645,scenario
63,Cyber Security Audit & Assurance,281.34999999999997,90.11999999999999,0.3203127776790475,scenario
63,Cyber Security Governance & Risk Management,281.34999999999997,63.64,0.22619513062022395,scenario
63,Cyber Security Governance & Risk Management (Industrial Control Systems),281.34999999999997,63.64,0.22619513062022395,scenario
63,Cyber Security Management,281.34999999999997,242.67,0.8625199928914165,scenario
63,Cyber Threat Intelligence,281.34999999999997,115.00999999999999,0.40877910076417273,scenario
63,Data Protection & Privacy,281.34999999999997,94.65,0.33641371956637645,scenario
63,Digital Forensics,281.34999999999997,73.9,0.2626621645637107,scenario
63,Digital Forensics (Industrial Control Systems),281.34999999999997,73.9,0.2626621645637107,scenario
63,Identity & Access Management,281.34999999999997,154.73,0.549955571352408,scenario
63,Incident response,281.34999999999997,80.89,0.28750666429713884,scenario
63,Incident response (Industrial Control Systems),281.34999999999997,80.89,0.28750666429713884,scenario
63,Network Monitoring & Intrusion Detection,281.34999999999997,102.2,0.3632486227119247,scenario
63,Secure Operations,281.34999999999997,144.72,0.5143771103607607,scenario
63,Secure Operations (Industrial control systems),281.34999999999997,144.72,0.5143771103607607,scenario
63,Secure System Architecture & Design,281.34999999999997,72.52,0.2577572418695575,scenario
63,Secure System Architecture & Design (Industrial Control Systems),281.34999999999997,72.52,0.2577572418695575,scenario
63,Secure System Development,281.34999999999997,72.52,0.2577572418695575,scenario
63,Secure System Development (Industrial Control Systems),281.34999999999997,72.52,0.2577572418695575,scenario
63,Security Testing,281.34999999999997,110.71,0.393495645992536,scenario
63,Vulnerability Management,281.34999999999997,137.96,0.4903500977430248,scenario
64,Cryptography & Communications Security (Cryptographer),1034.57,292.74,0.2829581371970964,scenario
64,Cryptography & Communications Security (Secure Communications Operator),1034.57,292.74,0.2829581371970964,scenario
64,Cyber Security Audit & Assurance,1034.57,273.55,0.2644093681432866,scenario
64,Cyber Security Governance & Risk Management,1034.57,175.87,0.1699933305624559,scenario
64,Cyber Security Governance & Risk Management (Industrial Control Systems),1034.57,178.61,0.17264177387706972,scenario
64,Cyber Security Management,1034.57,670.52,0.6481146756623525,scenario
64,Cyber Threat Intelligence,1034.57,411.52,0.397769121470756,scenario
64,Data Protection & Privacy,1034.57,227.69,0.2200817731038016,scenario
64,Digital Forensics,1034.57,418.94,0.4049411832935423,scenario
64,Digital Forensics (Industrial Control Systems),1034.57,421.68,0.40758962660815606,scenario
64,Identity & Access Management,1034.57,383.61,0.37079172989744535,scenario
64,Incident response,1034.57,279.48999999999995,0.27015088394212083,scenario
64,Incident response (Industrial Control Systems),1034.57,282.22999999999996,0.27279932725673467,scenario
64,Network Monitoring & Intrusion Detection,1034.57,236.5,0.22859738828692114,scenario
64,Secure Operations,1034.57,353.05,0.3412528876731396,scenario
64,Secure Operations (Industrial control systems),1034.57,355.79,0.3439013309877534,scenario
64,Secure System Architecture & Design,1034.57,334.09999999999997,0.3229360990556463,scenario
64,Secure System Architecture & Design (Industrial Control Systems),1034.57,336.84,0.3255845423702601,scenario
64,Secure System Development,1034.57,334.09999999999997,0.3229360990556463,scenario
64,Secure System Development (Industrial Control Systems),1034.57,336.84,0.3255845423702601,scenario
64,Security Testing,1034.57,399.26,0.3859187875155862,scenario
64,Vulnerability Management,1034.57,375.71,0.36315570720202595,scenario
65,Cryptography & Communications Security (Cryptographer),1027.8799999999999,279.69,0.2721037475191657,scenario
65,Cryptography & Communications Security (Secure Communications Operator),1027.8799999999999,279.69,0.2721037475191657,scenario
65,Cyber Security Audit & Assurance,1027.8799999999999,321.62,0.3128964470560766,scenario
65,Cyber Security Governance & Risk Management,1027.8799999999999,230.99,0.22472467603222168,scenario
65,Cyber Security Governance & Risk Management (Industrial Control Systems),1027.8799999999999,251.56,0.24473673969724094,scenario
65,Cyber Security Management,1027.8799999999999,668.2399999999999,0.6501147993929253,scenario
65,Cyber Threat Intelligence,1027.8799999999999,367.19000000000005,0.357230416001868,scenario
65,Data Protection & Privacy,1027.8799999999999,240.63,0.2341032027084874,scenario
65,Digital Forensics,1027.8799999999999,321.94,0.3132077674436705,scenario
65,Digital Forensics (Industrial Control Systems),1027.8799999999999,342.51,0.33321983110868975,scenario
65,Identity & Access Management,1027.8799999999999,355.47,0.34582830680624205,scenario
65,Incident response,1027.8799999999999,254.22,0.2473245904191151,scenario
65,Incident response (Industrial Control Systems),1027.8799999999999,274.79,0.2673366540841344,scenario
65,Network Monitoring & Intrusion Detection,1027.8799999999999,235.57,0.22918044907965912,scenario
65,Secure Operations,1027.8799999999999,329.64,0.3206989142701483,scenario
65,Secure Operations (Industrial control systems),1027.8799999999999,350.21,0.3407109779351675,scenario
65,Secure System Architecture & Design,1027.8799999999999,223.5,0.21743783321010238,scenario
65,Secure System Architecture & Design (Industrial Control Systems),1027.8799999999999,244.07,0.23744989687512164,scenario
65,Secure System Development,1027.8799999999999,223.5,0.21743783321010238,scenario
65,Secure System Development (Industrial Control Systems),1027.8799999999999,244.07,0.23744989687512164,scenario
65,Security Testing,1027.8799999999999,375.84000000000003,0.36564579522901514,scenario
65,Vulnerability Management,1027.8799999999999,320.68,0.3119819434175196,scenario
