id,Specialism,alignment_type,threshold_sum,indicator_sum,indicator_mean,indicator_max,indicator_min,alignment_index
1,Cryptography & Communications Security (Cryptographer),personal,450,60.910000000000004,7.6137500000000005,23.87,0,0.13535555555555556
1,Cryptography & Communications Security (Secure Communications Operator),personal,420,60.910000000000004,7.6137500000000005,23.87,0,0.14502380952380953
1,Cyber Security Audit & Assurance,personal,360,164.76,27.46,60,0,0.45766666666666667
1,Cyber Security Governance & Risk Management,personal,240,90,22.5,60,0,0.375
1,Cyber Security Governance & Risk Management (Industrial Control Systems),personal,300,90,18,60,0,0.3
1,Cyber Security Management,personal,870,308.58,14.694285714285716,60,0,0.3546896551724138
1,Cyber Threat Intelligence,personal,420,284.21,40.60142857142857,90,0,0.6766904761904762
1,Data Protection & Privacy,personal,330,53.870000000000005,10.774000000000001,30,0,0.16324242424242424
1,Digital Forensics,personal,480,208.15,26.01875,60,0,0.43364583333333334
1,Digital Forensics (Industrial Control Systems),personal,570,208.15,23.127777777777776,60,0,0.36517543859649126
1,Identity & Access Management,personal,510,97.59,10.843333333333334,30,0,0.1913529411764706
1,Incident response,personal,330,254.20999999999998,36.315714285714286,60,0,0.7703333333333333
1,Incident response (Industrial Control Systems),personal,420,254.20999999999998,31.77625,60,0,0.6052619047619047
1,Network Monitoring & Intrusion Detection,personal,270,164.20999999999998,41.0525,60,23.32,0.6081851851851852
1,Secure Operations,personal,420,177.92999999999998,22.24125,50.89,0,0.4236428571428571
1,Secure Operations (Industrial control systems),personal,480,177.92999999999998,19.77,50.89,0,0.37068749999999995
1,Secure System Architecture & Design,personal,540,83.82,10.4775,24.01,0,0.1552222222222222
1,Secure System Architecture & Design (Industrial Control Systems),personal,630,83.82,9.313333333333333,24.01,0,0.13304761904761903
1,Secure System Development,personal,540,83.82,10.4775,24.01,0,0.1552222222222222
1,Secure System Development (Industrial Control Systems),personal,630,83.82,9.313333333333333,24.01,0,0.13304761904761903
1,Security Testing,personal,510,190.1,27.157142857142855,90,0,0.3727450980392157
1,Vulnerability Management,personal,390,194.20999999999998,32.36833333333333,60,0,0.49797435897435893
2,Cryptography & Communications Security (Cryptographer),personal,450,251.18,31.3975,73.53,3.43,0.5581777777777778
2,Cryptography & Communications Security (Secure Communications Operator),personal,420,251.18,31.3975,73.53,3.43,0.598047619047619
2,Cyber Security Audit & Assurance,personal,360,255.53,42.58833333333333,90,8.09,0.7098055555555556
2,Cyber Security Governance & Risk Management,personal,240,188.09,47.0225,90,8.09,0.7837083333333333
2,Cyber Security Governance & Risk Management (Industrial Control Systems),personal,300,248.09,49.618,90,8.09,0.8269666666666666
2,Cyber Security Management,personal,870,559.49,26.642380952380954,90,3.43,0.6430919540229885
2,Cyber Threat Intelligence,personal,420,198.47,28.352857142857143,60,12.07,0.47254761904761905
2,Data Protection & Privacy,personal,330,253.28000000000003,50.656,84.09,8.09,0.7675151515151516
2,Digital Forensics,personal,480,217.39,27.173750000000002,84.09,10.7,0.45289583333333333
2,Digital Forensics (Industrial Control Systems),personal,570,293.93,32.65888888888889,84.09,10.7,0.5156666666666667
2,Identity & Access Management,personal,510,261.15,29.016666666666666,60,3.43,0.5120588235294117
2,Incident response,personal,330,125.89,17.984285714285715,31.28,8.09,0.3814848484848485
2,Incident response (Industrial Control Systems),personal,420,202.43,25.30375,76.54,8.09,0.4819761904761905
2,Network Monitoring & Intrusion Detection,personal,270,136.5,34.125,73.53,12.07,0.5055555555555555
2,Secure Operations,personal,420,221.73000000000002,27.716250000000002,60,8.09,0.5279285714285715
2,Secure Operations (Industrial control systems),personal,480,281.73,31.30333333333333,60,8.09,0.5869375
2,Secure System Architecture & Design,personal,540,139.33,17.41625,38.27,3.43,0.25801851851851854
2,Secure System Architecture & Design (Industrial Control Systems),personal,630,215.87,23.985555555555557,76.54,3.43,0.34265079365079365
2,Secure System Development,personal,540,139.33,17.41625,38.27,3.43,0.25801851851851854
2,Secure System Development (Industrial Control Systems),personal,630,215.87,23.985555555555557,76.54,3.43,0.34265079365079365
2,Security Testing,personal,510,227.91,32.558571428571426,73.53,10.7,0.44688235294117645
2,Vulnerability Management,personal,390,163.67000000000002,27.278333333333332,60,10.7,0.4196666666666667
3,Cryptography & Communications Security (Cryptographer),personal,450,347.72,43.464999999999996,90,4.43,0.7727111111111111
3,Cryptography & Communications Security (Secure Communications Operator),personal,420,317.72,39.715,90,4.43,0.7564761904761905
3,Cyber Security Audit & Assurance,personal,360,248.86,41.47666666666667,90,4.43,0.6912777777777778
3,Cyber Security Governance & Risk Management,personal,240,184.43,46.1075,90,4.43,0.7684583333333334
3,Cyber Security Governance & Risk Management (Industrial Control Systems),personal,300,244.43,48.886,90,4.43,0.8147666666666666
3,Cyber Security Management,personal,870,626.58,29.837142857142858,90,4.43,0.7202068965517242
3,Cyber Threat Intelligence,personal,420,364.43,52.06142857142857,90,4.43,0.8676904761904762
3,Data Protection & Privacy,personal,330,103.29000000000002,20.658,60,4.43,0.31300000000000006
3,Digital Forensics,personal,480,354.11,44.26375,60,4.43,0.7377291666666667
3,Digital Forensics (Industrial Control Systems),personal,570,444.11,49.345555555555556,90,4.43,0.779140350877193
3,Identity & Access Management,personal,510,287.72,31.968888888888888,90,4.43,0.5641568627450981
3,Incident response,personal,330,330,47.142857142857146,90,30,1
3,Incident response (Industrial Control Systems),personal,420,420,52.5,90,30,1
3,Network Monitoring & Intrusion Detection,personal,270,270,67.5,90,30,1
3,Secure Operations,personal,420,278.86,34.8575,90,4.43,0.663952380952381
3,Secure Operations (Industrial control systems),personal,480,338.86,37.65111111111111,90,4.43,0.7059583333333334
3,Secure System Architecture & Design,personal,540,484.43,60.55375,90,4.43,0.8970925925925926
3,Secure System Architecture & Design (Industrial Control Systems),personal,630,574.4300000000001,63.82555555555555,90,4.43,0.9117936507936509
3,Secure System Development,personal,540,484.43,60.55375,90,4.43,0.8970925925925926
3,Secure System Development (Industrial Control Systems),personal,630,574.4300000000001,63.82555555555555,90,4.43,0.9117936507936509
3,Security Testing,personal,510,454.43,64.91857142857143,90,4.43,0.8910392156862745
3,Vulnerability Management,personal,390,390,65,90,30,1
4,Cryptography & Communications Security (Cryptographer),personal,450,359.94,44.9925,90,16.47,0.7998666666666666
4,Cryptography & Communications Security (Secure Communications Operator),personal,420,359.94,44.9925,90,16.47,0.857
4,Cyber Security Audit & Assurance,personal,360,276.29,46.04833333333333,66.18,16.47,0.7674722222222223
4,Cyber Security Governance & Risk Management,personal,240,199.82,49.955,66.18,30,0.8325833333333333
4,Cyber Security Governance & Risk Management (Industrial Control Systems),personal,300,259.82,51.964,66.18,30,0.8660666666666667
4,Cyber Security Management,personal,870,715.94,34.09238095238096,78.9,8.96,0.8229195402298851
4,Cyber Threat Intelligence,personal,420,356.18000000000006,50.88285714285714,78.9,30,0.8480476190476192
4,Data Protection & Privacy,personal,330,206.18,41.236,60,16.47,0.6247878787878788
4,Digital Forensics,personal,480,358.55,44.81875,60,26.3,0.7469791666666666
4,Digital Forensics (Industrial Control Systems),personal,570,448.55,49.83888888888889,90,26.3,0.7869298245614035
4,Identity & Access Management,personal,510,346.7,38.522222222222226,60,16.47,0.6798039215686275
4,Incident response,personal,330,316.35999999999996,45.19428571428571,78.9,27.46,0.9586666666666666
4,Incident response (Industrial Control Systems),personal,420,406.35999999999996,50.795,90,27.46,0.9675238095238095
4,Network Monitoring & Intrusion Detection,personal,270,258.9,64.725,90,30,0.9588888888888888
4,Secure Operations,personal,420,374.96999999999997,46.87125,78.9,30,0.8927857142857142
4,Secure Operations (Industrial control systems),personal,480,434.96999999999997,48.33,78.9,30,0.9061874999999999
4,Secure System Architecture & Design,personal,540,301.44,37.68,60,26.3,0.5582222222222222
4,Secure System Architecture & Design (Industrial Control Systems),personal,630,391.44,43.49333333333333,90,26.3,0.6213333333333333
4,Secure System Development,personal,540,301.44,37.68,60,26.3,0.5582222222222222
4,Secure System Development (Industrial Control Systems),personal,630,391.44,43.49333333333333,90,26.3,0.6213333333333333
4,Security Testing,personal,510,320.86,45.83714285714286,90,26.3,0.6291372549019608
4,Vulnerability Management,personal,390,315.20000000000005,52.53333333333333,78.9,26.3,0.8082051282051284
5,Cryptography & Communications Security (Cryptographer),personal,450,135.08,16.885,30,2.6,0.3001777777777778
5,Cryptography & Communications Security (Secure Communications Operator),personal,420,135.08,16.885,30,2.6,0.32161904761904764
5,Cyber Security Audit & Assurance,personal,360,227.4,37.9,83.24,6.07,0.6316666666666667
5,Cyber Security Governance & Risk Management,personal,240,166.42,41.605,83.24,17.63,0.6934166666666666
5,Cyber Security Governance & Risk Management (Industrial Control Systems),personal,300,177.39999999999998,35.48,83.24,10.98,0.5913333333333333
5,Cyber Security Management,personal,870,454.8,21.65714285714286,83.24,2.6,0.5227586206896552
5,Cyber Threat Intelligence,personal,420,164.11,23.444285714285712,54.91,6.07,0.3907380952380953
5,Data Protection & Privacy,personal,330,201.32999999999998,40.266,60,17.63,0.610090909090909
5,Digital Forensics,personal,480,165.03,20.62875,54.91,6.07,0.3438125
5,Digital Forensics (Industrial Control Systems),personal,570,176.01,19.556666666666665,54.91,6.07,0.3087894736842105
5,Identity & Access Management,personal,510,242.25,26.916666666666664,60,2.6,0.475
5,Incident response,personal,330,127.17,18.167142857142856,54.91,6.07,0.38536363636363635
5,Incident response (Industrial Control Systems),personal,420,138.15,17.26875,54.91,6.07,0.32892857142857146
5,Network Monitoring & Intrusion Detection,personal,270,88.44,22.11,54.91,6.07,0.32755555555555554
5,Secure Operations,personal,420,178.03,22.25375,54.91,8.09,0.42388095238095236
5,Secure Operations (Industrial control systems),personal,480,189.01,21.00111111111111,54.91,8.09,0.3937708333333333
5,Secure System Architecture & Design,personal,540,129.47,16.18375,43.93,2.6,0.23975925925925926
5,Secure System Architecture & Design (Industrial Control Systems),personal,630,140.45,15.605555555555556,43.93,2.6,0.2229365079365079
5,Secure System Development,personal,540,129.47,16.18375,43.93,2.6,0.23975925925925926
5,Secure System Development (Industrial Control Systems),personal,630,140.45,15.605555555555556,43.93,2.6,0.2229365079365079
5,Security Testing,personal,510,151.73999999999998,21.677142857142858,43.93,6.07,0.2975294117647058
5,Vulnerability Management,personal,390,130.29,21.715,54.91,6.07,0.33407692307692305
6,Cryptography & Communications Security (Cryptographer),personal,450,226.89999999999998,28.3625,64.47,5.21,0.5042222222222221
6,Cryptography & Communications Security (Secure Communications Operator),personal,420,226.89999999999998,28.3625,64.47,5.21,0.5402380952380952
6,Cyber Security Audit & Assurance,personal,360,150.20000000000002,25.033333333333335,52.67,5.76,0.41722222222222227
6,Cyber Security Governance & Risk Management,personal,240,114.36000000000001,28.59,40.6,6.31,0.47650000000000003
6,Cyber Security Governance & Risk Management (Industrial Control Systems),personal,300,119.16000000000001,23.832,40.6,4.8,0.39720000000000005
6,Cyber Security Management,personal,870,436.84000000000003,20.801904761904762,52.67,4.8,0.5021149425287357
6,Cyber Threat Intelligence,personal,420,226.35000000000002,32.33571428571429,52.67,5.76,0.5389285714285715
6,Data Protection & Privacy,personal,330,141.84,28.368000000000002,50.07,6.31,0.4298181818181818
6,Digital Forensics,personal,480,218.15000000000003,27.26875,52.67,5.21,0.4544791666666667
6,Digital Forensics (Industrial Control Systems),personal,570,222.95000000000005,24.772222222222222,52.67,4.8,0.39114035087719307
6,Identity & Access Management,personal,510,280.85,31.205555555555556,54.6,5.76,0.550686274509804
6,Incident response,personal,330,172.48,24.64,52.67,5.76,0.5226666666666666
6,Incident response (Industrial Control Systems),personal,420,177.28,22.16,52.67,4.8,0.4220952380952381
6,Network Monitoring & Intrusion Detection,personal,270,163.37,40.8425,64.47,5.76,0.6050740740740741
6,Secure Operations,personal,420,286.93,35.86625,60,5.21,0.6831666666666667
6,Secure Operations (Industrial control systems),personal,480,291.73,32.41444444444444,60,4.8,0.6077708333333334
6,Secure System Architecture & Design,personal,540,174.03,21.75375,54.6,5.21,0.3222777777777778
6,Secure System Architecture & Design (Industrial Control Systems),personal,630,178.83,19.87,54.6,4.8,0.28385714285714286
6,Secure System Development,personal,540,174.03,21.75375,54.6,5.21,0.3222777777777778
6,Secure System Development (Industrial Control Systems),personal,630,178.83,19.87,54.6,4.8,0.28385714285714286
6,Security Testing,personal,510,217.29,31.041428571428572,64.47,5.76,0.42605882352941177
6,Vulnerability Management,personal,390,243.5,40.583333333333336,60,5.76,0.6243589743589744
7,Cryptography & Communications Security (Cryptographer),personal,450,325.98,40.7475,83.26,7.68,0.7244
7,Cryptography & Communications Security (Secure Communications Operator),personal,420,302.71999999999997,37.839999999999996,80.11,7.68,0.7207619047619047
7,Cyber Security Audit & Assurance,personal,360,196.97999999999996,32.83,73.39,10.97,0.5471666666666666
7,Cyber Security Governance & Risk Management,personal,240,151.18,37.795,60,14.68,0.6299166666666667
7,Cyber Security Governance & Risk Management (Industrial Control Systems),personal,300,211.18,42.236,60,14.68,0.7039333333333334
7,Cyber Security Management,personal,870,523.8099999999998,24.94333333333333,73.39,7.68,0.6020804597701147
7,Cyber Threat Intelligence,personal,420,197.36,28.194285714285716,60,10.43,0.46990476190476194
7,Data Protection & Privacy,personal,330,205.95999999999998,41.192,73.39,11.39,0.6241212121212121
7,Digital Forensics,personal,480,254.05999999999995,31.7575,73.39,10.43,0.5292916666666666
7,Digital Forensics (Industrial Control Systems),personal,570,333.2099999999999,37.02333333333333,79.15,10.43,0.5845789473684209
7,Identity & Access Management,personal,510,272.40000000000003,30.266666666666666,60.63,10.97,0.5341176470588236
7,Incident response,personal,330,152.04,21.72,40.05,10.43,0.4607272727272727
7,Incident response (Industrial Control Systems),personal,420,231.19,28.89875,79.15,10.43,0.5504523809523809
7,Network Monitoring & Intrusion Detection,personal,270,138.95,34.7375,72.02,10.97,0.5146296296296295
7,Secure Operations,personal,420,243.22,30.4025,60.63,10.43,0.5790952380952381
7,Secure Operations (Industrial control systems),personal,480,303.22,33.69111111111111,60.63,10.43,0.6317083333333334
7,Secure System Architecture & Design,personal,540,292.80999999999995,36.60125,90,11.39,0.5422407407407407
7,Secure System Architecture & Design (Industrial Control Systems),personal,630,371.9599999999999,41.32888888888889,90,11.39,0.5904126984126983
7,Secure System Development,personal,540,292.80999999999995,36.60125,90,11.39,0.5422407407407407
7,Secure System Development (Industrial Control Systems),personal,630,371.9599999999999,41.32888888888889,90,11.39,0.5904126984126983
7,Security Testing,personal,510,200.19,28.59857142857143,72.02,10.97,0.3925294117647059
7,Vulnerability Management,personal,390,168.32,28.053333333333335,60,10.97,0.43158974358974356
8,Cryptography & Communications Security (Cryptographer),personal,450,86.07000000000001,10.75875,30,1.1,0.1912666666666667
8,Cryptography & Communications Security (Secure Communications Operator),personal,420,86.07000000000001,10.75875,30,1.1,0.20492857142857146
8,Cyber Security Audit & Assurance,personal,360,192.14,32.02333333333333,90,0.82,0.5337222222222222
8,Cyber Security Governance & Risk Management,personal,240,161.32,40.33,90,1.78,0.6721666666666667
8,Cyber Security Governance & Risk Management (Industrial Control Systems),personal,300,167.22,33.444,90,1.78,0.5574
8,Cyber Security Management,personal,870,267.13999999999993,12.72095238095238,90,0.69,0.3070574712643677
8,Cyber Threat Intelligence,personal,420,81.98,11.711428571428572,45.4,0.69,0.1951904761904762
8,Data Protection & Privacy,personal,330,220.64,44.128,90,1.1,0.6686060606060605
8,Digital Forensics,personal,480,56.37,7.04625,45.4,0.82,0.1174375
8,Digital Forensics (Industrial Control Systems),personal,570,62.269999999999996,6.918888888888889,45.4,0.82,0.10924561403508772
8,Identity & Access Management,personal,510,174.95999999999998,19.44,60,0.82,0.34305882352941175
8,Incident response,personal,330,32.64000000000001,4.662857142857144,24.14,0.69,0.09890909090909093
8,Incident response (Industrial Control Systems),personal,420,38.540000000000006,4.8175,24.14,0.69,0.09176190476190478
8,Network Monitoring & Intrusion Detection,personal,270,4.8,1.2,1.78,0.69,0.017777777777777778
8,Secure Operations,personal,420,34.57,4.32125,24.14,0.69,0.0823095238095238
8,Secure Operations (Industrial control systems),personal,480,40.47,4.496666666666667,24.14,0.69,0.0843125
8,Secure System Architecture & Design,personal,540,30.18,3.7724999999999995,18.24,1.51,0.05588888888888889
8,Secure System Architecture & Design (Industrial Control Systems),personal,630,36.08,4.0088888888888885,18.24,1.51,0.05726984126984127
8,Secure System Development,personal,540,30.18,3.7724999999999995,18.24,1.51,0.05588888888888889
8,Secure System Development (Industrial Control Systems),personal,630,36.08,4.0088888888888885,18.24,1.51,0.05726984126984127
8,Security Testing,personal,510,53.35999999999999,7.622857142857143,45.4,0.69,0.10462745098039214
8,Vulnerability Management,personal,390,36.309999999999995,6.051666666666667,30,0.69,0.0931025641025641
9,Cryptography & Communications Security (Cryptographer),personal,450,262.21,32.77625,90,7,0.5826888888888888
9,Cryptography & Communications Security (Secure Communications Operator),personal,420,232.20999999999998,29.02625,62,7,0.5528809523809524
9,Cyber Security Audit & Assurance,personal,360,324.7,54.11666666666667,87.24,19.2,0.9019444444444444
9,Cyber Security Governance & Risk Management,personal,240,237.11,59.2775,87.11,30,0.9879583333333334
9,Cyber Security Governance & Risk Management (Industrial Control Systems),personal,300,249.32000000000002,49.864,87.11,12.21,0.8310666666666667
9,Cyber Security Management,personal,870,638.2099999999999,30.39095238095238,87.24,7,0.733574712643678
9,Cyber Threat Intelligence,personal,420,215.05,30.72142857142857,60,13.85,0.5120238095238095
9,Data Protection & Privacy,personal,330,250.49,50.098,87.24,12.62,0.7590606060606061
9,Digital Forensics,personal,480,246.98999999999998,30.87375,87.24,12.89,0.5145624999999999
9,Digital Forensics (Industrial Control Systems),personal,570,259.2,28.8,87.24,12.21,0.45473684210526316
9,Identity & Access Management,personal,510,295.28,32.80888888888889,60,7,0.5789803921568627
9,Incident response,personal,330,171.10000000000002,24.442857142857143,41.15,13.85,0.5184848484848485
9,Incident response (Industrial Control Systems),personal,420,183.31000000000003,22.91375,41.15,12.21,0.43645238095238104
9,Network Monitoring & Intrusion Detection,personal,270,136.2,34.05,62,13.85,0.5044444444444444
9,Secure Operations,personal,420,204.67,25.583750000000002,60,7,0.4873095238095238
9,Secure Operations (Industrial control systems),personal,480,216.88,24.09777777777778,60,7,0.4518333333333333
9,Secure System Architecture & Design,personal,540,194.8,24.35,60,7,0.36074074074074075
9,Secure System Architecture & Design (Industrial Control Systems),personal,630,207.01000000000002,23.00111111111111,60,7,0.3285873015873016
9,Secure System Development,personal,540,194.8,24.35,60,7,0.36074074074074075
9,Secure System Development (Industrial Control Systems),personal,630,207.01000000000002,23.00111111111111,60,7,0.3285873015873016
9,Security Testing,personal,510,217.60000000000002,31.085714285714285,62,12.89,0.4266666666666667
9,Vulnerability Management,personal,390,180.66,30.11,60,13.85,0.4632307692307692
10,Cryptography & Communications Security (Cryptographer),personal,450,186.34999999999997,23.29375,50.48,4.53,0.41411111111111104
10,Cryptography & Communications Security (Secure Communications Operator),personal,420,186.34999999999997,23.29375,50.48,4.53,0.44369047619047614
10,Cyber Security Audit & Assurance,personal,360,189.99,31.665,77.37,4.53,0.52775
10,Cyber Security Governance & Risk Management,personal,240,170.47,42.6175,77.37,9.33,0.7102916666666667
10,Cyber Security Governance & Risk Management (Industrial Control Systems),personal,300,230.47,46.094,77.37,9.33,0.7682333333333333
10,Cyber Security Management,personal,870,469.9700000000001,22.37952380952381,77.37,2.74,0.5401954022988507
10,Cyber Threat Intelligence,personal,420,200.60000000000002,28.65714285714286,53.77,9.74,0.47761904761904767
10,Data Protection & Privacy,personal,330,153.42,30.684,60,4.53,0.4649090909090909
10,Digital Forensics,personal,480,197.07,24.63375,53.77,9.74,0.4105625
10,Digital Forensics (Industrial Control Systems),personal,570,287.07,31.89666666666667,90,9.74,0.5036315789473684
10,Identity & Access Management,personal,510,234.95999999999998,26.106666666666666,60,4.53,0.46070588235294113
10,Incident response,personal,330,140.15,20.021428571428572,35.25,9.33,0.42469696969696974
10,Incident response (Industrial Control Systems),personal,420,230.15,28.76875,90,9.33,0.5479761904761905
10,Network Monitoring & Intrusion Detection,personal,270,121.12,30.28,50.48,9.74,0.4485925925925926
10,Secure Operations,personal,420,229.22,28.6525,50.48,9.33,0.5457619047619048
10,Secure Operations (Industrial control systems),personal,480,289.22,32.135555555555555,60,9.33,0.6025416666666668
10,Secure System Architecture & Design,personal,540,171.42000000000002,21.4275,47.6,5.08,0.3174444444444445
10,Secure System Architecture & Design (Industrial Control Systems),personal,630,261.42,29.046666666666667,90,5.08,0.41495238095238096
10,Secure System Development,personal,540,171.42000000000002,21.4275,47.6,5.08,0.3174444444444445
10,Secure System Development (Industrial Control Systems),personal,630,261.42,29.046666666666667,90,5.08,0.41495238095238096
10,Security Testing,personal,510,195.45999999999998,27.922857142857143,53.77,9.74,0.38325490196078427
10,Vulnerability Management,personal,390,173.34,28.89,50.48,9.74,0.44446153846153846
11,Cryptography & Communications Security (Cryptographer),personal,450,41.839999999999996,5.2299999999999995,12.35,2.47,0.09297777777777777
11,Cryptography & Communications Security (Secure Communications Operator),personal,420,41.839999999999996,5.2299999999999995,12.35,2.47,0.09961904761904761
11,Cyber Security Audit & Assurance,personal,360,93.01,15.501666666666669,67.76,3.57,0.25836111111111115
11,Cyber Security Governance & Risk Management,personal,240,84.77,21.192500000000003,67.76,3.57,0.3532083333333333
11,Cyber Security Governance & Risk Management (Industrial Control Systems),personal,300,88.75,17.75,67.76,3.57,0.29583333333333334
11,Cyber Security Management,personal,870,151.31,7.205238095238095,67.76,2.47,0.17391954022988507
11,Cyber Threat Intelligence,personal,420,65.67999999999999,9.382857142857143,30,3.02,0.15638095238095237
11,Data Protection & Privacy,personal,330,80.3,16.06,60,2.74,0.24333333333333332
11,Digital Forensics,personal,480,44.32,5.54,12.35,3.02,0.09233333333333334
11,Digital Forensics (Industrial Control Systems),personal,570,48.3,5.366666666666666,12.35,3.02,0.08473684210526315
11,Identity & Access Management,personal,510,93.34,10.37111111111111,60,2.47,0.18301960784313726
11,Incident response,personal,330,34.17,4.881428571428572,12.35,3.02,0.10354545454545455
11,Incident response (Industrial Control Systems),personal,420,38.15,4.76875,12.35,3.02,0.09083333333333334
11,Network Monitoring & Intrusion Detection,personal,270,23.47,5.8675,12.35,3.43,0.08692592592592592
11,Secure Operations,personal,420,36.63,4.578749999999999,12.35,2.47,0.08721428571428572
11,Secure Operations (Industrial control systems),personal,480,40.61,4.512222222222222,12.35,2.47,0.08460416666666666
11,Secure System Architecture & Design,personal,540,36.629999999999995,4.57875,12.35,2.47,0.06783333333333333
11,Secure System Architecture & Design (Industrial Control Systems),personal,630,40.60999999999999,4.512222222222222,12.35,2.47,0.06446031746031745
11,Secure System Development,personal,540,36.629999999999995,4.57875,12.35,2.47,0.06783333333333333
11,Secure System Development (Industrial Control Systems),personal,630,40.60999999999999,4.512222222222222,12.35,2.47,0.06446031746031745
11,Security Testing,personal,510,38.97,5.567142857142857,12.35,2.61,0.07641176470588235
11,Vulnerability Management,personal,390,56.9,9.483333333333333,30,3.43,0.1458974358974359
12,Cryptography & Communications Security (Cryptographer),personal,450,239.75,29.96875,43.9,15.91,0.5327777777777778
12,Cryptography & Communications Security (Secure Communications Operator),personal,420,239.75,29.96875,43.9,15.91,0.5708333333333333
12,Cyber Security Audit & Assurance,personal,360,251.95999999999998,41.99333333333333,60,30,0.6998888888888888
12,Cyber Security Governance & Risk Management,personal,240,161.95999999999998,40.49,50.89,30,0.6748333333333333
12,Cyber Security Governance & Risk Management (Industrial Control Systems),personal,300,185.27999999999997,37.056,50.89,23.32,0.6175999999999999
12,Cyber Security Management,personal,870,613.91,29.233809523809523,90,2.88,0.7056436781609196
12,Cyber Threat Intelligence,personal,420,283.87,40.55285714285714,90,24.69,0.6758809523809524
12,Data Protection & Privacy,personal,330,209.42000000000002,41.884,50.89,30,0.6346060606060606
12,Digital Forensics,personal,480,254.73000000000002,31.84125,60,17.01,0.5306875000000001
12,Digital Forensics (Industrial Control Systems),personal,570,278.05,30.894444444444446,60,17.01,0.4878070175438597
12,Identity & Access Management,personal,510,310.3,34.47777777777778,55.56,15.91,0.6084313725490196
12,Incident response,personal,330,259.03999999999996,37.005714285714284,90,24.69,0.7849696969696969
12,Incident response (Industrial Control Systems),personal,420,282.35999999999996,35.295,90,23.32,0.6722857142857142
12,Network Monitoring & Intrusion Detection,personal,270,188.59,47.1475,90,24.69,0.6984814814814815
12,Secure Operations,personal,420,334.68,41.835,90,18.24,0.7968571428571428
12,Secure Operations (Industrial control systems),personal,480,358,39.77777777777778,90,18.24,0.7458333333333333
12,Secure System Architecture & Design,personal,540,191.85999999999999,23.9825,55.56,8.78,0.3552962962962963
12,Secure System Architecture & Design (Industrial Control Systems),personal,630,215.17999999999998,23.90888888888889,55.56,8.78,0.3415555555555555
12,Secure System Development,personal,540,191.85999999999999,23.9825,55.56,8.78,0.3552962962962963
12,Secure System Development (Industrial Control Systems),personal,630,215.17999999999998,23.90888888888889,55.56,8.78,0.3415555555555555
12,Security Testing,personal,510,195.57000000000002,27.93857142857143,50.89,8.78,0.3834705882352942
12,Vulnerability Management,personal,390,239.75000000000003,39.958333333333336,90,20.3,0.6147435897435898
13,Cryptography & Communications Security (Cryptographer),personal,450,300.43,37.55375,80.6,19.01,0.6676222222222222
13,Cryptography & Communications Security (Secure Communications Operator),personal,420,300.43,37.55375,80.6,19.01,0.7153095238095238
13,Cyber Security Audit & Assurance,personal,360,279.37,46.56166666666667,60,30,0.7760277777777778
13,Cyber Security Governance & Risk Management,personal,240,189.37,47.3425,53.44,30,0.7890416666666666
13,Cyber Security Governance & Risk Management (Industrial Control Systems),personal,300,225.39000000000001,45.078,53.44,30,0.7513000000000001
13,Cyber Security Management,personal,870,696.72,33.17714285714286,90,2.96,0.8008275862068965
13,Cyber Threat Intelligence,personal,420,390.04,55.72,90,18.05,0.9286666666666668
13,Data Protection & Privacy,personal,330,249.23000000000002,49.846,60,30,0.7552424242424243
13,Digital Forensics,personal,480,306.11,38.26375,60,15.17,0.6377291666666667
13,Digital Forensics (Industrial Control Systems),personal,570,342.13,38.01444444444444,60,15.17,0.6002280701754386
13,Identity & Access Management,personal,510,408.06000000000006,45.34,79.92,30,0.8001176470588236
13,Incident response,personal,330,291.01,41.572857142857146,90,2.96,0.8818484848484848
13,Incident response (Industrial Control Systems),personal,420,327.03,40.87875,90,2.96,0.7786428571428571
13,Network Monitoring & Intrusion Detection,personal,270,260.6,65.15,90,30,0.9651851851851853
13,Secure Operations,personal,420,391.28000000000003,48.910000000000004,90,18.05,0.9316190476190477
13,Secure Operations (Industrial control systems),personal,480,427.3,47.47777777777778,90,18.05,0.8902083333333334
13,Secure System Architecture & Design,personal,540,239.21999999999997,29.9025,53.31,2.96,0.44299999999999995
13,Secure System Architecture & Design (Industrial Control Systems),personal,630,275.23999999999995,30.582222222222224,53.31,2.96,0.4368888888888888
13,Secure System Development,personal,540,239.21999999999997,29.9025,53.31,2.96,0.44299999999999995
13,Secure System Development (Industrial Control Systems),personal,630,275.23999999999995,30.582222222222224,53.31,2.96,0.4368888888888888
13,Security Testing,personal,510,314.71999999999997,44.96,80.6,15.17,0.6170980392156862
13,Vulnerability Management,personal,390,337.67,56.278333333333336,90,30,0.8658205128205129
14,Cryptography & Communications Security (Cryptographer),personal,450,169.28,21.16,37.72,0,0.3761777777777778
14,Cryptography & Communications Security (Secure Communications Operator),personal,420,169.28,21.16,37.72,0,0.40304761904761904
14,Cyber Security Audit & Assurance,personal,360,295.59000000000003,49.265,89.85,20.03,0.8210833333333334
14,Cyber Security Governance & Risk Management,personal,240,229.88,57.47,89.85,20.03,0.9578333333333333
14,Cyber Security Governance & Risk Management (Industrial Control Systems),personal,300,289.88,57.976,89.85,20.03,0.9662666666666666
14,Cyber Security Management,personal,870,572.42,27.258095238095237,89.85,0,0.6579540229885057
14,Cyber Threat Intelligence,personal,420,241.54,34.505714285714284,60,20.03,0.5750952380952381
14,Data Protection & Privacy,personal,330,219.22,43.844,65.71,30,0.6643030303030303
14,Digital Forensics,personal,480,273.03,34.12875,65.71,20.03,0.5688124999999999
14,Digital Forensics (Industrial Control Systems),personal,570,337.35999999999996,37.48444444444444,65.71,20.03,0.591859649122807
14,Identity & Access Management,personal,510,245.37,27.263333333333332,60,0,0.48111764705882354
14,Incident response,personal,330,193.06,27.58,45.54,11.52,0.585030303030303
14,Incident response (Industrial Control Systems),personal,420,257.39,32.17375,64.33,11.52,0.6128333333333333
14,Network Monitoring & Intrusion Detection,personal,270,117.66,29.415,34.57,20.03,0.43577777777777776
14,Secure Operations,personal,420,203.72,25.465,33.06,8.5,0.48504761904761906
14,Secure Operations (Industrial control systems),personal,480,263.72,29.302222222222223,60,8.5,0.5494166666666668
14,Secure System Architecture & Design,personal,540,143.70000000000002,17.9625,37.72,0,0.26611111111111113
14,Secure System Architecture & Design (Industrial Control Systems),personal,630,208.03000000000003,23.114444444444445,64.33,0,0.3302063492063492
14,Secure System Development,personal,540,143.70000000000002,17.9625,37.72,0,0.26611111111111113
14,Secure System Development (Industrial Control Systems),personal,630,208.03000000000003,23.114444444444445,64.33,0,0.3302063492063492
14,Security Testing,personal,510,213.58999999999997,30.512857142857143,60,0,0.4188039215686274
14,Vulnerability Management,personal,390,196.52999999999997,32.755,45.54,20.03,0.5039230769230768
15,Cryptography & Communications Security (Cryptographer),personal,450,63.620000000000005,7.952500000000001,30,2.47,0.1413777777777778
15,Cryptography & Communications Security (Secure Communications Operator),personal,420,63.620000000000005,7.952500000000001,30,2.47,0.1514761904761905
15,Cyber Security Audit & Assurance,personal,360,147.76,24.626666666666665,60,2.88,0.41044444444444445
15,Cyber Security Governance & Risk Management,personal,240,110.17,27.542499999999997,60,5.49,0.4590416666666667
15,Cyber Security Governance & Risk Management (Industrial Control Systems),personal,300,112.09,22.418,60,1.92,0.3736333333333333
15,Cyber Security Management,personal,870,284.28,13.537142857142857,60,0,0.32675862068965517
15,Cyber Threat Intelligence,personal,420,231.70000000000002,33.1,86.15,0,0.5516666666666667
15,Data Protection & Privacy,personal,330,94.48,18.896,41.43,2.88,0.28630303030303034
15,Digital Forensics,personal,480,115.71,14.463750000000001,60,0,0.24106249999999999
15,Digital Forensics (Industrial Control Systems),personal,570,117.63,13.07,60,0,0.20636842105263156
15,Identity & Access Management,personal,510,136.97,15.21888888888889,41.43,2.47,0.26856862745098037
15,Incident response,personal,330,198.43,28.347142857142856,60,0,0.6013030303030303
15,Incident response (Industrial Control Systems),personal,420,200.35,25.04375,60,0,0.4770238095238095
15,Network Monitoring & Intrusion Detection,personal,270,131.16,32.79,60,6.45,0.48577777777777775
15,Secure Operations,personal,420,154.39,19.29875,41.43,0,0.3675952380952381
15,Secure Operations (Industrial control systems),personal,480,156.30999999999997,17.36777777777778,41.43,0,0.3256458333333333
15,Secure System Architecture & Design,personal,540,35.269999999999996,4.4087499999999995,7.41,2.06,0.06531481481481481
15,Secure System Architecture & Design (Industrial Control Systems),personal,630,37.19,4.1322222222222225,7.41,1.92,0.059031746031746025
15,Secure System Development,personal,540,35.269999999999996,4.4087499999999995,7.41,2.06,0.06531481481481481
15,Secure System Development (Industrial Control Systems),personal,630,37.19,4.1322222222222225,7.41,1.92,0.059031746031746025
15,Security Testing,personal,510,133.44,19.062857142857144,84.22,2.06,0.2616470588235294
15,Vulnerability Management,personal,390,178.45000000000002,29.741666666666667,60,2.61,0.4575641025641026
16,Cryptography & Communications Security (Cryptographer),personal,450,233.80999999999997,29.226250000000004,87.68,5.73,0.5195777777777777
16,Cryptography & Communications Security (Secure Communications Operator),personal,420,233.80999999999997,29.226250000000004,87.68,5.73,0.5566904761904762
16,Cyber Security Audit & Assurance,personal,360,193.64,32.27333333333333,60,5.73,0.5378888888888889
16,Cyber Security Governance & Risk Management,personal,240,137.85,34.4625,60,8.02,0.574375
16,Cyber Security Governance & Risk Management (Industrial Control Systems),personal,300,163.92,32.784,60,8.02,0.5464
16,Cyber Security Management,personal,870,552.7199999999999,26.32,85.96,0,0.6353103448275861
16,Cyber Threat Intelligence,personal,420,270.52,38.645714285714284,85.96,8.02,0.644095238095238
16,Data Protection & Privacy,personal,330,99.91,19.982,39.83,5.73,0.3027575757575757
16,Digital Forensics,personal,480,243.79000000000002,30.47375,60,8.02,0.5078958333333333
16,Digital Forensics (Industrial Control Systems),personal,570,269.86,29.984444444444446,60,8.02,0.4734385964912281
16,Identity & Access Management,personal,510,199.92,22.213333333333335,45.85,5.73,0.39199999999999996
16,Incident response,personal,330,286.02,40.86,85.96,20.06,0.8667272727272727
16,Incident response (Industrial Control Systems),personal,420,312.09,39.01125,85.96,20.06,0.7430714285714285
16,Network Monitoring & Intrusion Detection,personal,270,253.7,63.425,87.68,20.06,0.9396296296296296
16,Secure Operations,personal,420,309.79999999999995,38.725,85.96,16.33,0.7376190476190475
16,Secure Operations (Industrial control systems),personal,480,335.86999999999995,37.318888888888885,85.96,16.33,0.6997291666666665
16,Secure System Architecture & Design,personal,540,250.35,31.29375,84.81,6.59,0.4636111111111111
16,Secure System Architecture & Design (Industrial Control Systems),personal,630,276.42,30.71333333333333,84.81,6.59,0.4387619047619048
16,Secure System Development,personal,540,250.35,31.29375,84.81,6.59,0.4636111111111111
16,Secure System Development (Industrial Control Systems),personal,630,276.42,30.71333333333333,84.81,6.59,0.4387619047619048
16,Security Testing,personal,510,244.71,34.95857142857143,87.68,7.16,0.4798235294117647
16,Vulnerability Management,personal,390,301.87,50.31166666666667,85.96,20.06,0.7740256410256411
17,Cryptography & Communications Security (Cryptographer),personal,450,98.95,12.36875,30,0,0.21988888888888888
17,Cryptography & Communications Security (Secure Communications Operator),personal,420,98.95,12.36875,30,0,0.2355952380952381
17,Cyber Security Audit & Assurance,personal,360,222.79,37.13166666666667,79.56,0,0.6188611111111111
17,Cyber Security Governance & Risk Management,personal,240,169.25,42.3125,60,0,0.7052083333333333
17,Cyber Security Governance & Risk Management (Industrial Control Systems),personal,300,193.94,38.788,60,0,0.6464666666666666
17,Cyber Security Management,personal,870,327.12999999999994,15.577619047619047,79.56,0,0.3760114942528735
17,Cyber Threat Intelligence,personal,420,99.74000000000001,14.248571428571427,60,0,0.2374761904761905
17,Data Protection & Privacy,personal,330,255.93,51.186,79.56,20.71,0.7755454545454545
17,Digital Forensics,personal,480,85.05000000000001,10.631250000000001,79.56,0,0.17718750000000003
17,Digital Forensics (Industrial Control Systems),personal,570,109.74000000000001,12.193333333333333,79.56,0,0.1925263157894737
17,Identity & Access Management,personal,510,176.83,19.64777777777778,60,0,0.34672549019607846
17,Incident response,personal,330,44.67999999999999,6.3828571428571435,30,0,0.13539393939393937
17,Incident response (Industrial Control Systems),personal,420,69.36999999999999,8.67125,30,0,0.16516666666666666
17,Network Monitoring & Intrusion Detection,personal,270,9.74,2.435,4.25,0,0.03607407407407408
17,Secure Operations,personal,420,57.43,7.17875,30,0,0.13673809523809524
17,Secure Operations (Industrial control systems),personal,480,82.12,9.124444444444444,30,0,0.17108333333333334
17,Secure System Architecture & Design,personal,540,20.85,2.60625,11.93,0,0.03861111111111112
17,Secure System Architecture & Design (Industrial Control Systems),personal,630,45.540000000000006,5.0600000000000005,24.69,0,0.0722857142857143
17,Secure System Development,personal,540,20.85,2.60625,11.93,0,0.03861111111111112
17,Secure System Development (Industrial Control Systems),personal,630,45.540000000000006,5.0600000000000005,24.69,0,0.0722857142857143
17,Security Testing,personal,510,71.25000000000001,10.178571428571429,60,0,0.1397058823529412
17,Vulnerability Management,personal,390,39.739999999999995,6.623333333333334,30,0,0.10189743589743588
18,Cryptography & Communications Security (Cryptographer),personal,450,236.02999999999997,29.50375,46.5,7.41,0.524511111111111
18,Cryptography & Communications Security (Secure Communications Operator),personal,420,236.02999999999997,29.50375,46.5,7.41,0.5619761904761904
18,Cyber Security Audit & Assurance,personal,360,260.19,43.365,75.17,7.41,0.72275
18,Cyber Security Governance & Risk Management,personal,240,191.38,47.845,72.98,28.4,0.7974166666666667
18,Cyber Security Governance & Risk Management (Industrial Control Systems),personal,300,251.38,50.276,72.98,28.4,0.8379333333333333
18,Cyber Security Management,personal,870,606.1299999999999,28.863333333333333,75.17,5.21,0.6967011494252873
18,Cyber Threat Intelligence,personal,420,291.33,41.61857142857143,67.08,5.21,0.6936428571428571
18,Data Protection & Privacy,personal,330,192.38000000000002,38.476,75.17,7.41,0.582969696969697
18,Digital Forensics,personal,480,283.14,35.3925,75.17,5.21,0.5898749999999999
18,Digital Forensics (Industrial Control Systems),personal,570,345.41999999999996,38.38,75.17,5.21,0.606
18,Identity & Access Management,personal,510,265.64,29.515555555555554,60,7.41,0.5208627450980392
18,Incident response,personal,330,252.65,36.09285714285714,60,5.21,0.7656060606060606
18,Incident response (Industrial Control Systems),personal,420,314.93,39.36625,62.28,5.21,0.7498333333333334
18,Network Monitoring & Intrusion Detection,personal,270,171.14999999999998,42.7875,52.81,30,0.6338888888888888
18,Secure Operations,personal,420,221.36,27.669999999999998,46.23,5.21,0.5270476190476191
18,Secure Operations (Industrial control systems),personal,480,281.36,31.26222222222222,60,5.21,0.5861666666666667
18,Secure System Architecture & Design,personal,540,214.09,26.76125,41.84,11.39,0.39646296296296296
18,Secure System Architecture & Design (Industrial Control Systems),personal,630,276.37,30.70777777777778,62.28,11.39,0.4386825396825397
18,Secure System Development,personal,540,214.09,26.76125,41.84,11.39,0.39646296296296296
18,Secure System Development (Industrial Control Systems),personal,630,276.37,30.70777777777778,62.28,11.39,0.4386825396825397
18,Security Testing,personal,510,238.56,34.08,60,11.39,0.46776470588235297
18,Vulnerability Management,personal,390,253.64999999999998,42.275,60,22.5,0.6503846153846153
19,Cryptography & Communications Security (Cryptographer),personal,450,13.72,1.7150000000000003,13.72,0,0.030488888888888892
19,Cryptography & Communications Security (Secure Communications Operator),personal,420,13.72,1.7150000000000003,13.72,0,0.03266666666666667
19,Cyber Security Audit & Assurance,personal,360,13.72,2.2866666666666666,13.72,0,0.03811111111111111
19,Cyber Security Governance & Risk Management,personal,240,13.72,3.43,13.72,0,0.05716666666666667
19,Cyber Security Governance & Risk Management (Industrial Control Systems),personal,300,13.72,2.744,13.72,0,0.045733333333333334
19,Cyber Security Management,personal,870,43.72,2.0819047619047617,30,0,0.05025287356321839
19,Cyber Threat Intelligence,personal,420,43.72,6.2457142857142856,30,0,0.10409523809523809
19,Data Protection & Privacy,personal,330,13.72,2.744,13.72,0,0.04157575757575758
19,Digital Forensics,personal,480,68.04,8.504999999999999,54.32,0,0.14175000000000001
19,Digital Forensics (Industrial Control Systems),personal,570,68.04,7.56,54.32,0,0.1193684210526316
19,Identity & Access Management,personal,510,13.72,1.5244444444444443,13.72,0,0.026901960784313728
19,Incident response,personal,330,30,4.285714285714286,30,0,0.09090909090909091
19,Incident response (Industrial Control Systems),personal,420,30,3.75,30,0,0.07142857142857142
19,Network Monitoring & Intrusion Detection,personal,270,0,0,0,0,0
19,Secure Operations,personal,420,30,3.75,30,0,0.07142857142857142
19,Secure Operations (Industrial control systems),personal,480,30,3.3333333333333335,30,0,0.0625
19,Secure System Architecture & Design,personal,540,0,0,0,0,0
19,Secure System Architecture & Design (Industrial Control Systems),personal,630,0,0,0,0,0
19,Secure System Development,personal,540,0,0,0,0,0
19,Secure System Development (Industrial Control Systems),personal,630,0,0,0,0,0
19,Security Testing,personal,510,13.72,1.96,13.72,0,0.026901960784313728
19,Vulnerability Management,personal,390,0,0,0,0,0
20,Cryptography & Communications Security (Cryptographer),personal,450,225.08,28.135,55.42,7.82,0.5001777777777778
20,Cryptography & Communications Security (Secure Communications Operator),personal,420,225.08,28.135,55.42,7.82,0.5359047619047619
20,Cyber Security Audit & Assurance,personal,360,295.23,49.205,71.88,30,0.8200833333333334
20,Cyber Security Governance & Risk Management,personal,240,205.23,51.3075,71.88,30,0.8551249999999999
20,Cyber Security Governance & Risk Management (Industrial Control Systems),personal,300,265.23,53.046,71.88,30,0.8841000000000001
20,Cyber Security Management,personal,870,698.4399999999999,33.25904761904762,90,3.84,0.8028045977011493
20,Cyber Threat Intelligence,personal,420,269.07,38.43857142857143,90,7.96,0.6406428571428572
20,Data Protection & Privacy,personal,330,243.23,48.646,60,30,0.7370606060606061
20,Digital Forensics,personal,480,257.31,32.16375,60,7.96,0.5360625
20,Digital Forensics (Industrial Control Systems),personal,570,323.98,35.99777777777778,66.67,7.96,0.5683859649122808
20,Identity & Access Management,personal,510,341.22,37.913333333333334,60,7.82,0.6690588235294118
20,Incident response,personal,330,241.5,34.5,90,7.96,0.7318181818181818
20,Incident response (Industrial Control Systems),personal,420,308.17,38.52125,90,7.96,0.7337380952380953
20,Network Monitoring & Intrusion Detection,personal,270,212.73000000000002,53.182500000000005,90,30,0.787888888888889
20,Secure Operations,personal,420,325.71999999999997,40.715,90,7.96,0.7755238095238095
20,Secure Operations (Industrial control systems),personal,480,385.71999999999997,42.85777777777778,90,7.96,0.8035833333333333
20,Secure System Architecture & Design,personal,540,229.30999999999997,28.66375,46.64,7.82,0.4246481481481481
20,Secure System Architecture & Design (Industrial Control Systems),personal,630,295.97999999999996,32.88666666666667,66.67,7.82,0.46980952380952373
20,Secure System Development,personal,540,229.30999999999997,28.66375,46.64,7.82,0.4246481481481481
20,Secure System Development (Industrial Control Systems),personal,630,295.97999999999996,32.88666666666667,66.67,7.82,0.46980952380952373
20,Security Testing,personal,510,283.36,40.480000000000004,55.42,30,0.555607843137255
20,Vulnerability Management,personal,390,282.96,47.160000000000004,90,30,0.7255384615384615
21,Cryptography & Communications Security (Cryptographer),personal,450,140.07,17.50875,30,3.43,0.31126666666666664
21,Cryptography & Communications Security (Secure Communications Operator),personal,420,140.07,17.50875,30,3.43,0.33349999999999996
21,Cyber Security Audit & Assurance,personal,360,311.7,51.95,90,30,0.8658333333333333
21,Cyber Security Governance & Risk Management,personal,240,221.7,55.425,90,30,0.92375
21,Cyber Security Governance & Risk Management (Industrial Control Systems),personal,300,249.67999999999998,49.936,90,27.98,0.8322666666666666
21,Cyber Security Management,personal,870,598.25,28.488095238095237,90,2.19,0.6876436781609195
21,Cyber Threat Intelligence,personal,420,244.4,34.91428571428571,88.07,2.19,0.5819047619047619
21,Data Protection & Privacy,personal,330,216.75,43.35,60,30,0.6568181818181819
21,Digital Forensics,personal,480,243.79999999999998,30.475,60,2.19,0.5079166666666667
21,Digital Forensics (Industrial Control Systems),personal,570,271.78,30.197777777777777,60,2.19,0.4768070175438596
21,Identity & Access Management,personal,510,264.27000000000004,29.363333333333333,60,4.8,0.5181764705882353
21,Incident response,personal,330,228.48999999999998,32.64142857142857,88.07,2.19,0.6923939393939393
21,Incident response (Industrial Control Systems),personal,420,256.46999999999997,32.058749999999996,88.07,2.19,0.610642857142857
21,Network Monitoring & Intrusion Detection,personal,270,155.10999999999999,38.777499999999996,88.07,13.58,0.5744814814814815
21,Secure Operations,personal,420,206.67999999999998,25.835,88.07,2.19,0.49209523809523803
21,Secure Operations (Industrial control systems),personal,480,234.65999999999997,26.073333333333334,88.07,2.19,0.48887499999999995
21,Secure System Architecture & Design,personal,540,203.84,25.48,65.02,4.66,0.3774814814814815
21,Secure System Architecture & Design (Industrial Control Systems),personal,630,231.82,25.75777777777778,65.02,4.66,0.36796825396825394
21,Secure System Development,personal,540,203.84,25.48,65.02,4.66,0.3774814814814815
21,Secure System Development (Industrial Control Systems),personal,630,231.82,25.75777777777778,65.02,4.66,0.36796825396825394
21,Security Testing,personal,510,240.15,34.30714285714286,65.02,10.7,0.4708823529411765
21,Vulnerability Management,personal,390,211.20999999999998,35.20166666666667,88.07,10.7,0.5415641025641025
22,Cryptography & Communications Security (Cryptographer),personal,450,321.08,40.135,87.82,18.91,0.7135111111111111
22,Cryptography & Communications Security (Secure Communications Operator),personal,420,321.08,40.135,87.82,18.91,0.7644761904761904
22,Cyber Security Audit & Assurance,personal,360,276.22,46.03666666666667,68.91,27.72,0.7672777777777778
22,Cyber Security Governance & Risk Management,personal,240,177.31,44.3275,60,27.72,0.7387916666666666
22,Cyber Security Governance & Risk Management (Industrial Control Systems),personal,300,237.31,47.462,60,27.72,0.7910333333333334
22,Cyber Security Management,personal,870,713.11,33.95761904761905,68.91,14.51,0.8196666666666667
22,Cyber Threat Intelligence,personal,420,289.9,41.41428571428571,68.65,29.02,0.6902380952380952
22,Data Protection & Privacy,personal,330,258.19,51.638,68.91,27.72,0.7823939393939394
22,Digital Forensics,personal,480,381.71,47.71375,68.91,30,0.7952291666666667
22,Digital Forensics (Industrial Control Systems),personal,570,471.71,52.41222222222222,90,30,0.8275614035087719
22,Identity & Access Management,personal,510,331.45,36.827777777777776,60.88,18.91,0.6499019607843137
22,Incident response,personal,330,242.13,34.59,68.65,14.51,0.7337272727272727
22,Incident response (Industrial Control Systems),personal,420,332.13,41.51625,90,14.51,0.7907857142857143
22,Network Monitoring & Intrusion Detection,personal,270,215.49,53.8725,87.82,29.02,0.7981111111111111
22,Secure Operations,personal,420,325.18,40.6475,68.65,18.91,0.7742380952380953
22,Secure Operations (Industrial control systems),personal,480,385.18,42.797777777777775,68.65,18.91,0.8024583333333334
22,Secure System Architecture & Design,personal,540,341.90999999999997,42.738749999999996,90,14.51,0.6331666666666667
22,Secure System Architecture & Design (Industrial Control Systems),personal,630,431.90999999999997,47.99,90,14.51,0.6855714285714285
22,Secure System Development,personal,540,341.90999999999997,42.738749999999996,90,14.51,0.6331666666666667
22,Secure System Development (Industrial Control Systems),personal,630,431.90999999999997,47.99,90,14.51,0.6855714285714285
22,Security Testing,personal,510,401.5,57.357142857142854,90,29.02,0.7872549019607843
22,Vulnerability Management,personal,390,266.17,44.361666666666665,68.65,29.02,0.6824871794871795
23,Cryptography & Communications Security (Cryptographer),personal,450,209.21,26.15125,53.64,5.49,0.4649111111111111
23,Cryptography & Communications Security (Secure Communications Operator),personal,420,209.21,26.15125,53.64,5.49,0.49811904761904763
23,Cyber Security Audit & Assurance,personal,360,333.05,55.50833333333333,90,30,0.925138888888889
23,Cyber Security Governance & Risk Management,personal,240,213.61,53.4025,90,30,0.8900416666666667
23,Cyber Security Governance & Risk Management (Industrial Control Systems),personal,300,218.69000000000003,43.738,90,5.08,0.7289666666666668
23,Cyber Security Management,personal,870,658.71,31.36714285714286,90,5.08,0.7571379310344828
23,Cyber Threat Intelligence,personal,420,265.12,37.87428571428571,76.95,5.76,0.6312380952380953
23,Data Protection & Privacy,personal,330,281.83,56.366,89.44,30,0.854030303030303
23,Digital Forensics,personal,480,307.79,38.47375,89.44,5.49,0.6412291666666667
23,Digital Forensics (Industrial Control Systems),personal,570,312.87,34.763333333333335,89.44,5.08,0.5488947368421053
23,Identity & Access Management,personal,510,352.33,39.147777777777776,67.08,6.72,0.690843137254902
23,Incident response,personal,330,210.74,30.10571428571429,76.95,5.62,0.6386060606060606
23,Incident response (Industrial Control Systems),personal,420,215.82000000000002,26.9775,76.95,5.08,0.5138571428571429
23,Network Monitoring & Intrusion Detection,personal,270,188.57,47.1425,76.95,27.98,0.6984074074074074
23,Secure Operations,personal,420,292.40999999999997,36.551249999999996,76.95,5.49,0.6962142857142857
23,Secure Operations (Industrial control systems),personal,480,297.48999999999995,33.05444444444444,76.95,5.08,0.6197708333333333
23,Secure System Architecture & Design,personal,540,262.14,32.7675,76.13,5.49,0.4854444444444444
23,Secure System Architecture & Design (Industrial Control Systems),personal,630,267.21999999999997,29.691111111111113,76.13,5.08,0.4241587301587301
23,Secure System Development,personal,540,262.14,32.7675,76.13,5.49,0.4854444444444444
23,Secure System Development (Industrial Control Systems),personal,630,267.21999999999997,29.691111111111113,76.13,5.08,0.4241587301587301
23,Security Testing,personal,510,360.41999999999996,51.488571428571426,76.13,27.98,0.7067058823529411
23,Vulnerability Management,personal,390,283.63,47.27166666666667,76.95,27.98,0.7272564102564102
24,Cryptography & Communications Security (Cryptographer),personal,450,212.77999999999997,26.5975,42.33,3.24,0.4728444444444444
24,Cryptography & Communications Security (Secure Communications Operator),personal,420,212.77999999999997,26.5975,42.33,3.24,0.5066190476190475
24,Cyber Security Audit & Assurance,personal,360,289.76,48.29333333333334,67.98,30,0.8048888888888889
24,Cyber Security Governance & Risk Management,personal,240,191.78,47.945,60,30,0.7990833333333334
24,Cyber Security Governance & Risk Management (Industrial Control Systems),personal,300,238.78,47.756,60,30,0.7959333333333334
24,Cyber Security Management,personal,870,698.78,33.275238095238095,75.67,3.24,0.8031954022988506
24,Cyber Threat Intelligence,personal,420,400.94,57.277142857142856,90,30,0.9546190476190476
24,Data Protection & Privacy,personal,330,277.58,55.516,90,30,0.8411515151515151
24,Digital Forensics,personal,480,360.57,45.07125,67.98,25.32,0.7511875
24,Digital Forensics (Industrial Control Systems),personal,570,407.57,45.285555555555554,67.98,25.32,0.7150350877192982
24,Identity & Access Management,personal,510,314.34000000000003,34.92666666666667,60,3.24,0.6163529411764707
24,Incident response,personal,330,315.66,45.09428571428572,75.67,29.99,0.9565454545454546
24,Incident response (Industrial Control Systems),personal,420,362.66,45.3325,75.67,29.99,0.8634761904761905
24,Network Monitoring & Intrusion Detection,personal,270,208,52,75.67,30,0.7703703703703704
24,Secure Operations,personal,420,314.7,39.3375,75.67,28.89,0.7492857142857142
24,Secure Operations (Industrial control systems),personal,480,361.7,40.18888888888889,75.67,28.89,0.7535416666666667
24,Secure System Architecture & Design,personal,540,201.37,25.17125,41.51,3.24,0.3729074074074074
24,Secure System Architecture & Design (Industrial Control Systems),personal,630,248.37,27.596666666666668,47,3.24,0.3942380952380952
24,Secure System Development,personal,540,201.37,25.17125,41.51,3.24,0.3729074074074074
24,Secure System Development (Industrial Control Systems),personal,630,248.37,27.596666666666668,47,3.24,0.3942380952380952
24,Security Testing,personal,510,296.85999999999996,42.40857142857143,85.27,12.43,0.5820784313725489
24,Vulnerability Management,personal,390,309.51,51.585,75.67,30,0.7936153846153846
25,Cryptography & Communications Security (Cryptographer),personal,450,154.74,19.3425,30,0,0.3438666666666667
25,Cryptography & Communications Security (Secure Communications Operator),personal,420,154.74,19.3425,30,0,0.36842857142857144
25,Cyber Security Audit & Assurance,personal,360,232.07,38.678333333333335,60,30,0.6446388888888889
25,Cyber Security Governance & Risk Management,personal,240,142.07,35.5175,44.72,30,0.5919583333333333
25,Cyber Security Governance & Risk Management (Industrial Control Systems),personal,300,171.97,34.394,44.72,29.9,0.5732333333333334
25,Cyber Security Management,personal,870,573.63,27.315714285714286,75.72,0,0.6593448275862069
25,Cyber Threat Intelligence,personal,420,357.69000000000005,51.098571428571425,90,6.72,0.8516428571428573
25,Data Protection & Privacy,personal,330,171.15,34.230000000000004,43.07,30,0.5186363636363637
25,Digital Forensics,personal,480,271.25,33.90625,60,0,0.5651041666666666
25,Digital Forensics (Industrial Control Systems),personal,570,301.15,33.46111111111111,60,0,0.5283333333333333
25,Identity & Access Management,personal,510,277.52000000000004,30.835555555555555,43.07,20.71,0.5441568627450981
25,Incident response,personal,330,279.72,39.96,75.72,6.72,0.8476363636363637
25,Incident response (Industrial Control Systems),personal,420,309.62,38.7025,75.72,6.72,0.7371904761904762
25,Network Monitoring & Intrusion Detection,personal,270,172.44,43.11,75.72,6.72,0.6386666666666666
25,Secure Operations,personal,420,223.88,27.985,75.72,0,0.533047619047619
25,Secure Operations (Industrial control systems),personal,480,253.78,28.197777777777777,75.72,0,0.5287083333333333
25,Secure System Architecture & Design,personal,540,152.25,19.03125,36.49,0,0.28194444444444444
25,Secure System Architecture & Design (Industrial Control Systems),personal,630,182.15,20.23888888888889,36.49,0,0.2891269841269841
25,Secure System Development,personal,540,152.25,19.03125,36.49,0,0.28194444444444444
25,Secure System Development (Industrial Control Systems),personal,630,182.15,20.23888888888889,36.49,0,0.2891269841269841
25,Security Testing,personal,510,245.09,35.01285714285714,90,6.72,0.4805686274509804
25,Vulnerability Management,personal,390,268.93,44.821666666666665,75.72,6.72,0.6895641025641026
26,Cryptography & Communications Security (Cryptographer),personal,450,148.15,18.518750000000004,58.45,3.15,0.32922222222222225
26,Cryptography & Communications Security (Secure Communications Operator),personal,420,148.15,18.518750000000004,58.45,3.15,0.35273809523809524
26,Cyber Security Audit & Assurance,personal,360,250.03,41.67166666666667,90,3.15,0.6945277777777777
26,Cyber Security Governance & Risk Management,personal,240,186.88,46.72,90,6.88,0.7786666666666666
26,Cyber Security Governance & Risk Management (Industrial Control Systems),personal,300,240.45999999999998,48.092,90,6.88,0.8015333333333333
26,Cyber Security Management,personal,870,515.6,24.55238095238095,90,0,0.5926436781609196
26,Cyber Threat Intelligence,personal,420,333.18000000000006,47.597142857142856,90,6.88,0.7932857142857145
26,Data Protection & Privacy,personal,330,123.53,24.706,60,3.15,0.37433333333333335
26,Digital Forensics,personal,480,197.94,24.7425,60,0,0.412375
26,Digital Forensics (Industrial Control Systems),personal,570,251.51999999999998,27.946666666666665,60,0,0.4412631578947368
26,Identity & Access Management,personal,510,169.87,18.874444444444443,60,0,0.33307843137254906
26,Incident response,personal,330,276.39,39.48428571428571,90,0,0.8375454545454545
26,Incident response (Industrial Control Systems),personal,420,329.96999999999997,41.24625,90,0,0.7856428571428571
26,Network Monitoring & Intrusion Detection,personal,270,204.36,51.09,90,24.36,0.7568888888888889
26,Secure Operations,personal,420,232.24,29.03,90,6.88,0.552952380952381
26,Secure Operations (Industrial control systems),personal,480,285.82,31.75777777777778,90,6.88,0.5954583333333333
26,Secure System Architecture & Design,personal,540,83.68,10.46,24.36,0,0.15496296296296297
26,Secure System Architecture & Design (Industrial Control Systems),personal,630,137.26,15.251111111111111,53.58,0,0.21787301587301586
26,Secure System Development,personal,540,83.68,10.46,24.36,0,0.15496296296296297
26,Secure System Development (Industrial Control Systems),personal,630,137.26,15.251111111111111,53.58,0,0.21787301587301586
26,Security Testing,personal,510,174.70999999999998,24.958571428571428,85.96,0,0.3425686274509804
26,Vulnerability Management,personal,390,264.36,44.06,90,0,0.6778461538461539
27,Cryptography & Communications Security (Cryptographer),personal,450,266.40999999999997,33.301249999999996,60.25,15.15,0.5920222222222221
27,Cryptography & Communications Security (Secure Communications Operator),personal,420,266.40999999999997,33.301249999999996,60.25,15.15,0.6343095238095238
27,Cyber Security Audit & Assurance,personal,360,234.45,39.074999999999996,52.19,27.07,0.65125
27,Cyber Security Governance & Risk Management,personal,240,165.39999999999998,41.349999999999994,52.19,30,0.6891666666666666
27,Cyber Security Governance & Risk Management (Industrial Control Systems),personal,300,223.09999999999997,44.62,57.7,30,0.7436666666666666
27,Cyber Security Management,personal,870,648.9100000000001,30.90047619047619,52.19,15.15,0.7458735632183909
27,Cyber Threat Intelligence,personal,420,279.17999999999995,39.88285714285714,52.19,30,0.6647142857142856
27,Data Protection & Privacy,personal,330,206.76999999999998,41.354,52.28,27.07,0.6265757575757576
27,Digital Forensics,personal,480,313.22,39.1525,60,15.15,0.6525416666666667
27,Digital Forensics (Industrial Control Systems),personal,570,370.92,41.21333333333333,60,15.15,0.6507368421052632
27,Identity & Access Management,personal,510,320.47,35.60777777777778,52.28,16.78,0.6283725490196079
27,Incident response,personal,330,256.99,36.712857142857146,50.59,30,0.7787575757575758
27,Incident response (Industrial Control Systems),personal,420,314.69,39.33625,57.7,30,0.7492619047619048
27,Network Monitoring & Intrusion Detection,personal,270,176.65,44.1625,60.25,30,0.6542592592592593
27,Secure Operations,personal,420,306.53999999999996,38.3175,60,15.15,0.7298571428571428
27,Secure Operations (Industrial control systems),personal,480,364.23999999999995,40.471111111111114,60,15.15,0.7588333333333332
27,Secure System Architecture & Design,personal,540,288.65999999999997,36.0825,61.79,15.15,0.5345555555555555
27,Secure System Architecture & Design (Industrial Control Systems),personal,630,346.35999999999996,38.48444444444444,61.79,15.15,0.5497777777777777
27,Secure System Development,personal,540,288.65999999999997,36.0825,61.79,15.15,0.5345555555555555
27,Secure System Development (Industrial Control Systems),personal,630,346.35999999999996,38.48444444444444,61.79,15.15,0.5497777777777777
27,Security Testing,personal,510,318.25,45.464285714285715,61.79,27.62,0.6240196078431373
27,Vulnerability Management,personal,390,268.97,44.82833333333333,60,30,0.6896666666666668
28,Cryptography & Communications Security (Cryptographer),personal,450,310.72,38.84,60,30,0.6904888888888889
28,Cryptography & Communications Security (Secure Communications Operator),personal,420,310.72,38.84,60,30,0.7398095238095239
28,Cyber Security Audit & Assurance,personal,360,338.56,56.42666666666667,90,30,0.9404444444444444
28,Cyber Security Governance & Risk Management,personal,240,240,60,90,30,1
28,Cyber Security Governance & Risk Management (Industrial Control Systems),personal,300,293.52,58.704,90,30,0.9783999999999999
28,Cyber Security Management,personal,870,835.09,39.76619047619048,90,30,0.9598735632183908
28,Cyber Threat Intelligence,personal,420,342.7,48.957142857142856,76.53,30,0.8159523809523809
28,Data Protection & Privacy,personal,330,297.33,59.466,85.44,30,0.9009999999999999
28,Digital Forensics,personal,480,373.06,46.6325,68.56,30,0.7772083333333334
28,Digital Forensics (Industrial Control Systems),personal,570,426.58,47.397777777777776,68.56,30,0.7483859649122807
28,Identity & Access Management,personal,510,395.3,43.922222222222224,60,30,0.7750980392156863
28,Incident response,personal,330,298.88,42.69714285714286,76.53,30,0.9056969696969697
28,Incident response (Industrial Control Systems),personal,420,352.4,44.05,76.53,30,0.839047619047619
28,Network Monitoring & Intrusion Detection,personal,270,189.34,47.335,76.53,30,0.7012592592592592
28,Secure Operations,personal,420,328.61999999999995,41.0775,76.53,30,0.7824285714285713
28,Secure Operations (Industrial control systems),personal,480,382.13999999999993,42.46,76.53,30,0.7961249999999999
28,Secure System Architecture & Design,personal,540,359.51,44.93875,58.16,30,0.6657592592592593
28,Secure System Architecture & Design (Industrial Control Systems),personal,630,413.03,45.89222222222222,58.16,30,0.6556031746031745
28,Secure System Development,personal,540,359.51,44.93875,58.16,30,0.6657592592592593
28,Secure System Development (Industrial Control Systems),personal,630,413.03,45.89222222222222,58.16,30,0.6556031746031745
28,Security Testing,personal,510,322.12999999999994,46.01857142857143,60,30,0.6316274509803921
28,Vulnerability Management,personal,390,290.39,48.39833333333333,76.53,30,0.7445897435897435
29,Cryptography & Communications Security (Cryptographer),personal,450,326.81,40.85125,90,26.67,0.7262444444444445
29,Cryptography & Communications Security (Secure Communications Operator),personal,420,296.81,37.10125,60,26.67,0.7066904761904762
29,Cyber Security Audit & Assurance,personal,360,318.33000000000004,53.055,86.53,30,0.8842500000000001
29,Cyber Security Governance & Risk Management,personal,240,201.8,50.45,60,30,0.8408333333333334
29,Cyber Security Governance & Risk Management (Industrial Control Systems),personal,300,256.66,51.332,60,30,0.8555333333333334
29,Cyber Security Management,personal,870,825,39.28571428571429,90,26.67,0.9482758620689655
29,Cyber Threat Intelligence,personal,420,337.64,48.23428571428571,90,30,0.8039047619047619
29,Data Protection & Privacy,personal,330,292.36,58.472,86.53,30,0.885939393939394
29,Digital Forensics,personal,480,406.11,50.76375,86.53,30,0.8460625
29,Digital Forensics (Industrial Control Systems),personal,570,460.97,51.21888888888889,86.53,30,0.8087192982456141
29,Identity & Access Management,personal,510,396.25,44.02777777777778,60,30,0.7769607843137255
29,Incident response,personal,330,307.64,43.94857142857143,90,30,0.9322424242424242
29,Incident response (Industrial Control Systems),personal,420,362.5,45.3125,90,30,0.8630952380952381
29,Network Monitoring & Intrusion Detection,personal,270,218.06,54.515,90,30,0.8076296296296296
29,Secure Operations,personal,420,353.34000000000003,44.167500000000004,90,30,0.8412857142857144
29,Secure Operations (Industrial control systems),personal,480,408.20000000000005,45.355555555555554,90,30,0.8504166666666667
29,Secure System Architecture & Design,personal,540,378.06000000000006,47.2575,74.86,30,0.7001111111111112
29,Secure System Architecture & Design (Industrial Control Systems),personal,630,432.9200000000001,48.102222222222224,74.86,30,0.6871746031746033
29,Secure System Development,personal,540,378.06000000000006,47.2575,74.86,30,0.7001111111111112
29,Secure System Development (Industrial Control Systems),personal,630,432.9200000000001,48.102222222222224,74.86,30,0.6871746031746033
29,Security Testing,personal,510,376.81000000000006,53.83,74.86,30,0.738843137254902
29,Vulnerability Management,personal,390,318.75,53.125,90,30,0.8173076923076923
30,Cryptography & Communications Security (Cryptographer),personal,450,230.47,28.80875,30.95,21.34,0.5121555555555556
30,Cryptography & Communications Security (Secure Communications Operator),personal,420,230.47,28.80875,30.95,21.34,0.5487380952380952
30,Cyber Security Audit & Assurance,personal,360,248.81,41.468333333333334,52.48,30,0.6911388888888889
30,Cyber Security Governance & Risk Management,personal,240,179.63,44.9075,52.48,30,0.7484583333333333
30,Cyber Security Governance & Risk Management (Industrial Control Systems),personal,300,205.35999999999999,41.072,52.48,25.73,0.6845333333333333
30,Cyber Security Management,personal,870,651.5,31.023809523809526,52.48,15.99,0.7488505747126437
30,Cyber Threat Intelligence,personal,420,248.22,35.46,50.15,29.85,0.591
30,Data Protection & Privacy,personal,330,208.10999999999999,41.622,52.48,30,0.6306363636363636
30,Digital Forensics,personal,480,278.46000000000004,34.8075,50.15,21.21,0.5801250000000001
30,Digital Forensics (Industrial Control Systems),personal,570,304.19000000000005,33.79888888888889,50.15,21.21,0.5336666666666667
30,Identity & Access Management,personal,510,310.39,34.48777777777778,52.48,30,0.6086078431372549
30,Incident response,personal,330,228.07,32.581428571428575,39.18,29.85,0.6911212121212121
30,Incident response (Industrial Control Systems),personal,420,253.79999999999998,31.725,39.18,25.73,0.6042857142857142
30,Network Monitoring & Intrusion Detection,personal,270,129.56,32.39,39.18,29.85,0.47985185185185186
30,Secure Operations,personal,420,259.53,32.441250000000004,42.06,27.65,0.6179285714285714
30,Secure Operations (Industrial control systems),personal,480,285.26,31.695555555555558,42.06,25.73,0.5942916666666667
30,Secure System Architecture & Design,personal,540,248.96,31.12,42.47,21.21,0.4610370370370371
30,Secure System Architecture & Design (Industrial Control Systems),personal,630,274.69,30.52111111111111,42.47,21.21,0.436015873015873
30,Secure System Development,personal,540,248.96,31.12,42.47,21.21,0.4610370370370371
30,Secure System Development (Industrial Control Systems),personal,630,274.69,30.52111111111111,42.47,21.21,0.436015873015873
30,Security Testing,personal,510,228.16,32.59428571428572,50.15,21.21,0.4473725490196078
30,Vulnerability Management,personal,390,199.82,33.303333333333335,39.18,29.85,0.5123589743589744
31,Cryptography & Communications Security (Cryptographer),personal,450,397.01,49.62625,83.4,30,0.8822444444444444
31,Cryptography & Communications Security (Secure Communications Operator),personal,420,389.93,48.74125,83.4,30,0.928404761904762
31,Cyber Security Audit & Assurance,personal,360,296.59999999999997,49.43333333333333,69.27,30,0.8238888888888888
31,Cyber Security Governance & Risk Management,personal,240,206.59999999999997,51.65,69.27,30,0.8608333333333332
31,Cyber Security Governance & Risk Management (Industrial Control Systems),personal,300,266.59999999999997,53.32,69.27,30,0.8886666666666666
31,Cyber Security Management,personal,870,788.81,37.562380952380956,90,12.21,0.9066781609195401
31,Cyber Threat Intelligence,personal,420,369.15999999999997,52.73714285714286,90,30,0.8789523809523809
31,Data Protection & Privacy,personal,330,270.58,54.116,73.25,30,0.8199393939393939
31,Digital Forensics,personal,480,387.02,48.3775,60,12.21,0.8062916666666666
31,Digital Forensics (Industrial Control Systems),personal,570,457.53,50.836666666666666,70.51,12.21,0.8026842105263158
31,Identity & Access Management,personal,510,409.01,45.44555555555556,66.8,12.21,0.8019803921568627
31,Incident response,personal,330,330,47.142857142857146,90,30,1
31,Incident response (Industrial Control Systems),personal,420,400.51,50.06375,90,30,0.953595238095238
31,Network Monitoring & Intrusion Detection,personal,270,263.4,65.85,90,30,0.9755555555555555
31,Secure Operations,personal,420,396.8,49.6,90,30,0.9447619047619048
31,Secure Operations (Industrial control systems),personal,480,456.8,50.75555555555555,90,30,0.9516666666666667
31,Secure System Architecture & Design,personal,540,414.12,51.765,66.53,12.21,0.7668888888888888
31,Secure System Architecture & Design (Industrial Control Systems),personal,630,484.63,53.84777777777778,70.51,12.21,0.7692539682539683
31,Secure System Development,personal,540,414.12,51.765,66.53,12.21,0.7668888888888888
31,Secure System Development (Industrial Control Systems),personal,630,484.63,53.84777777777778,70.51,12.21,0.7692539682539683
31,Security Testing,personal,510,374.31000000000006,53.472857142857144,83.4,12.21,0.7339411764705883
31,Vulnerability Management,personal,390,312.21000000000004,52.035,90,12.21,0.8005384615384616
32,Cryptography & Communications Security (Cryptographer),personal,450,241.73,30.21625,57.8,11.85,0.5371777777777778
32,Cryptography & Communications Security (Secure Communications Operator),personal,420,241.73,30.21625,57.8,11.85,0.575547619047619
32,Cyber Security Audit & Assurance,personal,360,344.8,57.46666666666667,90,30,0.9577777777777778
32,Cyber Security Governance & Risk Management,personal,240,240,60,90,30,1
32,Cyber Security Governance & Risk Management (Industrial Control Systems),personal,300,250.98,50.196,90,10.98,0.8366
32,Cyber Security Management,personal,870,744.5600000000001,35.455238095238094,90,10.98,0.8558160919540231
32,Cyber Threat Intelligence,personal,420,295.72,42.245714285714286,63.87,12.43,0.7040952380952381
32,Data Protection & Privacy,personal,330,300.06,60.012,90,30,0.9092727272727272
32,Digital Forensics,personal,480,340.98,42.6225,90,12.43,0.7103750000000001
32,Digital Forensics (Industrial Control Systems),personal,570,351.96000000000004,39.10666666666667,90,10.98,0.6174736842105264
32,Identity & Access Management,personal,510,323.87,35.98555555555556,60,22.25,0.6350392156862745
32,Incident response,personal,330,254.97000000000003,36.424285714285716,60,12.43,0.7726363636363637
32,Incident response (Industrial Control Systems),personal,420,265.95000000000005,33.24375,60,10.98,0.6332142857142858
32,Network Monitoring & Intrusion Detection,personal,270,192.60000000000002,48.15,60,30,0.7133333333333334
32,Secure Operations,personal,420,251.04000000000002,31.38,57.8,12.43,0.5977142857142858
32,Secure Operations (Industrial control systems),personal,480,262.02000000000004,29.113333333333333,57.8,10.98,0.5458750000000001
32,Secure System Architecture & Design,personal,540,292.71000000000004,36.58875,76.3,22.25,0.5420555555555556
32,Secure System Architecture & Design (Industrial Control Systems),personal,630,303.69000000000005,33.74333333333333,76.3,10.98,0.4820476190476191
32,Secure System Development,personal,540,292.71000000000004,36.58875,76.3,22.25,0.5420555555555556
32,Secure System Development (Industrial Control Systems),personal,630,303.69000000000005,33.74333333333333,76.3,10.98,0.4820476190476191
32,Security Testing,personal,510,369.18,52.74,76.3,25.43,0.7238823529411765
32,Vulnerability Management,personal,390,272.65000000000003,45.44166666666666,60,25.43,0.6991025641025642
33,Cryptography & Communications Security (Cryptographer),personal,450,368.74,46.0925,84.03,30,0.8194222222222223
33,Cryptography & Communications Security (Secure Communications Operator),personal,420,368.74,46.0925,84.03,30,0.8779523809523809
33,Cyber Security Audit & Assurance,personal,360,347.51,57.91833333333334,87.87,30,0.9653055555555555
33,Cyber Security Governance & Risk Management,personal,240,237.87,59.4675,87.87,30,0.991125
33,Cyber Security Governance & Risk Management (Industrial Control Systems),personal,300,269.78000000000003,53.956,87.87,30,0.8992666666666668
33,Cyber Security Management,personal,870,856.3399999999999,40.77809523809524,88.83,30,0.9842988505747126
33,Cyber Threat Intelligence,personal,420,396.46999999999997,56.63857142857143,88.83,30,0.9439761904761904
33,Data Protection & Privacy,personal,330,310.93,62.186,81.29,30,0.9422121212121213
33,Digital Forensics,personal,480,436.40000000000003,54.55,79.64,30,0.9091666666666668
33,Digital Forensics (Industrial Control Systems),personal,570,468.31000000000006,52.034444444444446,79.64,30,0.8215964912280703
33,Identity & Access Management,personal,510,481.77,53.53,81.84,30,0.9446470588235294
33,Incident response,personal,330,328.83,46.97571428571428,88.83,30,0.9964545454545454
33,Incident response (Industrial Control Systems),personal,420,360.74,45.0925,88.83,30,0.858904761904762
33,Network Monitoring & Intrusion Detection,personal,270,262.86,65.715,88.83,30,0.9735555555555556
33,Secure Operations,personal,420,410.66999999999996,51.33375,88.83,30,0.9777857142857141
33,Secure Operations (Industrial control systems),personal,480,442.58,49.175555555555555,88.83,30,0.9220416666666666
33,Secure System Architecture & Design,personal,540,457.66999999999996,57.20875,78.68,30,0.847537037037037
33,Secure System Architecture & Design (Industrial Control Systems),personal,630,489.58,54.397777777777776,78.68,30,0.7771111111111111
33,Secure System Development,personal,540,457.66999999999996,57.20875,78.68,30,0.847537037037037
33,Secure System Development (Industrial Control Systems),personal,630,489.58,54.397777777777776,78.68,30,0.7771111111111111
33,Security Testing,personal,510,450.87,64.41,84.03,30,0.8840588235294118
33,Vulnerability Management,personal,390,371.34,61.89,88.83,30,0.9521538461538461
34,Cryptography & Communications Security (Cryptographer),personal,450,289.49,36.18625,54.38,30,0.6433111111111112
34,Cryptography & Communications Security (Secure Communications Operator),personal,420,289.49,36.18625,54.38,30,0.6892619047619047
34,Cyber Security Audit & Assurance,personal,360,360,60,90,30,1
34,Cyber Security Governance & Risk Management,personal,240,240,60,90,30,1
34,Cyber Security Governance & Risk Management (Industrial Control Systems),personal,300,300,60,90,30,1
34,Cyber Security Management,personal,870,854.22,40.67714285714286,90,17.82,0.9818620689655173
34,Cyber Threat Intelligence,personal,420,396.81999999999994,56.68857142857143,88.82,30,0.9448095238095237
34,Data Protection & Privacy,personal,330,320.47999999999996,64.096,90,30,0.971151515151515
34,Digital Forensics,personal,480,459.4,57.425000000000004,90,30,0.9570833333333333
34,Digital Forensics (Industrial Control Systems),personal,570,549.13,61.01444444444444,90,30,0.9633859649122807
34,Identity & Access Management,personal,510,432.06,48.00666666666667,82.48,30,0.8471764705882353
34,Incident response,personal,330,326.4,46.628571428571426,86.4,30,0.989090909090909
34,Incident response (Industrial Control Systems),personal,420,416.13,52.01625,89.73,30,0.9907857142857143
34,Network Monitoring & Intrusion Detection,personal,270,213.56,53.39,86.4,30,0.790962962962963
34,Secure Operations,personal,420,350.80999999999995,43.85125,86.4,30,0.83526190476190465
34,Secure Operations (Industrial control systems),personal,480,410.80999999999995,45.64555555555555,86.4,30,0.8558541666666666
34,Secure System Architecture & Design,personal,540,361.01,45.12625,60,30,0.668537037037037
34,Secure System Architecture & Design (Industrial Control Systems),personal,630,450.74,50.08222222222222,89.73,30,0.7154603174603175
34,Secure System Development,personal,540,361.01,45.12625,60,30,0.668537037037037
34,Secure System Development (Industrial Control Systems),personal,630,450.74,50.08222222222222,89.73,30,0.7154603174603175
34,Security Testing,personal,510,351.82000000000005,50.26,71.6,30,0.6898431372549021
34,Vulnerability Management,personal,390,356.03999999999996,59.34,86.4,30,0.9129230769230768
35,Cryptography & Communications Security (Cryptographer),personal,450,275.37,34.42125,60,7.25,0.6119333333333333
35,Cryptography & Communications Security (Secure Communications Operator),personal,420,275.37,34.42125,60,7.25,0.6556428571428572
35,Cyber Security Audit & Assurance,personal,360,341.33,56.888333333333335,81.27,30,0.9481388888888889
35,Cyber Security Governance & Risk Management,personal,240,230.06,57.515,80.06,30,0.9585833333333333
35,Cyber Security Governance & Risk Management (Industrial Control Systems),personal,300,290.06,58.012,80.06,30,0.9668666666666667
35,Cyber Security Management,personal,870,690.3100000000001,32.87190476190476,89.43,0,0.7934597701149426
35,Cyber Threat Intelligence,personal,420,333.6,47.65714285714286,89.43,0,0.7942857142857144
35,Data Protection & Privacy,personal,330,321.27,64.254,90,30,0.9735454545454545
35,Digital Forensics,personal,480,272.15,34.01875,81.27,0,0.5669791666666666
35,Digital Forensics (Industrial Control Systems),personal,570,336.5,37.388888888888886,81.27,0,0.5903508771929824
35,Identity & Access Management,personal,510,416.9200000000001,46.324444444444445,90,8.16,0.8174901960784315
35,Incident response,personal,330,258.07,36.86714285714286,89.43,0,0.782030303030303
35,Incident response (Industrial Control Systems),personal,420,322.41999999999996,40.3025,89.43,0,0.7676666666666666
35,Network Monitoring & Intrusion Detection,personal,270,215.79999999999998,53.95,89.43,30,0.7992592592592592
35,Secure Operations,personal,420,309.82,38.7275,90,0,0.7376666666666667
35,Secure Operations (Industrial control systems),personal,480,369.82,41.09111111111111,90,0,0.7704583333333334
35,Secure System Architecture & Design,personal,540,188.31,23.53875,54.98,3.63,0.3487222222222222
35,Secure System Architecture & Design (Industrial Control Systems),personal,630,252.66,28.073333333333334,64.35,3.63,0.40104761904761904
35,Secure System Development,personal,540,188.31,23.53875,54.98,3.63,0.3487222222222222
35,Secure System Development (Industrial Control Systems),personal,630,252.66,28.073333333333334,64.35,3.63,0.40104761904761904
35,Security Testing,personal,510,267.03999999999996,38.14857142857143,60,3.63,0.5236078431372548
35,Vulnerability Management,personal,390,329.58000000000004,54.93,89.43,30,0.8450769230769232
36,Cryptography & Communications Security (Cryptographer),personal,450,152.96,19.12,30,3.02,0.3399111111111111
36,Cryptography & Communications Security (Secure Communications Operator),personal,420,152.96,19.12,30,3.02,0.36419047619047623
36,Cyber Security Audit & Assurance,personal,360,322.16999999999996,53.695,90,30,0.8949166666666666
36,Cyber Security Governance & Risk Management,personal,240,215.53,53.8825,90,30,0.8980416666666666
36,Cyber Security Governance & Risk Management (Industrial Control Systems),personal,300,227.05,45.410000000000004,90,11.52,0.7568333333333334
36,Cyber Security Management,personal,870,586.25,27.916666666666668,90,1.65,0.6738505747126436
36,Cyber Threat Intelligence,personal,420,300.01,42.85857142857143,86.83,17.97,0.7143095238095238
36,Data Protection & Privacy,personal,330,275.75,55.15,90,30,0.8356060606060606
36,Digital Forensics,personal,480,275.66,34.4575,90,4.53,0.5742916666666668
36,Digital Forensics (Industrial Control Systems),personal,570,287.18,31.90888888888889,90,4.53,0.5038245614035087
36,Identity & Access Management,personal,510,289.57,32.17444444444445,60,3.02,0.5677843137254902
36,Incident response,personal,330,232.25,33.17857142857143,60,17.97,0.7037878787878787
36,Incident response (Industrial Control Systems),personal,420,243.77,30.47125,60,11.52,0.580404761904762
36,Network Monitoring & Intrusion Detection,personal,270,135.20999999999998,33.8025,46.64,19.75,0.5007777777777777
36,Secure Operations,personal,420,200.88,25.11,46.64,8.37,0.47828571428571426
36,Secure Operations (Industrial control systems),personal,480,212.4,23.6,46.64,8.37,0.4425
36,Secure System Architecture & Design,personal,540,97.26999999999998,12.15875,28.4,1.65,0.18012962962962958
36,Secure System Architecture & Design (Industrial Control Systems),personal,630,108.78999999999998,12.087777777777777,28.4,1.65,0.17268253968253966
36,Secure System Development,personal,540,97.26999999999998,12.15875,28.4,1.65,0.18012962962962958
36,Secure System Development (Industrial Control Systems),personal,630,108.78999999999998,12.087777777777777,28.4,1.65,0.17268253968253966
36,Security Testing,personal,510,183.15,26.164285714285715,60,1.65,0.35911764705882354
36,Vulnerability Management,personal,390,223.60999999999999,37.26833333333333,60,19.75,0.5733589743589743
37,Cryptography & Communications Security (Cryptographer),personal,450,243.23,30.40375,53.5,9.47,0.540511111111111
37,Cryptography & Communications Security (Secure Communications Operator),personal,420,243.23,30.40375,53.5,9.47,0.5791190476190476
37,Cyber Security Audit & Assurance,personal,360,286.71,47.785,82.44,16.6,0.7964166666666667
37,Cyber Security Governance & Risk Management,personal,240,200.29,50.0725,82.44,27.85,0.8345416666666666
37,Cyber Security Governance & Risk Management (Industrial Control Systems),personal,300,249.39999999999998,49.88,82.44,27.85,0.8313333333333333
37,Cyber Security Management,personal,870,622.3500000000001,29.635714285714286,82.44,4.39,0.7153448275862071
37,Cyber Threat Intelligence,personal,420,246.07,35.152857142857144,67.22,11.66,0.5858809523809524
37,Data Protection & Privacy,personal,330,257.31,51.461999999999996,69.82,27.85,0.7797272727272727
37,Digital Forensics,personal,480,250.90999999999997,31.36375,69.82,9.47,0.5227291666666666
37,Digital Forensics (Industrial Control Systems),personal,570,300.02,33.33555555555556,69.82,9.47,0.5263508771929825
37,Identity & Access Management,personal,510,327.81999999999994,36.42444444444445,65.16,15.36,0.64278431372549
37,Incident response,personal,330,188.30999999999997,26.90142857142857,67.22,4.39,0.5706363636363636
37,Incident response (Industrial Control Systems),personal,420,237.41999999999996,29.677500000000002,67.22,4.39,0.5652857142857142
37,Network Monitoring & Intrusion Detection,personal,270,167.91,41.9775,67.22,16.6,0.6218888888888888
37,Secure Operations,personal,420,280.22,35.0275,67.22,9.47,0.6671904761904762
37,Secure Operations (Industrial control systems),personal,480,329.33000000000004,36.59222222222222,67.22,9.47,0.6861041666666667
37,Secure System Architecture & Design,personal,540,188.98999999999998,23.62375,42.8,4.39,0.34998148148148145
37,Secure System Architecture & Design (Industrial Control Systems),personal,630,238.09999999999997,26.455555555555556,49.11,4.39,0.3779365079365079
37,Secure System Development,personal,540,188.98999999999998,23.62375,42.8,4.39,0.34998148148148145
37,Secure System Development (Industrial Control Systems),personal,630,238.09999999999997,26.455555555555556,49.11,4.39,0.3779365079365079
37,Security Testing,personal,510,247.65999999999997,35.38,60,16.6,0.48560784313725486
37,Vulnerability Management,personal,390,226.17,37.695,67.22,16.6,0.5799230769230769
38,Cryptography & Communications Security (Cryptographer),personal,450,27.98,3.4975,23.32,0,0.062177777777777776
38,Cryptography & Communications Security (Secure Communications Operator),personal,420,27.98,3.4975,23.32,0,0.06661904761904762
38,Cyber Security Audit & Assurance,personal,360,104.8,17.466666666666665,58.16,0,0.2911111111111111
38,Cyber Security Governance & Risk Management,personal,240,76.64,19.16,30,4.66,0.31933333333333336
38,Cyber Security Governance & Risk Management (Industrial Control Systems),personal,300,83.09,16.618,30,4.66,0.2769666666666667
38,Cyber Security Management,personal,870,190.67999999999998,9.08,58.16,0,0.21917241379310343
38,Cyber Threat Intelligence,personal,420,103.02,14.717142857142855,58.16,0,0.24528571428571427
38,Data Protection & Privacy,personal,330,69.96000000000001,13.991999999999999,29.22,0,0.21200000000000002
38,Digital Forensics,personal,480,96.69999999999999,12.087499999999999,58.16,0,0.20145833333333332
38,Digital Forensics (Industrial Control Systems),personal,570,103.14999999999999,11.461111111111112,58.16,0,0.18096491228070175
38,Identity & Access Management,personal,510,70.74000000000001,7.86,30,0,0.1387058823529412
38,Incident response,personal,330,114.82,16.40285714285714,58.16,0,0.34793939393939394
38,Incident response (Industrial Control Systems),personal,420,121.27,15.15875,58.16,0,0.28873809523809524
38,Network Monitoring & Intrusion Detection,personal,270,73.94,18.485,58.16,0,0.27385185185185185
38,Secure Operations,personal,420,138.14,17.2675,58.16,0,0.32890476190476187
38,Secure Operations (Industrial control systems),personal,480,144.58999999999997,16.065555555555555,58.16,0,0.3012291666666666
38,Secure System Architecture & Design,personal,540,22.22,2.7775,22.22,0,0.04114814814814815
38,Secure System Architecture & Design (Industrial Control Systems),personal,630,28.669999999999998,3.1855555555555553,22.22,0,0.045507936507936504
38,Secure System Development,personal,540,22.22,2.7775,22.22,0,0.04114814814814815
38,Secure System Development (Industrial Control Systems),personal,630,28.669999999999998,3.1855555555555553,22.22,0,0.045507936507936504
38,Security Testing,personal,510,42.66,6.094285714285713,22.22,0,0.08364705882352941
38,Vulnerability Management,personal,390,86.69999999999999,14.45,58.16,0,0.2223076923076923
39,Cryptography & Communications Security (Cryptographer),personal,450,396.33000000000004,49.54125,90,30,0.8807333333333335
39,Cryptography & Communications Security (Secure Communications Operator),personal,420,396.33000000000004,49.54125,90,30,0.9436428571428572
39,Cyber Security Audit & Assurance,personal,360,349.97,58.32833333333333,90,30,0.972138888888889
39,Cyber Security Governance & Risk Management,personal,240,240,60,90,30,1
39,Cyber Security Governance & Risk Management (Industrial Control Systems),personal,300,300,60,90,30,1
39,Cyber Security Management,personal,870,859.97,40.95095238095239,90,30,0.9884712643678161
39,Cyber Threat Intelligence,personal,420,420,60,90,30,1
39,Data Protection & Privacy,personal,330,319.97,63.994,90,30,0.9696060606060607
39,Digital Forensics,personal,480,429.02,53.6275,79.97,30,0.8937916666666667
39,Digital Forensics (Industrial Control Systems),personal,570,519.02,57.66888888888889,90,30,0.9105614035087719
39,Identity & Access Management,personal,510,501.29,55.69888888888889,90,30,0.9829215686274511
39,Incident response,personal,330,330,47.142857142857146,90,30,1
39,Incident response (Industrial Control Systems),personal,420,420,52.5,90,30,1
39,Network Monitoring & Intrusion Detection,personal,270,270,67.5,90,30,1
39,Secure Operations,personal,420,420,52.5,90,30,1
39,Secure Operations (Industrial control systems),personal,480,480,53.333333333333336,90,30,1
39,Secure System Architecture & Design,personal,540,466.66,58.332499999999996,90,30,0.8641851851851853
39,Secure System Architecture & Design (Industrial Control Systems),personal,630,556.6600000000001,61.85111111111111,90,30,0.8835873015873017
39,Secure System Development,personal,540,466.66,58.332499999999996,90,30,0.8641851851851853
39,Secure System Development (Industrial Control Systems),personal,630,556.6600000000001,61.85111111111111,90,30,0.8835873015873017
39,Security Testing,personal,510,439.05,62.72142857142857,90,30,0.8608823529411765
39,Vulnerability Management,personal,390,383.68,63.946666666666665,90,30,0.9837948717948718
40,Cryptography & Communications Security (Cryptographer),personal,450,69.41000000000001,8.67625,29.36,1.37,0.15424444444444446
40,Cryptography & Communications Security (Secure Communications Operator),personal,420,69.41000000000001,8.67625,29.36,1.37,0.16526190476190478
40,Cyber Security Audit & Assurance,personal,360,246.52,41.086666666666666,66.94,14.13,0.6847777777777778
40,Cyber Security Governance & Risk Management,personal,240,171.07,42.7675,66.94,14.13,0.7127916666666666
40,Cyber Security Governance & Risk Management (Industrial Control Systems),personal,300,172.29999999999998,34.46,66.94,1.23,0.5743333333333333
40,Cyber Security Management,personal,870,344.32,16.396190476190476,66.94,1.23,0.39577011494252873
40,Cyber Threat Intelligence,personal,420,228.78000000000003,32.682857142857145,90,1.37,0.5447142857142858
40,Data Protection & Privacy,personal,330,135.41,27.082,60,1.92,0.41033333333333333
40,Digital Forensics,personal,480,166.17000000000002,20.771250000000002,60,1.37,0.34618750000000004
40,Digital Forensics (Industrial Control Systems),personal,570,167.4,18.6,60,1.23,0.2936842105263158
40,Identity & Access Management,personal,510,197.23000000000002,21.914444444444445,60,1.92,0.3867254901960785
40,Incident response,personal,330,186.43,26.632857142857144,60,1.37,0.564939393939394
40,Incident response (Industrial Control Systems),personal,420,187.66,23.4575,60,1.23,0.4468095238095238
40,Network Monitoring & Intrusion Detection,personal,270,96.94000000000001,24.235,46.09,1.37,0.3590370370370371
40,Secure Operations,personal,420,144.4,18.05,46.09,1.37,0.34380952380952384
40,Secure Operations (Industrial control systems),personal,480,145.63,16.18111111111111,46.09,1.23,0.3033958333333333
40,Secure System Architecture & Design,personal,540,41.83,5.22875,16.05,1.37,0.07746296296296296
40,Secure System Architecture & Design (Industrial Control Systems),personal,630,43.059999999999995,4.7844444444444445,16.05,1.23,0.06834920634920634
40,Secure System Development,personal,540,41.83,5.22875,16.05,1.37,0.07746296296296296
40,Secure System Development (Industrial Control Systems),personal,630,43.059999999999995,4.7844444444444445,16.05,1.23,0.06834920634920634
40,Security Testing,personal,510,83.09,11.87,30,1.37,0.162921568627451
40,Vulnerability Management,personal,390,169.97,28.328333333333333,60,1.37,0.4358205128205128
41,Cryptography & Communications Security (Cryptographer),personal,450,342.82,42.8525,71.88,22.22,0.7618222222222222
41,Cryptography & Communications Security (Secure Communications Operator),personal,420,342.82,42.8525,71.88,22.22,0.8162380952380952
41,Cyber Security Audit & Assurance,personal,360,360,60,90,30,1
41,Cyber Security Governance & Risk Management,personal,240,240,60,90,30,1
41,Cyber Security Governance & Risk Management (Industrial Control Systems),personal,300,300,60,90,30,1
41,Cyber Security Management,personal,870,810.99,38.61857142857143,90,2.19,0.9321724137931034
41,Cyber Threat Intelligence,personal,420,333.86,47.69428571428571,78.88,17.7,0.7949047619047619
41,Data Protection & Privacy,personal,330,324.22,64.844,90,30,0.9824848484848485
41,Digital Forensics,personal,480,407.7,50.9625,90,17.7,0.849375
41,Digital Forensics (Industrial Control Systems),personal,570,492.75,54.75,90,17.7,0.8644736842105263
41,Identity & Access Management,personal,510,386.4,42.93333333333333,71.88,22.22,0.7576470588235293
41,Incident response,personal,330,298.98,42.71142857142857,78.88,17.7,0.906
41,Incident response (Industrial Control Systems),personal,420,384.03000000000003,48.00375,85.05,17.7,0.914357142857143
41,Network Monitoring & Intrusion Detection,personal,270,230,57.5,78.88,30,0.8518518518518519
41,Secure Operations,personal,420,350.01,43.75125,78.88,17.7,0.8333571428571428
41,Secure Operations (Industrial control systems),personal,480,410.01,45.556666666666665,78.88,17.7,0.8541875
41,Secure System Architecture & Design,personal,540,423.04,52.879999999999995,83.81,22.22,0.7834074074074074
41,Secure System Architecture & Design (Industrial Control Systems),personal,630,508.09000000000003,56.45444444444444,85.05,22.22,0.8064920634920636
41,Secure System Development,personal,540,423.04,52.879999999999995,83.81,22.22,0.7834074074074074
41,Secure System Development (Industrial Control Systems),personal,630,508.09000000000003,56.45444444444444,85.05,22.22,0.8064920634920636
41,Security Testing,personal,510,417.28,59.61142857142857,83.81,30,0.8181960784313725
41,Vulnerability Management,personal,390,332.03,55.33833333333333,78.88,30,0.8513589743589743
42,Cryptography & Communications Security (Cryptographer),personal,450,56.72999999999999,7.0912500000000005,14.9,2.58,0.12606666666666663
42,Cryptography & Communications Security (Secure Communications Operator),personal,420,56.72999999999999,7.0912500000000005,14.9,2.58,0.13507142857142854
42,Cyber Security Audit & Assurance,personal,360,70.2,11.7,14.9,5.16,0.195
42,Cyber Security Governance & Risk Management,personal,240,50.14,12.535,14.33,8.88,0.20891666666666667
42,Cyber Security Governance & Risk Management (Industrial Control Systems),personal,300,67.62,13.524000000000001,17.48,8.88,0.22540000000000002
42,Cyber Security Management,personal,870,164.77,7.846190476190476,17.48,1.15,0.18939080459770116
42,Cyber Threat Intelligence,personal,420,57.309999999999995,8.187142857142858,14.33,1.15,0.13645238095238094
42,Data Protection & Privacy,personal,330,54.15,10.83,14.9,3.44,0.1640909090909091
42,Digital Forensics,personal,480,56.449999999999996,7.05625,14.33,1.15,0.11760416666666666
42,Digital Forensics (Industrial Control Systems),personal,570,73.92999999999999,8.214444444444444,17.48,1.15,0.1297017543859649
42,Identity & Access Management,personal,510,82.23999999999998,9.137777777777778,14.9,2.58,0.16125490196078426
42,Incident response,personal,330,51.589999999999996,7.37,14.33,1.15,0.15633333333333332
42,Incident response (Industrial Control Systems),personal,420,69.07,8.63375,17.48,1.15,0.16445238095238093
42,Network Monitoring & Intrusion Detection,personal,270,34.39,8.5975,14.33,4.58,0.12737037037037038
42,Secure Operations,personal,420,63.61999999999999,7.9525,14.33,1.15,0.15147619047619046
42,Secure Operations (Industrial control systems),personal,480,81.1,9.011111111111111,17.48,1.15,0.16895833333333332
42,Secure System Architecture & Design,personal,540,40.4,5.05,11.46,1.43,0.0748148148148148
42,Secure System Architecture & Design (Industrial Control Systems),personal,630,57.879999999999995,6.431111111111111,17.48,1.43,0.09187301587301587
42,Secure System Development,personal,540,40.4,5.05,11.46,1.43,0.0748148148148148
42,Secure System Development (Industrial Control Systems),personal,630,57.879999999999995,6.431111111111111,17.48,1.43,0.09187301587301587
42,Security Testing,personal,510,48.42,6.917142857142857,12.89,1.43,0.09494117647058824
42,Vulnerability Management,personal,390,51.870000000000005,8.645,14.33,4.58,0.133
43,Cryptography & Communications Security (Cryptographer),personal,450,446.28,55.785,90,30,0.9917333333333332
43,Cryptography & Communications Security (Secure Communications Operator),personal,420,420,52.5,90,30,1
43,Cyber Security Audit & Assurance,personal,360,317.86,52.97666666666667,86.97,30,0.8829444444444445
43,Cyber Security Governance & Risk Management,personal,240,227.86,56.965,86.97,30,0.9494166666666667
43,Cyber Security Governance & Risk Management (Industrial Control Systems),personal,300,287.86,57.572,86.97,30,0.9595333333333333
43,Cyber Security Management,personal,870,827.86,39.42190476190476,90,30,0.9515632183908046
43,Cyber Threat Intelligence,personal,420,410.89,58.69857142857143,90,30,0.9783095238095237
43,Data Protection & Privacy,personal,330,290.89,58.178,90,30,0.8814848484848484
43,Digital Forensics,personal,480,413.94,51.7425,69.55,30,0.862375
43,Digital Forensics (Industrial Control Systems),personal,570,503.94,55.99333333333333,90,30,0.8841052631578947
43,Identity & Access Management,personal,510,465.4,51.71111111111111,90,30,0.9125490196078431
43,Incident response,personal,330,330,47.142857142857146,90,30,1
43,Incident response (Industrial Control Systems),personal,420,420,52.5,90,30,1
43,Network Monitoring & Intrusion Detection,personal,270,270,67.5,90,30,1
43,Secure Operations,personal,420,420,52.5,90,30,1
43,Secure Operations (Industrial control systems),personal,480,480,53.333333333333336,90,30,1
43,Secure System Architecture & Design,personal,540,443.89,55.48625,90,30,0.8220185185185185
43,Secure System Architecture & Design (Industrial Control Systems),personal,630,533.89,59.32111111111111,90,30,0.8474444444444444
43,Secure System Development,personal,540,443.89,55.48625,90,30,0.8220185185185185
43,Secure System Development (Industrial Control Systems),personal,630,533.89,59.32111111111111,90,30,0.8474444444444444
43,Security Testing,personal,510,404.78,57.825714285714284,90,30,0.7936862745098039
43,Vulnerability Management,personal,390,345.4,57.56666666666666,90,30,0.8856410256410255
44,Cryptography & Communications Security (Cryptographer),personal,450,30,3.75,30,0,0.06666666666666667
44,Cryptography & Communications Security (Secure Communications Operator),personal,420,30,3.75,30,0,0.07142857142857142
44,Cyber Security Audit & Assurance,personal,360,106.95,17.825,76.95,0,0.29708333333333337
44,Cyber Security Governance & Risk Management,personal,240,60,15,60,0,0.25
44,Cyber Security Governance & Risk Management (Industrial Control Systems),personal,300,60,12,60,0,0.2
44,Cyber Security Management,personal,870,106.95,5.092857142857143,76.95,0,0.12293103448275862
44,Cyber Threat Intelligence,personal,420,128.31,18.330000000000002,68.31,0,0.3055
44,Data Protection & Privacy,personal,330,76.95,15.39,76.95,0,0.23318181818181818
44,Digital Forensics,personal,480,136.95,17.11875,76.95,0,0.28531249999999997
44,Digital Forensics (Industrial Control Systems),personal,570,136.95,15.216666666666665,76.95,0,0.24026315789473682
44,Identity & Access Management,personal,510,60,6.666666666666666,30,0,0.11764705882352941
44,Incident response,personal,330,60,8.571428571428573,60,0,0.18181818181818182
44,Incident response (Industrial Control Systems),personal,420,60,7.5,60,0,0.14285714285714285
44,Network Monitoring & Intrusion Detection,personal,270,30,7.5,30,0,0.1111111111111111
44,Secure Operations,personal,420,0,0,0,0,0
44,Secure Operations (Industrial control systems),personal,480,0,0,0,0,0
44,Secure System Architecture & Design,personal,540,0,0,0,0,0
44,Secure System Architecture & Design (Industrial Control Systems),personal,630,0,0,0,0,0
44,Secure System Development,personal,540,0,0,0,0,0
44,Secure System Development (Industrial Control Systems),personal,630,0,0,0,0,0
44,Security Testing,personal,510,90,12.857142857142856,60,0,0.17647058823529413
44,Vulnerability Management,personal,390,60,10,60,0,0.15384615384615385
45,Cryptography & Communications Security (Cryptographer),personal,450,132.04999999999998,16.506249999999998,34.29,0.27,0.2934444444444444
45,Cryptography & Communications Security (Secure Communications Operator),personal,420,132.04999999999998,16.506249999999998,34.29,0.27,0.31440476190476185
45,Cyber Security Audit & Assurance,personal,360,260.33,43.388333333333335,75.72,28.4,0.7231388888888889
45,Cyber Security Governance & Risk Management,personal,240,194.12,48.53,75.72,28.4,0.8088333333333334
45,Cyber Security Governance & Risk Management (Industrial Control Systems),personal,300,194.12,38.824,75.72,0,0.6470666666666667
45,Cyber Security Management,personal,870,410.56999999999994,19.55095238095238,75.72,0,0.47191954022988497
45,Cyber Threat Intelligence,personal,420,263.15,37.59285714285714,84.77,0.82,0.626547619047619
45,Data Protection & Privacy,personal,330,183.55,36.71,60,24.55,0.5562121212121213
45,Digital Forensics,personal,480,158.85,19.85625,60,0.27,0.3309375
45,Digital Forensics (Industrial Control Systems),personal,570,158.85,17.65,60,0,0.27868421052631576
45,Identity & Access Management,personal,510,228.09,25.343333333333334,60,2.88,0.44723529411764706
45,Incident response,personal,330,213.14,30.44857142857143,60,0.82,0.6458787878787878
45,Incident response (Industrial Control Systems),personal,420,213.14,26.642500000000002,60,0,0.5074761904761904
45,Network Monitoring & Intrusion Detection,personal,270,153.45,38.3625,52.95,30,0.5683333333333332
45,Secure Operations,personal,420,164.92,20.615,36.21,0.27,0.39266666666666666
45,Secure Operations (Industrial control systems),personal,480,164.92,18.324444444444445,36.21,0,0.3435833333333333
45,Secure System Architecture & Design,personal,540,51.11999999999999,6.39,30,0.27,0.09466666666666665
45,Secure System Architecture & Design (Industrial Control Systems),personal,630,51.11999999999999,5.68,30,0,0.08114285714285713
45,Secure System Development,personal,540,51.11999999999999,6.39,30,0.27,0.09466666666666665
45,Secure System Development (Industrial Control Systems),personal,630,51.11999999999999,5.68,30,0,0.08114285714285713
45,Security Testing,personal,510,151.67,21.667142857142856,52.95,0.27,0.29739215686274506
45,Vulnerability Management,personal,390,216.32999999999998,36.055,60,2.88,0.5546923076923077
46,Cryptography & Communications Security (Cryptographer),personal,450,248.53000000000003,31.06625,84.67,16.42,0.5522888888888889
46,Cryptography & Communications Security (Secure Communications Operator),personal,420,248.53000000000003,31.06625,84.67,16.42,0.5917380952380953
46,Cyber Security Audit & Assurance,personal,360,353.95,58.99166666666667,90,30,0.9831944444444444
46,Cyber Security Governance & Risk Management,personal,240,240,60,90,30,1
46,Cyber Security Governance & Risk Management (Industrial Control Systems),personal,300,253.96,50.792,90,13.96,0.8465333333333334
46,Cyber Security Management,personal,870,739.6700000000001,35.22238095238095,90,11.19,0.8501954022988507
46,Cyber Threat Intelligence,personal,420,367.08,52.44,82.24,29.03,0.874
46,Data Protection & Privacy,personal,330,291.69,58.338,83.95,30,0.8839090909090909
46,Digital Forensics,personal,480,372.21999999999997,46.5275,83.95,22.15,0.7754583333333332
46,Digital Forensics (Industrial Control Systems),personal,570,386.17999999999995,42.90888888888889,83.95,13.96,0.6775087719298245
46,Identity & Access Management,personal,510,320.19,35.57666666666667,60,16.71,0.6278235294117647
46,Incident response,personal,330,301.91999999999996,43.13142857142857,80.46,17.08,0.9149090909090908
46,Incident response (Industrial Control Systems),personal,420,315.87999999999994,39.485,80.46,13.96,0.7520952380952379
46,Network Monitoring & Intrusion Detection,personal,270,250.48000000000002,62.62,84.67,30,0.9277037037037038
46,Secure Operations,personal,420,318.03,39.75375,80.46,18.58,0.7572142857142856
46,Secure Operations (Industrial control systems),personal,480,331.98999999999995,36.88777777777778,80.46,13.96,0.6916458333333332
46,Secure System Architecture & Design,personal,540,302.28,37.785,85.98,16.71,0.5597777777777777
46,Secure System Architecture & Design (Industrial Control Systems),personal,630,316.23999999999995,35.13777777777778,85.98,13.96,0.5019682539682538
46,Secure System Development,personal,540,302.28,37.785,85.98,16.71,0.5597777777777777
46,Secure System Development (Industrial Control Systems),personal,630,316.23999999999995,35.13777777777778,85.98,13.96,0.5019682539682538
46,Security Testing,personal,510,427.78000000000003,61.111428571428576,85.98,27.09,0.8387843137254902
46,Vulnerability Management,personal,390,312.9,52.15,80.46,27.09,0.8023076923076923
47,Cryptography & Communications Security (Cryptographer),personal,450,150.55,18.81875,59.89,0,0.3345555555555556
47,Cryptography & Communications Security (Secure Communications Operator),personal,420,150.55,18.81875,59.89,0,0.35845238095238097
47,Cyber Security Audit & Assurance,personal,360,102.69,17.115000000000002,60,0,0.28525
47,Cyber Security Governance & Risk Management,personal,240,58.94,14.735,30,0,0.24558333333333332
47,Cyber Security Governance & Risk Management (Industrial Control Systems),personal,300,79.57,15.914,30,0,0.2652333333333333
47,Cyber Security Management,personal,870,370.66,17.65047619047619,90,0,0.42604597701149427
47,Cyber Threat Intelligence,personal,420,240.54000000000002,34.362857142857145,90,0,0.5727142857142857
47,Data Protection & Privacy,personal,330,87.1,17.419999999999998,44.41,0,0.2639393939393939
47,Digital Forensics,personal,480,189.14,23.6425,72.78,0,0.3940416666666666
47,Digital Forensics (Industrial Control Systems),personal,570,209.76999999999998,23.30777777777778,72.78,0,0.3680175438596491
47,Identity & Access Management,personal,510,212.51999999999998,23.613333333333333,52.15,0,0.41670588235294115
47,Incident response,personal,330,210,30,90,0,0.6363636363636364
47,Incident response (Industrial Control Systems),personal,420,230.63,28.82875,90,0,0.5491190476190476
47,Network Monitoring & Intrusion Detection,personal,270,209.89,52.4725,90,0,0.7773703703703703
47,Secure Operations,personal,420,306.45,38.30625,90,0,0.7296428571428571
47,Secure Operations (Industrial control systems),personal,480,327.08,36.34222222222222,90,0,0.6814166666666667
47,Secure System Architecture & Design,personal,540,125.42,15.6775,52.15,0,0.23225925925925925
47,Secure System Architecture & Design (Industrial Control Systems),personal,630,146.05,16.227777777777778,52.15,0,0.23182539682539685
47,Secure System Development,personal,540,125.42,15.6775,52.15,0,0.23225925925925925
47,Secure System Development (Industrial Control Systems),personal,630,146.05,16.227777777777778,52.15,0,0.23182539682539685
47,Security Testing,personal,510,147.85000000000002,21.12142857142857,61.6,0,0.2899019607843138
47,Vulnerability Management,personal,390,265.19,44.19833333333334,90,0,0.679974358974359
48,Cryptography & Communications Security (Cryptographer),personal,450,232.53,29.06625,37.31,22.91,0.5167333333333334
48,Cryptography & Communications Security (Secure Communications Operator),personal,420,232.53,29.06625,37.31,22.91,0.5536428571428571
48,Cyber Security Audit & Assurance,personal,360,279.53000000000003,46.58833333333333,83.81,30,0.7764722222222223
48,Cyber Security Governance & Risk Management,personal,240,217.71,54.4275,83.81,30,0.9071250000000001
48,Cyber Security Governance & Risk Management (Industrial Control Systems),personal,300,247.07,49.414,83.81,29.36,0.8235666666666667
48,Cyber Security Management,personal,870,720.4100000000001,34.305238095238096,83.81,20.99,0.8280574712643679
48,Cyber Threat Intelligence,personal,420,251.77,35.96714285714286,63.1,25.65,0.599452380952381
48,Data Protection & Privacy,personal,330,243.22000000000003,48.644,69.68,30,0.7370303030303031
48,Digital Forensics,personal,480,278.72,34.84,60,25.93,0.5806666666666668
48,Digital Forensics (Industrial Control Systems),personal,570,308.08000000000004,34.23111111111111,60,25.93,0.5404912280701755
48,Identity & Access Management,personal,510,350.46000000000004,38.94,60,22.91,0.6871764705882354
48,Incident response,personal,330,225.76000000000002,32.25142857142857,60,20.99,0.6841212121212121
48,Incident response (Industrial Control Systems),personal,420,255.12,31.89,60,20.99,0.6074285714285714
48,Network Monitoring & Intrusion Detection,personal,270,119.97999999999999,29.994999999999997,32.51,25.65,0.44437037037037036
48,Secure Operations,personal,420,235.76,29.47,39.64,22.91,0.5613333333333334
48,Secure Operations (Industrial control systems),personal,480,265.12,29.45777777777778,39.64,22.91,0.5523333333333333
48,Secure System Architecture & Design,personal,540,232.61,29.07625,40.6,20.99,0.4307592592592593
48,Secure System Architecture & Design (Industrial Control Systems),personal,630,261.97,29.107777777777777,40.6,20.99,0.4158253968253969
48,Secure System Development,personal,540,232.61,29.07625,40.6,20.99,0.4307592592592593
48,Secure System Development (Industrial Control Systems),personal,630,261.97,29.107777777777777,40.6,20.99,0.4158253968253969
48,Security Testing,personal,510,227.52999999999997,32.504285714285714,43.9,25.1,0.4461372549019607
48,Vulnerability Management,personal,390,220.57999999999998,36.763333333333335,60,25.65,0.5655897435897436
49,Cryptography & Communications Security (Cryptographer),personal,450,41.910000000000004,5.23875,10.98,0,0.09313333333333335
49,Cryptography & Communications Security (Secure Communications Operator),personal,420,41.910000000000004,5.23875,10.98,0,0.0997857142857143
49,Cyber Security Audit & Assurance,personal,360,160.42,26.736666666666665,59.83,3.76,0.44561111111111107
49,Cyber Security Governance & Risk Management,personal,240,126.60000000000001,31.65,59.83,3.76,0.5275000000000001
49,Cyber Security Governance & Risk Management (Industrial Control Systems),personal,300,126.60000000000001,25.32,59.83,0,0.42200000000000004
49,Cyber Security Management,personal,870,207.24999999999997,9.869047619047619,59.83,0,0.23821839080459767
49,Cyber Threat Intelligence,personal,420,91.86000000000001,13.122857142857143,30,0.87,0.21871428571428575
49,Data Protection & Privacy,personal,330,106.31,21.262,59.83,0,0.32215151515151513
49,Digital Forensics,personal,480,49.72,6.215,26.88,0,0.10358333333333333
49,Digital Forensics (Industrial Control Systems),personal,570,49.72,5.524444444444444,26.88,0,0.0872280701754386
49,Identity & Access Management,personal,510,117.93,13.103333333333333,59.83,0,0.23123529411764707
49,Incident response,personal,330,82.32000000000001,11.76,30,0,0.24945454545454548
49,Incident response (Industrial Control Systems),personal,420,82.32000000000001,10.29,30,0,0.196
49,Network Monitoring & Intrusion Detection,personal,270,51.449999999999996,12.8625,26.88,3.76,0.19055555555555553
49,Secure Operations,personal,420,55.44,6.930000000000001,30,0,0.132
49,Secure Operations (Industrial control systems),personal,480,55.44,6.16,30,0,0.11549999999999999
49,Secure System Architecture & Design,personal,540,26.590000000000003,3.32375,10.98,0,0.049240740740740745
49,Secure System Architecture & Design (Industrial Control Systems),personal,630,26.590000000000003,2.954444444444445,10.98,0,0.04220634920634921
49,Secure System Development,personal,540,26.590000000000003,3.32375,10.98,0,0.049240740740740745
49,Secure System Development (Industrial Control Systems),personal,630,26.590000000000003,2.954444444444445,10.98,0,0.04220634920634921
49,Security Testing,personal,510,64.17,9.167142857142856,26.88,0,0.12582352941176472
49,Vulnerability Management,personal,390,81.45,13.575,30,0,0.20884615384615385
50,Cryptography & Communications Security (Cryptographer),personal,450,126.19,15.77375,66.19,0,0.28042222222222224
50,Cryptography & Communications Security (Secure Communications Operator),personal,420,126.19,15.77375,66.19,0,0.30045238095238097
50,Cyber Security Audit & Assurance,personal,360,311.83,51.971666666666664,90,0,0.8661944444444444
50,Cyber Security Governance & Risk Management,personal,240,240,60,90,30,1
50,Cyber Security Governance & Risk Management (Industrial Control Systems),personal,300,240,48,90,0,0.8
50,Cyber Security Management,personal,870,450.90999999999997,21.47190476190476,90,0,0.5182873563218391
50,Cyber Threat Intelligence,personal,420,190.48000000000002,27.21142857142857,60,0,0.45352380952380955
50,Data Protection & Privacy,personal,330,229.57,45.914,90,0,0.6956666666666667
50,Digital Forensics,personal,480,192.69,24.08625,90,0,0.4014375
50,Digital Forensics (Industrial Control Systems),personal,570,192.69,21.41,90,0,0.3380526315789474
50,Identity & Access Management,personal,510,214.84,23.871111111111112,60,0,0.4212549019607843
50,Incident response,personal,330,130.48,18.64,41.83,0,0.39539393939393935
50,Incident response (Industrial Control Systems),personal,420,130.48,16.31,41.83,0,0.31066666666666665
50,Network Monitoring & Intrusion Detection,personal,270,136.67,34.1675,66.19,0,0.5061851851851852
50,Secure Operations,personal,420,160.48,20.06,60,0,0.38209523809523804
50,Secure Operations (Industrial control systems),personal,480,160.48,17.83111111111111,60,0,0.3343333333333333
50,Secure System Architecture & Design,personal,540,76.13,9.51625,45.27,0,0.14098148148148149
50,Secure System Architecture & Design (Industrial Control Systems),personal,630,76.13,8.45888888888889,45.27,0,0.12084126984126983
50,Secure System Development,personal,540,76.13,9.51625,45.27,0,0.14098148148148149
50,Secure System Development (Industrial Control Systems),personal,630,76.13,8.45888888888889,45.27,0,0.12084126984126983
50,Security Testing,personal,510,200.97,28.71,66.19,0,0.39405882352941174
50,Vulnerability Management,personal,390,205.75,34.291666666666664,60,0,0.5275641025641026
51,Cryptography & Communications Security (Cryptographer),personal,450,107.44999999999999,13.43125,30,2.87,0.23877777777777776
51,Cryptography & Communications Security (Secure Communications Operator),personal,420,107.44999999999999,13.43125,30,2.87,0.2558333333333333
51,Cyber Security Audit & Assurance,personal,360,300.25,50.041666666666664,63.83,30,0.8340277777777778
51,Cyber Security Governance & Risk Management,personal,240,206.42000000000002,51.605000000000004,63.02,30,0.8600833333333334
51,Cyber Security Governance & Risk Management (Industrial Control Systems),personal,300,253.72000000000003,50.744,63.02,30,0.8457333333333334
51,Cyber Security Management,personal,870,497.6600000000001,23.698095238095238,74.62,2.79,0.5720229885057472
51,Cyber Threat Intelligence,personal,420,313.4,44.77142857142857,87.86,10.47,0.7461904761904762
51,Data Protection & Privacy,personal,330,203.36,40.672,63.83,3.3,0.6162424242424243
51,Digital Forensics,personal,480,217.85000000000002,27.23125,63.83,3,0.4538541666666667
51,Digital Forensics (Industrial Control Systems),personal,570,265.15000000000003,29.461111111111112,63.83,3,0.4651754385964913
51,Identity & Access Management,personal,510,224.12000000000003,24.902222222222225,60,2.87,0.4394509803921569
51,Incident response,personal,330,232.37,33.19571428571429,74.62,6.83,0.7041515151515152
51,Incident response (Industrial Control Systems),personal,420,279.67,34.95875,74.62,6.83,0.6658809523809525
51,Network Monitoring & Intrusion Detection,personal,270,152.12,38.03,74.62,10.47,0.5634074074074075
51,Secure Operations,personal,420,182.95000000000002,22.868750000000002,74.62,3,0.43559523809523815
51,Secure Operations (Industrial control systems),personal,480,230.25,25.583333333333336,74.62,3,0.4796875
51,Secure System Architecture & Design,personal,540,51.65,6.45625,18.14,2.87,0.09564814814814815
51,Secure System Architecture & Design (Industrial Control Systems),personal,630,98.94999999999999,10.994444444444445,47.3,2.87,0.15706349206349204
51,Secure System Development,personal,540,51.65,6.45625,18.14,2.87,0.09564814814814815
51,Secure System Development (Industrial Control Systems),personal,630,98.94999999999999,10.994444444444445,47.3,2.87,0.15706349206349204
51,Security Testing,personal,510,147.84000000000003,21.12,60,3.21,0.28988235294117654
51,Vulnerability Management,personal,390,215.70000000000002,35.95,74.62,3.58,0.5530769230769231
52,Cryptography & Communications Security (Cryptographer),personal,450,302.84,37.855000000000004,57.2,30,0.6729777777777777
52,Cryptography & Communications Security (Secure Communications Operator),personal,420,302.84,37.855000000000004,57.2,30,0.7210476190476189
52,Cyber Security Audit & Assurance,personal,360,328.83,54.805,79.56,30,0.9134166666666667
52,Cyber Security Governance & Risk Management,personal,240,219.26999999999998,54.817499999999995,69.27,30,0.9136249999999999
52,Cyber Security Governance & Risk Management (Industrial Control Systems),personal,300,279.27,55.854,69.27,30,0.9309
52,Cyber Security Management,personal,870,824.96,39.28380952380952,79.56,30,0.9482298850574713
52,Cyber Threat Intelligence,personal,420,371.39,53.05571428571429,77.5,30,0.8842619047619047
52,Data Protection & Privacy,personal,330,308.57,61.714,79.56,30,0.935060606060606
52,Digital Forensics,personal,480,426.41,53.30125,79.56,30,0.8883541666666667
52,Digital Forensics (Industrial Control Systems),personal,570,501.31000000000006,55.70111111111111,79.56,30,0.8794912280701755
52,Identity & Access Management,personal,510,464.78999999999996,51.64333333333333,78.88,30,0.9113529411764705
52,Incident response,personal,330,316.13,45.16142857142857,76.13,30,0.9579696969696969
52,Incident response (Industrial Control Systems),personal,420,391.03,48.87875,76.13,30,0.9310238095238095
52,Network Monitoring & Intrusion Detection,personal,270,223.32999999999998,55.832499999999996,76.13,30,0.8271481481481481
52,Secure Operations,personal,420,383.28999999999996,47.911249999999995,76.13,30,0.912595238095238
52,Secure Operations (Industrial control systems),personal,480,443.28999999999996,49.254444444444445,76.13,30,0.9235208333333332
52,Secure System Architecture & Design,personal,540,418.99,52.37375,69.41,30,0.7759074074074074
52,Secure System Architecture & Design (Industrial Control Systems),personal,630,493.89,54.876666666666665,74.9,30,0.783952380952381
52,Secure System Development,personal,540,418.99,52.37375,69.41,30,0.7759074074074074
52,Secure System Development (Industrial Control Systems),personal,630,493.89,54.876666666666665,74.9,30,0.783952380952381
52,Security Testing,personal,510,408.57,58.36714285714286,69.41,30,0.8011176470588235
52,Vulnerability Management,personal,390,362.21,60.36833333333333,78.88,30,0.9287435897435897
53,Cryptography & Communications Security (Cryptographer),personal,450,342.61,42.82625,90,19.01,0.7613555555555556
53,Cryptography & Communications Security (Secure Communications Operator),personal,420,342.61,42.82625,90,19.01,0.8157380952380953
53,Cyber Security Audit & Assurance,personal,360,309.01,51.501666666666665,78.39,19.01,0.8583611111111111
53,Cyber Security Governance & Risk Management,personal,240,228.39,57.0975,78.39,30,0.9516249999999999
53,Cyber Security Governance & Risk Management (Industrial Control Systems),personal,300,288.39,57.678,78.39,30,0.9612999999999999
53,Cyber Security Management,personal,870,735.73,35.03476190476191,78.39,13.02,0.8456666666666667
53,Cyber Threat Intelligence,personal,420,312.45,44.635714285714286,69.01,13.02,0.7439285714285714
53,Data Protection & Privacy,personal,330,246.09,49.218,77.08,19.01,0.7457272727272727
53,Digital Forensics,personal,480,316.61,39.57625,77.08,13.02,0.6596041666666667
53,Digital Forensics (Industrial Control Systems),personal,570,385.62,42.846666666666664,77.08,13.02,0.6765263157894736
53,Identity & Access Management,personal,510,425.10999999999996,47.23444444444444,87.76,19.01,0.833549019607843
53,Incident response,personal,330,267.55,38.221428571428575,60,13.02,0.8107575757575758
53,Incident response (Industrial Control Systems),personal,420,336.56,42.07,69.01,13.02,0.8013333333333333
53,Network Monitoring & Intrusion Detection,personal,270,224.53,56.1325,90,30,0.83159259259259255
53,Secure Operations,personal,420,349.01,43.62625,87.76,13.02,0.8309761904761904
53,Secure Operations (Industrial control systems),personal,480,409.01,45.44555555555556,87.76,13.02,0.8521041666666667
53,Secure System Architecture & Design,personal,540,396.52,49.565,86.46,23.7,0.7342962962962962
53,Secure System Architecture & Design (Industrial Control Systems),personal,630,465.53,51.72555555555555,86.46,23.7,0.7389365079365079
53,Secure System Development,personal,540,396.52,49.565,86.46,23.7,0.7342962962962962
53,Secure System Development (Industrial Control Systems),personal,630,465.53,51.72555555555555,86.46,23.7,0.7389365079365079
53,Security Testing,personal,510,382.34999999999997,54.621428571428574,90,30,0.7497058823529411
53,Vulnerability Management,personal,390,302.97,50.495,60,30,0.776846153846154
54,Cryptography & Communications Security (Cryptographer),personal,450,287.95,35.99375,89.99,8.09,0.6398888888888888
54,Cryptography & Communications Security (Secure Communications Operator),personal,420,287.95,35.99375,89.99,8.09,0.685595238095238
54,Cyber Security Audit & Assurance,personal,360,291.56,48.593333333333334,69.27,26.34,0.8098888888888889
54,Cyber Security Governance & Risk Management,personal,240,195.95,48.9875,60,30,0.8164583333333333
54,Cyber Security Governance & Risk Management (Industrial Control Systems),personal,300,255.95,51.19,60,30,0.8531666666666666
54,Cyber Security Management,personal,870,695.3199999999999,33.11047619047619,90,6.17,0.7992183908045977
54,Cyber Threat Intelligence,personal,420,363.77,51.96714285714286,90,9.88,0.8661190476190476
54,Data Protection & Privacy,personal,330,226.02,45.204,69.27,26.34,0.6849090909090909
54,Digital Forensics,personal,480,346.79999999999995,43.35,69.27,9.88,0.7224999999999999
54,Digital Forensics (Industrial Control Systems),personal,570,416.61999999999995,46.29111111111111,69.82,9.88,0.7309122807017543
54,Identity & Access Management,personal,510,353.29,39.254444444444445,68.45,8.09,0.6927254901960784
54,Incident response,personal,330,309.88,44.26857142857143,90,9.88,0.939030303030303
54,Incident response (Industrial Control Systems),personal,420,379.7,47.4625,90,9.88,0.904047619047619
54,Network Monitoring & Intrusion Detection,personal,270,269.99,67.4975,90,30,0.9999629629629629
54,Secure Operations,personal,420,364.34,45.542500000000004,90,9.88,0.8674761904761904
54,Secure Operations (Industrial control systems),personal,480,424.34,47.14888888888889,90,9.88,0.8840416666666666
54,Secure System Architecture & Design,personal,540,364.81,45.60125,72.29,8.09,0.6755740740740741
54,Secure System Architecture & Design (Industrial Control Systems),personal,630,434.63,48.29222222222222,72.29,8.09,0.6898888888888889
54,Secure System Development,personal,540,364.81,45.60125,72.29,8.09,0.6755740740740741
54,Secure System Development (Industrial Control Systems),personal,630,434.63,48.29222222222222,72.29,8.09,0.6898888888888889
54,Security Testing,personal,510,392.11,56.01571428571428,89.99,30,0.7688431372549019
54,Vulnerability Management,personal,390,368.45,61.40833333333333,90,30,0.9447435897435897
55,Cryptography & Communications Security (Cryptographer),personal,450,33.52,4.19,26.01,0,0.0744888888888889
55,Cryptography & Communications Security (Secure Communications Operator),personal,420,33.52,4.19,26.01,0,0.07980952380952382
55,Cyber Security Audit & Assurance,personal,360,14.45,2.408333333333333,7.51,0,0.040138888888888884
55,Cyber Security Governance & Risk Management,personal,240,7.51,1.8775,7.51,0,0.03129166666666667
55,Cyber Security Governance & Risk Management (Industrial Control Systems),personal,300,14.45,2.89,7.51,0,0.04816666666666666
55,Cyber Security Management,personal,870,56.94,2.7114285714285713,26.01,0,0.06544827586206896
55,Cyber Threat Intelligence,personal,420,14.45,2.0642857142857145,7.51,0,0.0344047619047619
55,Data Protection & Privacy,personal,330,33.52,6.704,26.01,0,0.10157575757575758
55,Digital Forensics,personal,480,14.45,1.80625,7.51,0,0.030104166666666664
55,Digital Forensics (Industrial Control Systems),personal,570,21.39,2.3766666666666665,7.51,0,0.037526315789473685
55,Identity & Access Management,personal,510,40.46,4.495555555555556,26.01,0,0.07933333333333334
55,Incident response,personal,330,6.94,0.9914285714285714,6.94,0,0.02103030303030303
55,Incident response (Industrial Control Systems),personal,420,13.88,1.7349999999999999,6.94,0,0.03304761904761905
55,Network Monitoring & Intrusion Detection,personal,270,6.94,1.7349999999999999,6.94,0,0.025703703703703704
55,Secure Operations,personal,420,26.01,3.2512500000000006,26.01,0,0.06192857142857143
55,Secure Operations (Industrial control systems),personal,480,32.95,3.6611111111111114,26.01,0,0.06864583333333334
55,Secure System Architecture & Design,personal,540,9.54,1.1925,9.54,0,0.017666666666666664
55,Secure System Architecture & Design (Industrial Control Systems),personal,630,16.48,1.8311111111111111,9.54,0,0.02615873015873016
55,Secure System Development,personal,540,9.54,1.1925,9.54,0,0.017666666666666664
55,Secure System Development (Industrial Control Systems),personal,630,16.48,1.8311111111111111,9.54,0,0.02615873015873016
55,Security Testing,personal,510,23.99,3.427142857142857,9.54,0,0.047039215686274505
55,Vulnerability Management,personal,390,6.94,1.1566666666666667,6.94,0,0.017794871794871797
56,Cryptography & Communications Security (Cryptographer),personal,450,262.19,32.77375,64.47,7.13,0.5826444444444444
56,Cryptography & Communications Security (Secure Communications Operator),personal,420,257.71999999999997,32.214999999999996,60,7.13,0.6136190476190475
56,Cyber Security Audit & Assurance,personal,360,113.26,18.876666666666665,30,8.5,0.3146111111111111
56,Cyber Security Governance & Risk Management,personal,240,66.25,16.5625,24.69,8.5,0.2760416666666667
56,Cyber Security Governance & Risk Management (Industrial Control Systems),personal,300,126.25,25.25,60,8.5,0.42083333333333334
56,Cyber Security Management,personal,870,427.68999999999994,20.366190476190475,60,7.13,0.4915977011494252
56,Cyber Threat Intelligence,personal,420,119.89,17.127142857142857,25.51,7.96,0.28545238095238096
56,Data Protection & Privacy,personal,330,183.59,36.718,65.84,11.11,0.5563333333333333
56,Digital Forensics,personal,480,165.16,20.645,57.48,7.41,0.34408333333333335
56,Digital Forensics (Industrial Control Systems),personal,570,232.38,25.82,67.22,7.41,0.40768421052631576
56,Identity & Access Management,personal,510,271.98,30.220000000000002,65.29,7.13,0.5332941176470588
56,Incident response,personal,330,94.37,13.481428571428571,25.51,7.96,0.285969696969697
56,Incident response (Industrial Control Systems),personal,420,161.59,20.19875,67.22,7.96,0.38473809523809527
56,Network Monitoring & Intrusion Detection,personal,270,58.980000000000004,14.745000000000001,25.51,7.96,0.21844444444444447
56,Secure Operations,personal,420,169.76999999999998,21.22125,65.29,7.13,0.4042142857142857
56,Secure Operations (Industrial control systems),personal,480,229.76999999999998,25.53,65.29,7.13,0.4786875
56,Secure System Architecture & Design,personal,540,193.87999999999997,24.235,60,7.13,0.359037037037037
56,Secure System Architecture & Design (Industrial Control Systems),personal,630,261.09999999999997,29.011111111111113,67.22,7.13,0.4144444444444444
56,Secure System Development,personal,540,193.87999999999997,24.235,60,7.13,0.359037037037037
56,Secure System Development (Industrial Control Systems),personal,630,261.09999999999997,29.011111111111113,67.22,7.13,0.4144444444444444
56,Security Testing,personal,510,106.18,15.168571428571429,25.51,7.41,0.20819607843137256
56,Vulnerability Management,personal,390,91.08,15.180000000000001,25.51,7.41,0.23353846153846153
