id,Specialism,max_threshold_value,alignment_sum,alignment_index,alignment_mean,max,min
1,Cryptography & Communications Security (Cryptographer),450,0,0,0,0,0
1,Cryptography & Communications Security (Secure Communications Operator),420,0,0,0,0,0
1,Cyber Security Audit & Assurance,360,30,0.08333333333333333,5,100,0
1,Cyber Security Governance & Risk Management,240,0,0,0,0,0
1,Cyber Security Governance & Risk Management (Industrial Control Systems),300,0,0,0,0,0
1,Cyber Security Management,870,90,0.10344827586206896,4.2857142857142865,100,0
1,Cyber Threat Intelligence,420,210,0.5,30,100,0
1,Data Protection & Privacy,330,0,0,0,0,0
1,Digital Forensics,480,110.21000000000001,0.2296041666666667,13.77625,100,0
1,Digital Forensics (Industrial Control Systems),570,110.21000000000001,0.19335087719298247,12.245555555555557,100,0
1,Identity & Access Management,510,30,0.058823529411764705,3.3333333333333335,100,0
1,Incident response,330,150,0.45454545454545453,21.428571428571427,100,0
1,Incident response (Industrial Control Systems),420,150,0.35714285714285715,18.75,100,0
1,Network Monitoring & Intrusion Detection,270,90,0.3333333333333333,22.5,100,0
1,Secure Operations,420,60,0.14285714285714285,7.5,100,0
1,Secure Operations (Industrial control systems),480,60,0.125,6.666666666666667,100,0
1,Secure System Architecture & Design,540,0,0,0,0,0
1,Secure System Architecture & Design (Industrial Control Systems),630,0,0,0,0,0
1,Secure System Development,540,0,0,0,0,0
1,Secure System Development (Industrial Control Systems),630,0,0,0,0,0
1,Security Testing,510,120,0.23529411764705882,17.142857142857146,100,0
1,Vulnerability Management,390,120,0.3076923076923077,20,100,0
2,Cryptography & Communications Security (Cryptographer),450,265.35,0.5896666666666667,33.16875,95.61,7.96
2,Cryptography & Communications Security (Secure Communications Operator),420,265.35,0.6317857142857144,33.16875,95.61,7.96
2,Cyber Security Audit & Assurance,360,334.65000000000003,0.9295833333333334,55.775,99.04,8.23
2,Cyber Security Governance & Risk Management,240,240,1,60,99.04,58.57
2,Cyber Security Governance & Risk Management (Industrial Control Systems),300,300,1,60,99.04,58.57
2,Cyber Security Management,870,640.26,0.7359310344827587,30.48857142857143,99.04,5.9
2,Cyber Threat Intelligence,420,205.46,0.48919047619047623,29.35142857142857,99.04,8.23
2,Data Protection & Privacy,330,248.45,0.7528787878787878,49.69,99.04,27.85
2,Digital Forensics,480,277.20000000000005,0.5775000000000001,34.65,95.61,8.23
2,Digital Forensics (Industrial Control Systems),570,367.20000000000005,0.6442105263157896,40.8,97.26,8.23
2,Identity & Access Management,510,234.54,0.45988235294117646,26.06,99.04,7.96
2,Incident response,330,175.46,0.5316969696969697,25.065714285714286,72.98,8.23
2,Incident response (Industrial Control Systems),420,265.46000000000004,0.6320476190476191,33.1825,97.26,8.23
2,Network Monitoring & Intrusion Detection,270,141.56,0.5242962962962963,35.39,65.02,8.23
2,Secure Operations,420,252.64000000000001,0.6015238095238096,31.58,72.98,8.92
2,Secure Operations (Industrial control systems),480,312.64,0.6513333333333333,34.73777777777778,97.26,8.92
2,Secure System Architecture & Design,540,240.56,0.4454814814814815,30.07,66.39,7.96
2,Secure System Architecture & Design (Industrial Control Systems),630,330.56,0.5246984126984127,36.72888888888889,97.26,7.96
2,Secure System Development,540,240.56,0.4454814814814815,30.07,66.39,7.96
2,Secure System Development (Industrial Control Systems),630,330.56,0.5246984126984127,36.72888888888889,97.26,7.96
2,Security Testing,510,225.01999999999998,0.44121568627450974,32.145714285714284,95.61,8.23
2,Vulnerability Management,390,181.63,0.4657179487179487,30.271666666666665,99.04,8.23
3,Cryptography & Communications Security (Cryptographer),450,450,1,56.25,100,98.1
3,Cryptography & Communications Security (Secure Communications Operator),420,420,1,52.5,100,98.1
3,Cyber Security Audit & Assurance,360,360,1,60,100,100
3,Cyber Security Governance & Risk Management,240,240,1,60,100,100
3,Cyber Security Governance & Risk Management (Industrial Control Systems),300,300,1,60,100,100
3,Cyber Security Management,870,870,1,41.42857142857143,100,98.1
3,Cyber Threat Intelligence,420,420,1,60,100,100
3,Data Protection & Privacy,330,330,1,66,100,100
3,Digital Forensics,480,480,1,60,100,100
3,Digital Forensics (Industrial Control Systems),570,570,1,63.333333333333336,100,100
3,Identity & Access Management,510,510,1,56.66666666666667,100,98.1
3,Incident response,330,330,1,47.142857142857146,100,100
3,Incident response (Industrial Control Systems),420,420,1,52.5,100,100
3,Network Monitoring & Intrusion Detection,270,270,1,67.5,100,100
3,Secure Operations,420,420,1,52.5,100,100
3,Secure Operations (Industrial control systems),480,480,1,53.333333333333336,100,100
3,Secure System Architecture & Design,540,540,1,67.5,100,98.1
3,Secure System Architecture & Design (Industrial Control Systems),630,630,1,70,100,98.1
3,Secure System Development,540,540,1,67.5,100,98.1
3,Secure System Development (Industrial Control Systems),630,630,1,70,100,98.1
3,Security Testing,510,510,1,72.85714285714286,100,100
3,Vulnerability Management,390,390,1,65,100,100
4,Cryptography & Communications Security (Cryptographer),450,238.84,0.5307555555555555,29.855,55.49,1.45
4,Cryptography & Communications Security (Secure Communications Operator),420,238.84,0.5686666666666667,29.855,55.49,1.45
4,Cyber Security Audit & Assurance,360,258.1,0.7169444444444445,43.016666666666666,100,1.45
4,Cyber Security Governance & Risk Management,240,196.64999999999998,0.8193749999999999,49.1625,100,52.89
4,Cyber Security Governance & Risk Management (Industrial Control Systems),300,256.65,0.8554999999999999,51.33,100,52.89
4,Cyber Security Management,870,603.23,0.6933678160919541,28.725238095238094,100,0
4,Cyber Threat Intelligence,420,299.53000000000003,0.7131666666666667,42.79,69.36,34.97
4,Data Protection & Privacy,330,188.68,0.5717575757575758,37.736,100,1.45
4,Digital Forensics,480,348.95,0.7269791666666666,43.61875,69.36,1.73
4,Digital Forensics (Industrial Control Systems),570,438.95,0.7700877192982456,48.77222222222222,100,1.73
4,Identity & Access Management,510,250.11999999999998,0.4904313725490196,27.79111111111111,69.36,1.45
4,Incident response,330,276.64,0.8383030303030302,39.52,100,34.97
4,Incident response (Industrial Control Systems),420,366.64,0.8729523809523809,45.83,100,34.97
4,Network Monitoring & Intrusion Detection,270,169.58999999999997,0.6281111111111111,42.3975,69.36,34.97
4,Secure Operations,420,325.78,0.7756666666666666,40.7225,100,34.97
4,Secure Operations (Industrial control systems),480,385.78,0.8037083333333332,42.864444444444445,100,34.97
4,Secure System Architecture & Design,540,236.33999999999997,0.4376666666666666,29.5425,57.8,1.73
4,Secure System Architecture & Design (Industrial Control Systems),630,326.34,0.5179999999999999,36.26,100,1.73
4,Secure System Development,540,236.33999999999997,0.4376666666666666,29.5425,57.8,1.73
4,Secure System Development (Industrial Control Systems),630,326.34,0.5179999999999999,36.26,100,1.73
4,Security Testing,510,194.44,0.3812549019607843,27.777142857142856,52.89,1.73
4,Vulnerability Management,390,223.62999999999997,0.5734102564102563,37.27166666666667,69.36,1.73
5,Cryptography & Communications Security (Cryptographer),450,30,0.06666666666666667,3.75,82.95,0
5,Cryptography & Communications Security (Secure Communications Operator),420,30,0.07142857142857142,3.75,82.95,0
5,Cyber Security Audit & Assurance,360,172.95,0.48041666666666666,28.825,96.24,0
5,Cyber Security Governance & Risk Management,240,150,0.625,37.5,96.24,0
5,Cyber Security Governance & Risk Management (Industrial Control Systems),300,150,0.5,30,96.24,0
5,Cyber Security Management,870,172.95,0.19879310344827586,8.235714285714288,96.24,0
5,Cyber Threat Intelligence,420,90,0.21428571428571427,12.857142857142856,96.24,0
5,Data Protection & Privacy,330,142.95,0.43318181818181817,28.59,96.24,0
5,Digital Forensics,480,82.95,0.1728125,10.36875,82.95,0
5,Digital Forensics (Industrial Control Systems),570,82.95,0.1455263157894737,9.216666666666665,82.95,0
5,Identity & Access Management,510,90,0.17647058823529413,10,96.24,0
5,Incident response,330,0,0,0,0,0
5,Incident response (Industrial Control Systems),420,0,0,0,0,0
5,Network Monitoring & Intrusion Detection,270,0,0,0,0,0
5,Secure Operations,420,0,0,0,0,0
5,Secure Operations (Industrial control systems),480,0,0,0,0,0
5,Secure System Architecture & Design,540,0,0,0,0,0
5,Secure System Architecture & Design (Industrial Control Systems),630,0,0,0,0,0
5,Secure System Development,540,0,0,0,0,0
5,Secure System Development (Industrial Control Systems),630,0,0,0,0,0
5,Security Testing,510,60,0.11764705882352941,8.571428571428573,82.95,0
5,Vulnerability Management,390,30,0.07692307692307693,5,96.24,0
6,Cryptography & Communications Security (Cryptographer),450,144.09,0.3202,18.01125,92.18,0
6,Cryptography & Communications Security (Secure Communications Operator),420,144.09,0.3430714285714286,18.01125,92.18,0
6,Cyber Security Audit & Assurance,360,90,0.25,15,92.32,0
6,Cyber Security Governance & Risk Management,240,90,0.375,22.5,92.32,0
6,Cyber Security Governance & Risk Management (Industrial Control Systems),300,90,0.3,18,92.32,0
6,Cyber Security Management,870,263.18,0.3025057471264368,12.532380952380953,100,0
6,Cyber Threat Intelligence,420,60,0.14285714285714285,8.571428571428573,92.32,0
6,Data Protection & Privacy,330,120,0.36363636363636365,24,92.32,0
6,Digital Forensics,480,120,0.25,15,100,0
6,Digital Forensics (Industrial Control Systems),570,120,0.21052631578947367,13.333333333333332,100,0
6,Identity & Access Management,510,312.6,0.6129411764705883,34.733333333333334,100,0
6,Incident response,330,30,0.09090909090909091,4.285714285714286,60.91,0
6,Incident response (Industrial Control Systems),420,30,0.07142857142857142,3.75,60.91,0
6,Network Monitoring & Intrusion Detection,270,60.91,0.22559259259259257,15.2275,60.91,0
6,Secure Operations,420,199.42000000000002,0.47480952380952385,24.9275,92.18,0
6,Secure Operations (Industrial control systems),480,199.42000000000002,0.4154583333333334,22.157777777777778,92.18,0
6,Secure System Architecture & Design,540,233.95000000000002,0.43324074074074076,29.24375,100,0
6,Secure System Architecture & Design (Industrial Control Systems),630,233.95000000000002,0.3713492063492064,25.994444444444444,100,0
6,Secure System Development,540,233.95000000000002,0.43324074074074076,29.24375,100,0
6,Secure System Development (Industrial Control Systems),630,233.95000000000002,0.3713492063492064,25.994444444444444,100,0
6,Security Testing,510,181.68,0.3562352941176471,25.954285714285714,100,0
6,Vulnerability Management,390,180,0.46153846153846156,30,100,0
7,Cryptography & Communications Security (Cryptographer),450,341.09999999999997,0.7579999999999999,42.6375,94.51,3.16
7,Cryptography & Communications Security (Secure Communications Operator),420,311.09999999999997,0.7407142857142857,38.8875,94.51,3.16
7,Cyber Security Audit & Assurance,360,48.39000000000001,0.13441666666666668,8.065,70.51,3.02
7,Cyber Security Governance & Risk Management,240,14.69,0.06120833333333333,3.6725,4.39,3.02
7,Cyber Security Governance & Risk Management (Industrial Control Systems),300,74.69,0.24896666666666667,14.938,61.18,3.02
7,Cyber Security Management,870,344.72,0.3962298850574713,16.415238095238095,99.04,1.37
7,Cyber Threat Intelligence,420,153.06,0.36442857142857144,21.865714285714287,92.18,3.02
7,Data Protection & Privacy,330,75.37,0.2283939393939394,15.074000000000002,87.52,3.16
7,Digital Forensics,480,164.41,0.34252083333333333,20.55125,92.18,1.37
7,Digital Forensics (Industrial Control Systems),570,225.59,0.3957719298245614,25.065555555555555,92.18,1.37
7,Identity & Access Management,510,248.57999999999998,0.4874117647058823,27.619999999999997,94.51,1.37
7,Incident response,330,169.66,0.5141212121212121,24.237142857142857,99.04,3.02
7,Incident response (Industrial Control Systems),420,230.84,0.5496190476190477,28.855,99.04,3.02
7,Network Monitoring & Intrusion Detection,270,160.88,0.5958518518518519,40.22,92.18,3.02
7,Secure Operations,420,275.01,0.6547857142857143,34.37625,92.18,3.02
7,Secure Operations (Industrial control systems),480,335.01,0.6979375,37.223333333333336,92.18,3.02
7,Secure System Architecture & Design,540,305.15,0.5650925925925926,38.14375,99.04,1.37
7,Secure System Architecture & Design (Industrial Control Systems),630,366.33,0.5814761904761905,40.70333333333333,99.04,1.37
7,Secure System Development,540,305.15,0.5650925925925926,38.14375,99.04,1.37
7,Secure System Development (Industrial Control Systems),630,366.33,0.5814761904761905,40.70333333333333,99.04,1.37
7,Security Testing,510,170.48000000000002,0.3342745098039216,24.354285714285716,92.18,1.37
7,Vulnerability Management,390,166.37,0.4265897435897436,27.72833333333333,92.18,1.37
8,Cryptography & Communications Security (Cryptographer),450,109.93,0.24428888888888892,13.74125,100,0
8,Cryptography & Communications Security (Secure Communications Operator),420,109.93,0.26173809523809527,13.74125,100,0
8,Cyber Security Audit & Assurance,360,298.78,0.8299444444444444,49.79666666666667,100,0
8,Cyber Security Governance & Risk Management,240,215.57,0.8982083333333333,53.8925,100,53.64
8,Cyber Security Governance & Risk Management (Industrial Control Systems),300,215.57,0.7185666666666667,43.114,100,0
8,Cyber Security Management,870,408.71,0.4697816091954023,19.462380952380947,100,0
8,Cyber Threat Intelligence,420,184.07,0.43826190476190474,26.295714285714286,89.57,0
8,Data Protection & Privacy,330,269.57,0.8168787878787879,53.914,100,0
8,Digital Forensics,480,211.33999999999997,0.44029166666666664,26.4175,89.57,0
8,Digital Forensics (Industrial Control Systems),570,211.33999999999997,0.37077192982456136,23.482222222222223,89.57,0
8,Identity & Access Management,510,201.12,0.3943529411764706,22.346666666666668,100,0
8,Incident response,330,124.07,0.37596969696969695,17.724285714285713,100,0
8,Incident response (Industrial Control Systems),420,124.07,0.2954047619047619,15.50875,100,0
8,Network Monitoring & Intrusion Detection,270,112.63,0.41714814814814816,28.1575,53.64,0
8,Secure Operations,420,142.63,0.33959523809523806,17.82875,100,0
8,Secure Operations (Industrial control systems),480,142.63,0.29714583333333333,15.847777777777779,100,0
8,Secure System Architecture & Design,540,69.5,0.1287037037037037,8.6875,48.56,0
8,Secure System Architecture & Design (Industrial Control Systems),630,69.5,0.11031746031746031,7.722222222222222,48.56,0
8,Secure System Development,540,69.5,0.1287037037037037,8.6875,48.56,0
8,Secure System Development (Industrial Control Systems),630,69.5,0.11031746031746031,7.722222222222222,48.56,0
8,Security Testing,510,157.12,0.30807843137254903,22.445714285714285,89.57,0
8,Vulnerability Management,390,162.38,0.41635897435897434,27.063333333333333,65.57,0
9,Cryptography & Communications Security (Cryptographer),450,198.64000000000001,0.44142222222222227,24.830000000000002,82.03,1.23
9,Cryptography & Communications Security (Secure Communications Operator),420,198.64000000000001,0.472952380952381,24.830000000000002,82.03,1.23
9,Cyber Security Audit & Assurance,360,325.71,0.9047499999999999,54.285,85.6,47.19
9,Cyber Security Governance & Risk Management,240,226.49,0.9437083333333334,56.6225,85.6,47.19
9,Cyber Security Governance & Risk Management (Industrial Control Systems),300,232.11,0.7737,46.422,85.6,5.62
9,Cyber Security Management,870,535.65,0.6156896551724138,25.507142857142856,85.6,1.23
9,Cyber Threat Intelligence,420,246.06,0.5858571428571429,35.15142857142857,85.6,1.65
9,Data Protection & Privacy,330,267.92,0.811878787878788,53.584,85.6,34.57
9,Digital Forensics,480,227.8,0.47458333333333336,28.474999999999998,82.03,1.23
9,Digital Forensics (Industrial Control Systems),570,233.42000000000002,0.4095087719298246,25.935555555555556,82.03,1.23
9,Identity & Access Management,510,301.22,0.5906274509803923,33.46888888888889,85.6,5.35
9,Incident response,330,192.37,0.582939393939394,27.48142857142857,58.02,1.65
9,Incident response (Industrial Control Systems),420,197.99,0.47140476190476194,24.74875,58.02,1.65
9,Network Monitoring & Intrusion Detection,270,146.6,0.542962962962963,36.65,58.02,19.2
9,Secure Operations,420,189.81,0.45192857142857146,23.72625,50.89,1.23
9,Secure Operations (Industrial control systems),480,195.43,0.4071458333333334,21.714444444444442,50.89,1.23
9,Secure System Architecture & Design,540,100.64,0.18637037037037038,12.58,50.21,1.23
9,Secure System Architecture & Design (Industrial Control Systems),630,106.26,0.1686666666666667,11.806666666666667,50.21,1.23
9,Secure System Development,540,100.64,0.18637037037037038,12.58,50.21,1.23
9,Secure System Development (Industrial Control Systems),630,106.26,0.1686666666666667,11.806666666666667,50.21,1.23
9,Security Testing,510,171.21,0.3357058823529412,24.458571428571428,82.03,2.33
9,Vulnerability Management,390,209.97,0.5383846153846154,34.995,85.6,5.35
10,Cryptography & Communications Security (Cryptographer),450,238.56,0.5301333333333333,29.82,88.89,3.84
10,Cryptography & Communications Security (Secure Communications Operator),420,238.56,0.5680000000000001,29.82,88.89,3.84
10,Cyber Security Audit & Assurance,360,242.22,0.6728333333333333,40.37,95.61,3.7
10,Cyber Security Governance & Risk Management,240,179.48999999999998,0.747875,44.8725,95.61,3.7
10,Cyber Security Governance & Risk Management (Industrial Control Systems),300,239.48999999999998,0.7982999999999999,47.898,99.86,3.7
10,Cyber Security Management,870,542.63,0.6237126436781609,25.839523809523808,99.86,3.29
10,Cyber Threat Intelligence,420,237.97,0.566595238095238,33.995714285714286,95.61,3.84
10,Data Protection & Privacy,330,202.11,0.6124545454545455,40.422,95.61,3.7
10,Digital Forensics,480,252.23,0.5254791666666666,31.528750000000002,88.89,3.29
10,Digital Forensics (Industrial Control Systems),570,342.23,0.6004035087719298,38.025555555555556,99.86,3.29
10,Identity & Access Management,510,247.29,0.48488235294117643,27.476666666666667,95.61,3.29
10,Incident response,330,181.67000000000002,0.5505151515151515,25.952857142857145,64.2,3.7
10,Incident response (Industrial Control Systems),420,271.67,0.6468333333333334,33.95875,99.86,3.7
10,Network Monitoring & Intrusion Detection,270,163.06,0.603925925925926,40.765,64.2,25.79
10,Secure Operations,420,238.83,0.5686428571428572,29.853749999999998,64.2,3.7
10,Secure Operations (Industrial control systems),480,298.83000000000004,0.6225625000000001,33.20333333333333,99.86,3.7
10,Secure System Architecture & Design,540,178.7,0.3309259259259259,22.337500000000002,64.2,3.29
10,Secure System Architecture & Design (Industrial Control Systems),630,268.7,0.4265079365079365,29.855555555555554,99.86,3.29
10,Secure System Development,540,178.7,0.3309259259259259,22.337500000000002,64.2,3.29
10,Secure System Development (Industrial Control Systems),630,268.7,0.4265079365079365,29.855555555555554,99.86,3.29
10,Security Testing,510,231.57,0.45405882352941174,33.081428571428575,88.89,3.29
10,Vulnerability Management,390,207.42,0.5318461538461539,34.57,95.61,3.29
11,Cryptography & Communications Security (Cryptographer),450,391.4,0.8697777777777778,48.925,95.34,6.31
11,Cryptography & Communications Security (Secure Communications Operator),420,361.4,0.8604761904761904,45.175,95.34,6.31
11,Cyber Security Audit & Assurance,360,209.67999999999998,0.5824444444444444,34.946666666666665,100,2.47
11,Cyber Security Governance & Risk Management,240,170.89999999999998,0.7120833333333333,42.725,100,3.57
11,Cyber Security Governance & Risk Management (Industrial Control Systems),300,230.89999999999998,0.7696666666666666,46.18,100,3.57
11,Cyber Security Management,870,606.56,0.6971954022988505,28.883809523809525,100,2.47
11,Cyber Threat Intelligence,420,293.29,0.6983095238095238,41.89857142857143,100,2.47
11,Data Protection & Privacy,330,177.20999999999998,0.5369999999999999,35.442,100,3.57
11,Digital Forensics,480,361.26,0.752625,45.1575,95.34,2.47
11,Digital Forensics (Industrial Control Systems),570,451.26,0.7916842105263158,50.14,98.49,2.47
11,Identity & Access Management,510,354.55999999999995,0.6952156862745097,39.39555555555555,100,2.47
11,Incident response,330,201.62,0.6109696969696969,28.802857142857142,95.34,2.47
11,Incident response (Industrial Control Systems),420,291.62,0.6943333333333334,36.4525,98.49,2.47
11,Network Monitoring & Intrusion Detection,270,218.31,0.8085555555555556,54.5775,95.34,2.47
11,Secure Operations,420,369.40999999999997,0.879547619047619,46.17625,95.34,3.57
11,Secure Operations (Industrial control systems),480,429.40999999999997,0.8946041666666666,47.71222222222222,98.49,3.57
11,Secure System Architecture & Design,540,301.5,0.5583333333333333,37.6875,95.34,8.5
11,Secure System Architecture & Design (Industrial Control Systems),630,391.5,0.6214285714285714,43.5,98.49,8.5
11,Secure System Development,540,301.5,0.5583333333333333,37.6875,95.34,8.5
11,Secure System Development (Industrial Control Systems),630,391.5,0.6214285714285714,43.5,98.49,8.5
11,Security Testing,510,309.21000000000004,0.6062941176470589,44.17285714285714,95.34,2.47
11,Vulnerability Management,390,234.09,0.6002307692307692,39.015,100,2.47
12,Cryptography & Communications Security (Cryptographer),450,131.37,0.2919333333333333,16.42125,39.92,0.82
12,Cryptography & Communications Security (Secure Communications Operator),420,131.37,0.3127857142857143,16.42125,39.92,0.82
12,Cyber Security Audit & Assurance,360,164.20999999999998,0.4561388888888888,27.368333333333336,67.63,4.66
12,Cyber Security Governance & Risk Management,240,147.75,0.615625,36.9375,67.63,17.7
12,Cyber Security Governance & Risk Management (Industrial Control Systems),300,148.3,0.49433333333333335,29.66,67.63,0.55
12,Cyber Security Management,870,302.77,0.34801149425287353,14.417619047619047,67.63,0
12,Cyber Threat Intelligence,420,123.65,0.2944047619047619,17.664285714285715,67.63,0
12,Data Protection & Privacy,330,142.04,0.4304242424242424,28.408,67.63,7.82
12,Digital Forensics,480,103.94,0.21654166666666666,12.9925,39.92,0
12,Digital Forensics (Industrial Control Systems),570,104.49,0.1833157894736842,11.61,39.92,0
12,Identity & Access Management,510,153.93,0.3018235294117647,17.10333333333333,67.63,3.02
12,Incident response,330,77.74000000000001,0.2355757575757576,11.105714285714285,31.14,0
12,Incident response (Industrial Control Systems),420,78.29,0.1864047619047619,9.786249999999999,31.14,0
12,Network Monitoring & Intrusion Detection,270,54.870000000000005,0.20322222222222225,13.717500000000001,31.14,1.37
12,Secure Operations,420,95.07,0.22635714285714284,11.88375,31.14,0
12,Secure Operations (Industrial control systems),480,95.61999999999999,0.19920833333333332,10.624444444444444,31.14,0
12,Secure System Architecture & Design,540,65.94000000000001,0.12211111111111113,8.2425,31.14,0.82
12,Secure System Architecture & Design (Industrial Control Systems),630,66.49000000000001,0.10553968253968256,7.387777777777778,31.14,0.55
12,Secure System Development,540,65.94000000000001,0.12211111111111113,8.2425,31.14,0.82
12,Secure System Development (Industrial Control Systems),630,66.49000000000001,0.10553968253968256,7.387777777777778,31.14,0.55
12,Security Testing,510,91.77000000000001,0.17994117647058824,13.110000000000001,39.92,1.37
12,Vulnerability Management,390,87.89000000000001,0.2253589743589744,14.648333333333333,67.63,1.37
13,Cryptography & Communications Security (Cryptographer),450,351.61,0.7813555555555556,43.95125,100,2.83
13,Cryptography & Communications Security (Secure Communications Operator),420,351.61,0.8371666666666667,43.95125,100,2.83
13,Cyber Security Audit & Assurance,360,316.03999999999996,0.8778888888888888,52.67333333333333,100,46.04
13,Cyber Security Governance & Risk Management,240,196.04,0.8168333333333333,49.01,100,46.04
13,Cyber Security Governance & Risk Management (Industrial Control Systems),300,198.45,0.6615,39.69,100,2.41
13,Cyber Security Management,870,723.2499999999998,0.8313218390804595,34.4404761904762,100,2.41
13,Cyber Threat Intelligence,420,420,1,60,100,46.04
13,Data Protection & Privacy,330,316.03999999999996,0.9576969696969696,63.208,100,46.04
13,Digital Forensics,480,429.48,0.89475,53.685,100,46.04
13,Digital Forensics (Industrial Control Systems),570,431.89000000000004,0.757701754385965,47.98777777777778,100,2.41
13,Identity & Access Management,510,438.87,0.8605294117647059,48.763333333333335,100,2.83
13,Incident response,330,303.79,0.9205757575757576,43.39857142857143,99.67,3.79
13,Incident response (Industrial Control Systems),420,306.20000000000005,0.7290476190476192,38.275,99.67,2.41
13,Network Monitoring & Intrusion Detection,270,270,1,67.5,99.67,98.98
13,Secure Operations,420,420,1,52.5,100,53.44
13,Secure Operations (Industrial control systems),480,422.41,0.8800208333333334,46.934444444444445,100,2.41
13,Secure System Architecture & Design,540,303.76000000000005,0.5625185185185186,37.97,100,2.83
13,Secure System Architecture & Design (Industrial Control Systems),630,306.1700000000001,0.4859841269841271,34.01888888888889,100,2.41
13,Secure System Development,540,303.76000000000005,0.5625185185185186,37.97,100,2.83
13,Secure System Development (Industrial Control Systems),630,306.1700000000001,0.4859841269841271,34.01888888888889,100,2.41
13,Security Testing,510,417.14,0.8179215686274509,59.59142857142857,100,41.1
13,Vulnerability Management,390,390,1,65,100,46.04
14,Cryptography & Communications Security (Cryptographer),450,252.57,0.5612666666666667,31.57125,93.42,0
14,Cryptography & Communications Security (Secure Communications Operator),420,252.57,0.6013571428571428,31.57125,93.42,0
14,Cyber Security Audit & Assurance,360,308.78999999999996,0.8577499999999999,51.464999999999996,94.51,0
14,Cyber Security Governance & Risk Management,240,234.72,0.978,58.68,94.51,59.53
14,Cyber Security Governance & Risk Management (Industrial Control Systems),300,290.28,0.9675999999999999,58.056,94.51,55.56
14,Cyber Security Management,870,662.8399999999999,0.7618850574712642,31.56380952380952,94.51,0
14,Cyber Threat Intelligence,420,368.03,0.8762619047619047,52.575714285714284,94.51,5.08
14,Data Protection & Privacy,330,211.67,0.6414242424242423,42.333999999999996,85.19,0
14,Digital Forensics,480,332.13,0.6919375,41.51625,94.51,5.08
14,Digital Forensics (Industrial Control Systems),570,387.69,0.6801578947368421,43.07666666666667,94.51,5.08
14,Identity & Access Management,510,327.64,0.6424313725490196,36.404444444444444,94.51,0
14,Incident response,330,305.08000000000004,0.9244848484848486,43.582857142857144,94.51,5.08
14,Incident response (Industrial Control Systems),420,360.64000000000004,0.8586666666666668,45.08,94.51,5.08
14,Network Monitoring & Intrusion Detection,270,270,1,67.5,94.51,76.27
14,Secure Operations,420,346.73,0.8255476190476191,43.34125,94.51,5.08
14,Secure Operations (Industrial control systems),480,402.29,0.8381041666666668,44.69888888888889,94.51,5.08
14,Secure System Architecture & Design,540,282.05,0.5223148148148148,35.25625,93.42,0
14,Secure System Architecture & Design (Industrial Control Systems),630,337.61,0.5358888888888889,37.51222222222222,93.42,0
14,Secure System Development,540,282.05,0.5223148148148148,35.25625,93.42,0
14,Secure System Development (Industrial Control Systems),630,337.61,0.5358888888888889,37.51222222222222,93.42,0
14,Security Testing,510,340.96,0.6685490196078431,48.708571428571425,93.42,0
14,Vulnerability Management,390,375.99,0.964076923076923,62.665,94.51,75.99
15,Cryptography & Communications Security (Cryptographer),450,151.91,0.33757777777777775,18.98875,90.12,4.12
15,Cryptography & Communications Security (Secure Communications Operator),420,151.91,0.3616904761904762,18.98875,90.12,4.12
15,Cyber Security Audit & Assurance,360,192.06,0.5335,32.01,93.96,4.12
15,Cyber Security Governance & Risk Management,240,127.94,0.5330833333333334,31.985,93.96,7.41
15,Cyber Security Governance & Risk Management (Industrial Control Systems),300,168.13,0.5604333333333333,33.626,93.96,7.41
15,Cyber Security Management,870,560.0999999999999,0.6437931034482758,26.67142857142857,93.96,4.12
15,Cyber Threat Intelligence,420,339.04,0.8072380952380953,48.434285714285714,93.96,12.07
15,Data Protection & Privacy,330,162.06,0.4910909090909091,32.412,90.12,4.12
15,Digital Forensics,480,319.96,0.6665833333333333,39.995,93.96,9.74
15,Digital Forensics (Industrial Control Systems),570,360.15,0.6318421052631579,40.016666666666666,93.96,9.74
15,Identity & Access Management,510,320.33,0.6280980392156862,35.592222222222226,93.96,4.12
15,Incident response,330,253.53,0.7682727272727273,36.21857142857143,93.96,7.41
15,Incident response (Industrial Control Systems),420,293.72,0.6993333333333334,36.715,93.96,7.41
15,Network Monitoring & Intrusion Detection,270,175.97,0.6517407407407407,43.9925,93.96,12.07
15,Secure Operations,420,283.34999999999997,0.6746428571428571,35.41875,93.96,7.41
15,Secure Operations (Industrial control systems),480,323.53999999999996,0.6740416666666665,35.94888888888889,93.96,7.41
15,Secure System Architecture & Design,540,219.68,0.40681481481481485,27.46,61.45,9.74
15,Secure System Architecture & Design (Industrial Control Systems),630,259.87,0.4124920634920635,28.874444444444443,61.45,9.74
15,Secure System Development,540,219.68,0.40681481481481485,27.46,61.45,9.74
15,Secure System Development (Industrial Control Systems),630,259.87,0.4124920634920635,28.874444444444443,61.45,9.74
15,Security Testing,510,289.46,0.5675686274509804,41.35142857142857,91.22,12.07
15,Vulnerability Management,390,297.42,0.7626153846153847,49.57,93.96,12.07
16,Cryptography & Communications Security (Cryptographer),450,101.14999999999999,0.22477777777777777,12.643749999999999,81.38,0
16,Cryptography & Communications Security (Secure Communications Operator),420,101.14999999999999,0.24083333333333332,12.643749999999999,81.38,0
16,Cyber Security Audit & Assurance,360,85.78999999999999,0.23830555555555552,14.298333333333334,94.84,0
16,Cyber Security Governance & Risk Management,240,55.79,0.23245833333333332,13.9475,94.84,0
16,Cyber Security Governance & Risk Management (Industrial Control Systems),300,55.79,0.18596666666666667,11.158,94.84,0
16,Cyber Security Management,870,247.91,0.28495402298850575,11.805238095238096,94.84,0
16,Cyber Threat Intelligence,420,220.29,0.5245,31.47,94.84,0
16,Data Protection & Privacy,330,25.79,0.07815151515151515,5.1579999999999995,25.79,0
16,Digital Forensics,480,132.12,0.27525,16.515,94.84,0
16,Digital Forensics (Industrial Control Systems),570,132.12,0.23178947368421055,14.68,94.84,0
16,Identity & Access Management,510,55.79,0.1093921568627451,6.19888888888889,94.84,0
16,Incident response,330,224.5,0.6803030303030303,32.07142857142857,94.84,0
16,Incident response (Industrial Control Systems),420,224.5,0.5345238095238095,28.0625,94.84,0
16,Network Monitoring & Intrusion Detection,270,223.53,0.8278888888888889,55.8825,94.84,0
16,Secure Operations,420,222.12,0.5288571428571429,27.765,94.84,0
16,Secure Operations (Industrial control systems),480,222.12,0.46275,24.68,94.84,0
16,Secure System Architecture & Design,540,90.74,0.16803703703703704,11.3425,81.38,0
16,Secure System Architecture & Design (Industrial Control Systems),630,90.74,0.144031746031746,10.08222222222222,81.38,0
16,Secure System Development,540,90.74,0.16803703703703704,11.3425,81.38,0
16,Secure System Development (Industrial Control Systems),630,90.74,0.144031746031746,10.08222222222222,81.38,0
16,Security Testing,510,133.53,0.26182352941176473,19.075714285714284,81.38,0
16,Vulnerability Management,390,227.94,0.5844615384615385,37.99,94.84,0
17,Cryptography & Communications Security (Cryptographer),450,11.8,0.026222222222222223,1.4750000000000003,11.8,0
17,Cryptography & Communications Security (Secure Communications Operator),420,11.8,0.028095238095238097,1.4750000000000003,11.8,0
17,Cyber Security Audit & Assurance,360,11.8,0.03277777777777778,1.9666666666666668,11.8,0
17,Cyber Security Governance & Risk Management,240,11.8,0.04916666666666667,2.95,11.8,0
17,Cyber Security Governance & Risk Management (Industrial Control Systems),300,11.8,0.03933333333333334,2.3600000000000003,11.8,0
17,Cyber Security Management,870,11.8,0.013563218390804599,0.5619047619047621,11.8,0
17,Cyber Threat Intelligence,420,11.8,0.028095238095238097,1.685714285714286,11.8,0
17,Data Protection & Privacy,330,11.8,0.03575757575757576,2.3600000000000003,11.8,0
17,Digital Forensics,480,11.8,0.024583333333333336,1.4750000000000003,11.8,0
17,Digital Forensics (Industrial Control Systems),570,11.8,0.020701754385964912,1.3111111111111111,11.8,0
17,Identity & Access Management,510,11.8,0.023137254901960787,1.3111111111111113,11.8,0
17,Incident response,330,0,0,0,0,0
17,Incident response (Industrial Control Systems),420,0,0,0,0,0
17,Network Monitoring & Intrusion Detection,270,0,0,0,0,0
17,Secure Operations,420,0,0,0,0,0
17,Secure Operations (Industrial control systems),480,0,0,0,0,0
17,Secure System Architecture & Design,540,0,0,0,0,0
17,Secure System Architecture & Design (Industrial Control Systems),630,0,0,0,0,0
17,Secure System Development,540,0,0,0,0,0
17,Secure System Development (Industrial Control Systems),630,0,0,0,0,0
17,Security Testing,510,11.8,0.023137254901960787,1.685714285714286,11.8,0
17,Vulnerability Management,390,0,0,0,0,0
18,Cryptography & Communications Security (Cryptographer),450,101.48,0.2255111111111111,12.685,57.48,0
18,Cryptography & Communications Security (Secure Communications Operator),420,101.48,0.24161904761904762,12.685,57.48,0
18,Cyber Security Audit & Assurance,360,239.24999999999997,0.6645833333333333,39.875,66.26,4.39
18,Cyber Security Governance & Risk Management,240,204.85999999999999,0.8535833333333332,51.215,66.26,23.32
18,Cyber Security Governance & Risk Management (Industrial Control Systems),300,230.1,0.767,46.019999999999996,66.26,23.32
18,Cyber Security Management,870,416.45,0.47867816091954024,19.830952380952382,66.26,0
18,Cyber Threat Intelligence,420,219.53999999999996,0.5227142857142856,31.36285714285714,64.06,7.82
18,Data Protection & Privacy,330,156.95000000000002,0.47560606060606064,31.39,66.26,4.39
18,Digital Forensics,480,212.72,0.44316666666666665,26.59,57.48,0
18,Digital Forensics (Industrial Control Systems),570,237.96,0.41747368421052633,26.44,57.48,0
18,Identity & Access Management,510,183.79000000000002,0.36037254901960786,20.421111111111113,64.06,0
18,Incident response,330,184.42000000000002,0.5588484848484849,26.345714285714287,66.26,7.82
18,Incident response (Industrial Control Systems),420,209.66000000000003,0.49919047619047624,26.2075,66.26,7.82
18,Network Monitoring & Intrusion Detection,270,114.09,0.4225555555555556,28.5225,56.79,7.82
18,Secure Operations,420,133.3,0.31738095238095243,16.6625,66.26,0
18,Secure Operations (Industrial control systems),480,158.54000000000002,0.3302916666666667,17.615555555555556,66.26,0
18,Secure System Architecture & Design,540,91.87,0.17012962962962963,11.48375,52.95,0
18,Secure System Architecture & Design (Industrial Control Systems),630,117.11,0.18588888888888888,13.012222222222222,52.95,0
18,Secure System Development,540,91.87,0.17012962962962963,11.48375,52.95,0
18,Secure System Development (Industrial Control Systems),630,117.11,0.18588888888888888,13.012222222222222,52.95,0
18,Security Testing,510,184.74,0.3622352941176471,26.39142857142857,57.48,3.02
18,Vulnerability Management,390,198.86,0.509897435897436,33.14333333333333,64.06,7.82
19,Cryptography & Communications Security (Cryptographer),450,35.94,0.07986666666666666,4.4925,17.97,0
19,Cryptography & Communications Security (Secure Communications Operator),420,35.94,0.08557142857142856,4.4925,17.97,0
19,Cyber Security Audit & Assurance,360,17.97,0.049916666666666665,2.9949999999999997,17.97,0
19,Cyber Security Governance & Risk Management,240,17.97,0.074875,4.4925,17.97,0
19,Cyber Security Governance & Risk Management (Industrial Control Systems),300,17.97,0.059899999999999995,3.594,17.97,0
19,Cyber Security Management,870,65.94,0.07579310344827586,3.1399999999999997,60.36,0
19,Cyber Threat Intelligence,420,47.97,0.11421428571428571,6.852857142857142,60.36,0
19,Data Protection & Privacy,330,17.97,0.05445454545454545,3.594,17.97,0
19,Digital Forensics,480,78.33,0.16318749999999999,9.79125,60.36,0
19,Digital Forensics (Industrial Control Systems),570,78.33,0.13742105263157894,8.703333333333333,60.36,0
19,Identity & Access Management,510,35.94,0.07047058823529412,3.993333333333333,17.97,0
19,Incident response,330,30,0.09090909090909091,4.285714285714286,60.36,0
19,Incident response (Industrial Control Systems),420,30,0.07142857142857142,3.75,60.36,0
19,Network Monitoring & Intrusion Detection,270,0,0,0,0,0
19,Secure Operations,420,47.97,0.11421428571428571,5.99625,60.36,0
19,Secure Operations (Industrial control systems),480,47.97,0.0999375,5.33,60.36,0
19,Secure System Architecture & Design,540,17.97,0.033277777777777774,2.24625,17.97,0
19,Secure System Architecture & Design (Industrial Control Systems),630,17.97,0.02852380952380952,1.9966666666666668,17.97,0
19,Secure System Development,540,17.97,0.033277777777777774,2.24625,17.97,0
19,Secure System Development (Industrial Control Systems),630,17.97,0.02852380952380952,1.9966666666666668,17.97,0
19,Security Testing,510,17.97,0.03523529411764706,2.567142857142857,17.97,0
19,Vulnerability Management,390,0,0,0,0,0
20,Cryptography & Communications Security (Cryptographer),450,30,0.06666666666666667,3.75,40.6,0
20,Cryptography & Communications Security (Secure Communications Operator),420,30,0.07142857142857142,3.75,40.6,0
20,Cyber Security Audit & Assurance,360,139.93,0.38869444444444445,23.321666666666665,100,0
20,Cyber Security Governance & Risk Management,240,84.83,0.3534583333333333,21.2075,100,0
20,Cyber Security Governance & Risk Management (Industrial Control Systems),300,84.83,0.28276666666666667,16.966,100,0
20,Cyber Security Management,870,180.52999999999997,0.20750574712643674,8.596666666666668,100,0
20,Cyber Threat Intelligence,420,49.93,0.11888095238095238,7.1328571428571435,25.1,0
20,Data Protection & Privacy,330,70.6,0.21393939393939393,14.120000000000001,100,0
20,Digital Forensics,480,79.93,0.16652083333333334,9.99125,45.27,0
20,Digital Forensics (Industrial Control Systems),570,79.93,0.14022807017543862,8.881111111111112,45.27,0
20,Identity & Access Management,510,135.8,0.2662745098039216,15.08888888888889,45.27,0
20,Incident response,330,79.93,0.24221212121212124,11.418571428571429,100,0
20,Incident response (Industrial Control Systems),420,79.93,0.19030952380952382,9.99125,100,0
20,Network Monitoring & Intrusion Detection,270,49.93,0.18492592592592594,12.4825,25.1,0
20,Secure Operations,420,54.83,0.13054761904761905,6.853750000000001,100,0
20,Secure Operations (Industrial control systems),480,54.83,0.11422916666666666,6.092222222222222,100,0
20,Secure System Architecture & Design,540,45.27,0.08383333333333334,5.65875,45.27,0
20,Secure System Architecture & Design (Industrial Control Systems),630,45.27,0.07185714285714286,5.03,45.27,0
20,Secure System Development,540,45.27,0.08383333333333334,5.65875,45.27,0
20,Secure System Development (Industrial Control Systems),630,45.27,0.07185714285714286,5.03,45.27,0
20,Security Testing,510,70.37,0.13798039215686275,10.052857142857144,45.27,0
20,Vulnerability Management,390,95.2,0.24410256410256412,15.866666666666667,45.27,0
21,Cryptography & Communications Security (Cryptographer),450,245.65000000000003,0.545888888888889,30.70625,65.71,5.62
21,Cryptography & Communications Security (Secure Communications Operator),420,245.65000000000003,0.5848809523809525,30.70625,65.71,5.62
21,Cyber Security Audit & Assurance,360,335.71,0.9325277777777777,55.95166666666667,97.26,54.46
21,Cyber Security Governance & Risk Management,240,240,1,60,97.26,65.71
21,Cyber Security Governance & Risk Management (Industrial Control Systems),300,246.31,0.8210333333333334,49.262,97.26,6.31
21,Cyber Security Management,870,704.99,0.81033333333333335,33.570952380952384,97.26,5.62
21,Cyber Threat Intelligence,420,317.8,0.7566666666666667,45.4,97.26,5.62
21,Data Protection & Privacy,330,247.75,0.7507575757575757,49.55,97.26,35.39
21,Digital Forensics,480,294.21000000000004,0.6129375,36.77625,85.73,5.62
21,Digital Forensics (Industrial Control Systems),570,300.52000000000004,0.5272280701754387,33.39111111111111,85.73,5.62
21,Identity & Access Management,510,350.82,0.6878823529411765,38.98,97.26,5.62
21,Incident response,330,287.8,0.8721212121212122,41.114285714285714,94.51,5.62
21,Incident response (Industrial Control Systems),420,294.11,0.7002619047619048,36.76375,94.51,5.62
21,Network Monitoring & Intrusion Detection,270,221.49000000000004,0.8203333333333335,55.3725,85.73,51.99
21,Secure Operations,420,301.83000000000004,0.7186428571428572,37.72875,94.51,5.62
21,Secure Operations (Industrial control systems),480,308.14000000000004,0.6419583333333334,34.23777777777778,94.51,5.62
21,Secure System Architecture & Design,540,288.3,0.5338888888888889,36.0375,57.48,5.62
21,Secure System Architecture & Design (Industrial Control Systems),630,294.61,0.4676349206349207,32.73444444444444,57.48,5.62
21,Secure System Development,540,288.3,0.5338888888888889,36.0375,57.48,5.62
21,Secure System Development (Industrial Control Systems),630,294.61,0.4676349206349207,32.73444444444444,57.48,5.62
21,Security Testing,510,329.64,0.6463529411764706,47.09142857142857,65.71,36.21
21,Vulnerability Management,390,330,0.8461538461538461,55,97.26,51.99
22,Cryptography & Communications Security (Cryptographer),450,200.57,0.4457111111111111,25.07125,96.89,2.07
22,Cryptography & Communications Security (Secure Communications Operator),420,200.57,0.47754761904761905,25.07125,96.89,2.07
22,Cyber Security Audit & Assurance,360,110.88,0.308,18.48,54.4,5.18
22,Cyber Security Governance & Risk Management,240,57.2,0.23833333333333334,14.3,54.4,5.18
22,Cyber Security Governance & Risk Management (Industrial Control Systems),300,117.2,0.39066666666666666,23.44,83.42,5.18
22,Cyber Security Management,870,414.38999999999993,0.4763103448275861,19.732857142857142,100,2.07
22,Cyber Threat Intelligence,420,132.32,0.315047619047619,18.902857142857144,96.89,2.07
22,Data Protection & Privacy,330,100,0.30303030303030304,20,49.22,5.18
22,Digital Forensics,480,220.76999999999998,0.45993749999999994,27.596249999999998,100,5.7
22,Digital Forensics (Industrial Control Systems),570,304.19,0.5336666666666666,33.79888888888889,100,5.7
22,Identity & Access Management,510,230.78,0.45250980392156864,25.642222222222223,67.88,5.18
22,Incident response,330,144.24,0.43709090909090914,20.605714285714285,96.89,2.07
22,Incident response (Industrial Control Systems),420,227.66000000000003,0.5420476190476191,28.4575,96.89,2.07
22,Network Monitoring & Intrusion Detection,270,152.17000000000002,0.5635925925925926,38.042500000000004,96.89,2.07
22,Secure Operations,420,202.22,0.48147619047619045,25.2775,96.89,2.07
22,Secure Operations (Industrial control systems),480,262.22,0.5462916666666667,29.135555555555555,96.89,2.07
22,Secure System Architecture & Design,540,336.32000000000005,0.6228148148148149,42.04,100,5.7
22,Secure System Architecture & Design (Industrial Control Systems),630,419.74000000000007,0.6662539682539683,46.63777777777778,100,5.7
22,Secure System Development,540,336.32000000000005,0.6228148148148149,42.04,100,5.7
22,Secure System Development (Industrial Control Systems),630,419.74000000000007,0.6662539682539683,46.63777777777778,100,5.7
22,Security Testing,510,354.09000000000003,0.6942941176470588,50.58428571428571,100,2.07
22,Vulnerability Management,390,195.23,0.5005897435897436,32.538333333333334,96.89,2.07
23,Cryptography & Communications Security (Cryptographer),450,48.660000000000004,0.10813333333333335,6.0825000000000005,38.27,2.06
23,Cryptography & Communications Security (Secure Communications Operator),420,48.660000000000004,0.11585714285714287,6.0825000000000005,38.27,2.06
23,Cyber Security Audit & Assurance,360,45.54,0.1265,7.590000000000001,32.24,1.92
23,Cyber Security Governance & Risk Management,240,41.15,0.17145833333333332,10.2875,32.24,2.19
23,Cyber Security Governance & Risk Management (Industrial Control Systems),300,43.62,0.1454,8.724,32.24,2.19
23,Cyber Security Management,870,113.39999999999999,0.13034482758620689,5.4,38.27,1.92
23,Cyber Threat Intelligence,420,45.08,0.10733333333333334,6.44,32.24,1.92
23,Data Protection & Privacy,330,79.7,0.24151515151515152,15.940000000000001,38.27,2.33
23,Digital Forensics,480,20.3,0.042291666666666665,2.5375,3.57,1.92
23,Digital Forensics (Industrial Control Systems),570,22.77,0.039947368421052634,2.53,3.57,1.92
23,Identity & Access Management,510,87.24,0.17105882352941176,9.693333333333333,38.27,1.92
23,Incident response,330,19.060000000000002,0.057757575757575765,2.722857142857143,4.39,1.92
23,Incident response (Industrial Control Systems),420,21.53,0.051261904761904765,2.69125,4.39,1.92
23,Network Monitoring & Intrusion Detection,270,9.46,0.03503703703703704,2.365,3.29,1.92
23,Secure Operations,420,59.800000000000004,0.14238095238095239,7.4750000000000005,38.27,2.06
23,Secure Operations (Industrial control systems),480,62.27,0.12972916666666667,6.9188888888888895,38.27,2.06
23,Secure System Architecture & Design,540,20.58,0.03811111111111111,2.5725,3.57,1.92
23,Secure System Architecture & Design (Industrial Control Systems),630,23.049999999999997,0.036587301587301585,2.5611111111111113,3.57,1.92
23,Secure System Development,540,20.58,0.03811111111111111,2.5725,3.57,1.92
23,Secure System Development (Industrial Control Systems),630,23.049999999999997,0.036587301587301585,2.5611111111111113,3.57,1.92
23,Security Testing,510,17.419999999999998,0.034156862745098035,2.4885714285714284,3.29,1.92
23,Vulnerability Management,390,42.07,0.10787179487179488,7.011666666666667,32.24,1.92
24,Cryptography & Communications Security (Cryptographer),450,158.99,0.35331111111111113,19.87375,92.26,3.37
24,Cryptography & Communications Security (Secure Communications Operator),420,158.99,0.3785476190476191,19.87375,92.26,3.37
24,Cyber Security Audit & Assurance,360,317.41999999999996,0.8817222222222221,52.903333333333336,100,7.63
24,Cyber Security Governance & Risk Management,240,219.79,0.9157916666666667,54.9475,93.22,52.48
24,Cyber Security Governance & Risk Management (Industrial Control Systems),300,235.64999999999998,0.7855,47.13,93.22,15.86
24,Cyber Security Management,870,571.5,0.656896551724138,27.21428571428571,100,3.1
24,Cyber Threat Intelligence,420,420,1,60,100,71.28
24,Data Protection & Privacy,330,243.54,0.738,48.708,92.26,7.63
24,Digital Forensics,480,361.94,0.7540416666666666,45.2425,100,4.75
24,Digital Forensics (Industrial Control Systems),570,377.8,0.6628070175438596,41.977777777777774,100,4.75
24,Identity & Access Management,510,226.81,0.44472549019607843,25.20111111111111,100,3.37
24,Incident response,330,330,1,47.142857142857146,100,37.12
24,Incident response (Industrial Control Systems),420,345.86,0.8234761904761905,43.2325,100,15.86
24,Network Monitoring & Intrusion Detection,270,251.28,0.9306666666666666,62.82,100,71.28
24,Secure Operations,420,305.13,0.7265,38.14125,93.22,4.47
24,Secure Operations (Industrial control systems),480,320.99,0.6687291666666667,35.66555555555556,93.22,4.47
24,Secure System Architecture & Design,540,110,0.2037037037037037,13.75,71.28,3.1
24,Secure System Architecture & Design (Industrial Control Systems),630,125.86,0.19977777777777778,13.984444444444446,71.28,3.1
24,Secure System Development,540,110,0.2037037037037037,13.75,71.28,3.1
24,Secure System Development (Industrial Control Systems),630,125.86,0.19977777777777778,13.984444444444446,71.28,3.1
24,Security Testing,510,281.57,0.5520980392156862,40.22428571428571,100,3.1
24,Vulnerability Management,390,305.43,0.7831538461538462,50.905,100,5.43
25,Cryptography & Communications Security (Cryptographer),450,0,0,0,0,0
25,Cryptography & Communications Security (Secure Communications Operator),420,0,0,0,0,0
25,Cyber Security Audit & Assurance,360,0,0,0,0,0
25,Cyber Security Governance & Risk Management,240,0,0,0,0,0
25,Cyber Security Governance & Risk Management (Industrial Control Systems),300,0,0,0,0,0
25,Cyber Security Management,870,0,0,0,0,0
25,Cyber Threat Intelligence,420,0,0,0,0,0
25,Data Protection & Privacy,330,0,0,0,0,0
25,Digital Forensics,480,0,0,0,0,0
25,Digital Forensics (Industrial Control Systems),570,0,0,0,0,0
25,Identity & Access Management,510,0,0,0,0,0
25,Incident response,330,0,0,0,0,0
25,Incident response (Industrial Control Systems),420,0,0,0,0,0
25,Network Monitoring & Intrusion Detection,270,0,0,0,0,0
25,Secure Operations,420,0,0,0,0,0
25,Secure Operations (Industrial control systems),480,0,0,0,0,0
25,Secure System Architecture & Design,540,0,0,0,0,0
25,Secure System Architecture & Design (Industrial Control Systems),630,0,0,0,0,0
25,Secure System Development,540,0,0,0,0,0
25,Secure System Development (Industrial Control Systems),630,0,0,0,0,0
25,Security Testing,510,0,0,0,0,0
25,Vulnerability Management,390,0,0,0,0,0
26,Cryptography & Communications Security (Cryptographer),450,52.35,0.11633333333333333,6.543750000000001,57.02,0
26,Cryptography & Communications Security (Secure Communications Operator),420,52.35,0.12464285714285715,6.543750000000001,57.02,0
26,Cyber Security Audit & Assurance,360,259.90999999999997,0.7219722222222221,43.318333333333335,100,0
26,Cyber Security Governance & Risk Management,240,199.91,0.8329583333333334,49.9775,100,56.16
26,Cyber Security Governance & Risk Management (Industrial Control Systems),300,199.91,0.6663666666666667,39.982,100,0
26,Cyber Security Management,870,424.03999999999996,0.4874022988505747,20.192380952380958,100,0
26,Cyber Threat Intelligence,420,387.02,0.9214761904761904,55.28857142857143,100,0
26,Data Protection & Privacy,330,143.18,0.4338787878787879,28.636,57.02,0
26,Digital Forensics,480,264.04,0.5500833333333334,33.005,100,0
26,Digital Forensics (Industrial Control Systems),570,264.04,0.46322807017543866,29.33777777777778,100,0
26,Identity & Access Management,510,225.82,0.4427843137254902,25.09111111111111,100,0
26,Incident response,330,270,0.8181818181818182,38.57142857142857,100,0
26,Incident response (Industrial Control Systems),420,270,0.6428571428571429,33.75,100,0
26,Network Monitoring & Intrusion Detection,270,180,0.6666666666666666,45,100,0
26,Secure Operations,420,202.35,0.48178571428571426,25.29375,100,0
26,Secure Operations (Industrial control systems),480,202.35,0.4215625,22.483333333333334,100,0
26,Secure System Architecture & Design,540,101.44,0.18785185185185185,12.68,57.31,0
26,Secure System Architecture & Design (Industrial Control Systems),630,101.44,0.161015873015873,11.27111111111111,57.31,0
26,Secure System Development,540,101.44,0.18785185185185185,12.68,57.31,0
26,Secure System Development (Industrial Control Systems),630,101.44,0.161015873015873,11.27111111111111,57.31,0
26,Security Testing,510,256.11,0.5021764705882353,36.58714285714286,100,0
26,Vulnerability Management,390,297.31,0.7623333333333333,49.55166666666667,100,0
27,Cryptography & Communications Security (Cryptographer),450,181.36,0.4030222222222222,22.669999999999998,100,4.31
27,Cryptography & Communications Security (Secure Communications Operator),420,181.36,0.43180952380952387,22.669999999999998,100,4.31
27,Cyber Security Audit & Assurance,360,116.32,0.32311111111111107,19.386666666666667,97.26,4.31
27,Cyber Security Governance & Risk Management,240,75.72,0.3155,18.93,36.29,12.44
27,Cyber Security Governance & Risk Management (Industrial Control Systems),300,107.67,0.3589,21.534,36.29,12.44
27,Cyber Security Management,870,441.63,0.5076206896551724,21.03,100,4.31
27,Cyber Threat Intelligence,420,302.74,0.7208095238095238,43.24857142857143,100,14.88
27,Data Protection & Privacy,330,110.03,0.3334242424242424,22.006,100,4.31
27,Digital Forensics,480,315.37,0.6570208333333334,39.42125,100,4.31
27,Digital Forensics (Industrial Control Systems),570,347.32,0.6093333333333333,38.59111111111111,100,4.31
27,Identity & Access Management,510,279.31,0.5476666666666666,31.034444444444443,100,4.31
27,Incident response,330,235.20999999999998,0.7127575757575757,33.60142857142857,100,6.48
27,Incident response (Industrial Control Systems),420,267.15999999999997,0.636095238095238,33.394999999999996,100,6.48
27,Network Monitoring & Intrusion Detection,270,201,0.7444444444444445,50.25,97.26,36.29
27,Secure Operations,420,323.03999999999996,0.769142857142857,40.379999999999995,100,4.31
27,Secure Operations (Industrial control systems),480,354.98999999999995,0.7395624999999999,39.443333333333335,100,4.31
27,Secure System Architecture & Design,540,192.18,0.3558888888888889,24.0225,74.71,4.31
27,Secure System Architecture & Design (Industrial Control Systems),630,224.13,0.3557619047619048,24.903333333333332,74.71,4.31
27,Secure System Development,540,192.18,0.3558888888888889,24.0225,74.71,4.31
27,Secure System Development (Industrial Control Systems),630,224.13,0.3557619047619048,24.903333333333332,74.71,4.31
27,Security Testing,510,288.86,0.5663921568627451,41.26571428571429,97.26,6.21
27,Vulnerability Management,390,261.12,0.6695384615384615,43.519999999999996,97.26,18.4
28,Cryptography & Communications Security (Cryptographer),450,423.71,0.9415777777777777,52.963750000000005,100,77.58
28,Cryptography & Communications Security (Secure Communications Operator),420,402.03,0.9572142857142857,50.25375,100,77.58
28,Cyber Security Audit & Assurance,360,360,1,60,100,77.58
28,Cyber Security Governance & Risk Management,240,240,1,60,100,78.7
28,Cyber Security Governance & Risk Management (Industrial Control Systems),300,300,1,60,100,78.7
28,Cyber Security Management,870,858.7,0.9870114942528736,40.89047619047619,100,75.38
28,Cyber Threat Intelligence,420,398.37,0.9485,56.910000000000004,100,78.51
28,Data Protection & Privacy,330,317.58,0.9623636363636363,63.516,100,77.58
28,Digital Forensics,480,468.86,0.9767916666666667,58.6075,100,78.51
28,Digital Forensics (Industrial Control Systems),570,548.58,0.9624210526315791,60.95333333333333,100,78.51
28,Identity & Access Management,510,496.78,0.974078431372549,55.19777777777778,100,77.58
28,Incident response,330,318.7,0.9657575757575757,45.52857142857143,100,78.19
28,Incident response (Industrial Control Systems),420,398.41999999999996,0.9486190476190475,49.8025,100,78.19
28,Network Monitoring & Intrusion Detection,270,247.20999999999998,0.9155925925925925,61.8025,100,78.51
28,Secure Operations,420,400.85,0.954404761904762,50.10625,100,78.51
28,Secure Operations (Industrial control systems),480,460.85,0.9601041666666668,51.205555555555556,100,78.51
28,Secure System Architecture & Design,540,504.33,0.9339444444444445,63.04125,84.63,75.38
28,Secure System Architecture & Design (Industrial Control Systems),630,584.05,0.927063492063492,64.89444444444445,84.63,75.38
28,Secure System Development,540,504.33,0.9339444444444445,63.04125,84.63,75.38
28,Secure System Development (Industrial Control Systems),630,584.05,0.927063492063492,64.89444444444445,84.63,75.38
28,Security Testing,510,464.32,0.9104313725490196,66.33142857142857,100,75.38
28,Vulnerability Management,390,373.33,0.9572564102564102,62.221666666666664,100,78.51
29,Cryptography & Communications Security (Cryptographer),450,348.75,0.775,43.59375,86.39,19.58
29,Cryptography & Communications Security (Secure Communications Operator),420,348.75,0.8303571428571429,43.59375,86.39,19.58
29,Cyber Security Audit & Assurance,360,315.14,0.8753888888888889,52.52333333333333,99.17,51.53
29,Cyber Security Governance & Risk Management,240,198.75,0.828125,49.6875,99.03,51.67
29,Cyber Security Governance & Risk Management (Industrial Control Systems),300,258.75,0.8625,51.75,99.03,51.67
29,Cyber Security Management,870,806.25,0.9267241379310345,38.392857142857146,99.17,19.58
29,Cyber Threat Intelligence,420,419.17,0.9980238095238095,59.88142857142857,99.17,51.67
29,Data Protection & Privacy,330,271.95,0.8240909090909091,54.39,86.39,51.53
29,Digital Forensics,480,427.78,0.8912083333333333,53.4725,99.17,42.64
29,Digital Forensics (Industrial Control Systems),570,510.41999999999996,0.8954736842105262,56.71333333333333,99.17,42.64
29,Identity & Access Management,510,389.03,0.7628039215686274,43.22555555555556,99.17,19.58
29,Incident response,330,330,1,47.142857142857146,99.17,34.17
29,Incident response (Industrial Control Systems),420,412.64,0.9824761904761904,51.58,99.17,34.17
29,Network Monitoring & Intrusion Detection,270,261.81,0.9696666666666667,65.4525,99.17,81.81
29,Secure Operations,420,356.67,0.8492142857142857,44.58375,99.03,34.31
29,Secure Operations (Industrial control systems),480,416.67,0.8680625000000001,46.29666666666667,99.03,34.31
29,Secure System Architecture & Design,540,312.78000000000003,0.5792222222222223,39.0975,89.58,19.58
29,Secure System Architecture & Design (Industrial Control Systems),630,395.42,0.6276507936507937,43.93555555555555,89.58,19.58
29,Secure System Development,540,312.78000000000003,0.5792222222222223,39.0975,89.58,19.58
29,Secure System Development (Industrial Control Systems),630,395.42,0.6276507936507937,43.93555555555555,89.58,19.58
29,Security Testing,510,395.7,0.7758823529411765,56.52857142857143,99.17,32.08
29,Vulnerability Management,390,389.58,0.9989230769230769,64.93,99.17,51.67
30,Cryptography & Communications Security (Cryptographer),450,30,0.06666666666666667,3.75,76.35,0
30,Cryptography & Communications Security (Secure Communications Operator),420,30,0.07142857142857142,3.75,76.35,0
30,Cyber Security Audit & Assurance,360,240.6,0.6683333333333333,40.099999999999994,76.35,0
30,Cyber Security Governance & Risk Management,240,203.32999999999998,0.8472083333333332,50.832499999999996,76.35,36.98
30,Cyber Security Governance & Risk Management (Industrial Control Systems),300,263.33,0.8777666666666666,52.666,77.59,36.98
30,Cyber Security Management,870,300.59999999999997,0.3455172413793103,14.314285714285713,77.59,0
30,Cyber Threat Intelligence,420,173.92000000000002,0.4140952380952381,24.845714285714287,76.35,0
30,Data Protection & Privacy,330,166.35,0.504090909090909,33.269999999999996,76.35,0
30,Digital Forensics,480,127.27000000000001,0.26514583333333336,15.90875,76.35,0
30,Digital Forensics (Industrial Control Systems),570,204.86,0.35940350877192984,22.762222222222224,77.59,0
30,Identity & Access Management,510,127.9,0.2507843137254902,14.211111111111112,76.35,0
30,Incident response,330,113.92000000000002,0.34521212121212125,16.274285714285714,43.02,0
30,Incident response (Industrial Control Systems),420,191.51000000000002,0.45597619047619053,23.938750000000002,77.59,0
30,Network Monitoring & Intrusion Detection,270,83.92,0.3108148148148148,20.98,43.02,0
30,Secure Operations,420,103.02000000000001,0.2452857142857143,12.8775,43.02,0
30,Secure Operations (Industrial control systems),480,163.02,0.339625,18.113333333333333,77.59,0
30,Secure System Architecture & Design,540,0,0,0,0,0
30,Secure System Architecture & Design (Industrial Control Systems),630,77.59,0.12315873015873016,8.621111111111112,77.59,0
30,Secure System Development,540,0,0,0,0,0
30,Secure System Development (Industrial Control Systems),630,77.59,0.12315873015873016,8.621111111111112,77.59,0
30,Security Testing,510,100.9,0.19784313725490196,14.414285714285715,76.35,0
30,Vulnerability Management,390,113.92000000000002,0.29210256410256413,18.986666666666668,76.35,0
31,Cryptography & Communications Security (Cryptographer),450,0,0,0,0,0
31,Cryptography & Communications Security (Secure Communications Operator),420,0,0,0,0,0
31,Cyber Security Audit & Assurance,360,0,0,0,0,0
31,Cyber Security Governance & Risk Management,240,0,0,0,0,0
31,Cyber Security Governance & Risk Management (Industrial Control Systems),300,0,0,0,0,0
31,Cyber Security Management,870,0,0,0,0,0
31,Cyber Threat Intelligence,420,0,0,0,0,0
31,Data Protection & Privacy,330,0,0,0,0,0
31,Digital Forensics,480,0,0,0,0,0
31,Digital Forensics (Industrial Control Systems),570,0,0,0,0,0
31,Identity & Access Management,510,0,0,0,0,0
31,Incident response,330,0,0,0,0,0
31,Incident response (Industrial Control Systems),420,0,0,0,0,0
31,Network Monitoring & Intrusion Detection,270,0,0,0,0,0
31,Secure Operations,420,0,0,0,0,0
31,Secure Operations (Industrial control systems),480,0,0,0,0,0
31,Secure System Architecture & Design,540,0,0,0,0,0
31,Secure System Architecture & Design (Industrial Control Systems),630,0,0,0,0,0
31,Secure System Development,540,0,0,0,0,0
31,Secure System Development (Industrial Control Systems),630,0,0,0,0,0
31,Security Testing,510,0,0,0,0,0
31,Vulnerability Management,390,0,0,0,0,0
32,Cryptography & Communications Security (Cryptographer),450,71.85,0.15966666666666665,8.98125,99.13,0
32,Cryptography & Communications Security (Secure Communications Operator),420,71.85,0.17107142857142857,8.98125,99.13,0
32,Cyber Security Audit & Assurance,360,360,1,60,100,74.86
32,Cyber Security Governance & Risk Management,240,240,1,60,100,74.86
32,Cyber Security Governance & Risk Management (Industrial Control Systems),300,240,0.8,48,100,0
32,Cyber Security Management,870,506.71,0.5824252873563218,24.129047619047626,100,0
32,Cyber Threat Intelligence,420,240.57999999999998,0.5728095238095238,34.36857142857143,100,0
32,Data Protection & Privacy,330,269.31,0.8160909090909091,53.862,100,0
32,Digital Forensics,480,301.27,0.6276458333333333,37.65875,99.13,0
32,Digital Forensics (Industrial Control Systems),570,301.27,0.5285438596491228,33.474444444444444,99.13,0
32,Identity & Access Management,510,309.53999999999996,0.6069411764705882,34.39333333333333,100,0
32,Incident response,330,164.86,0.4995757575757576,23.55142857142857,100,0
32,Incident response (Industrial Control Systems),420,164.86,0.39252380952380955,20.6075,100,0
32,Network Monitoring & Intrusion Detection,270,104.86,0.38837037037037037,26.215,75.72,0
32,Secure Operations,420,112.95,0.26892857142857146,14.11875,100,0
32,Secure Operations (Industrial control systems),480,112.95,0.2353125,12.549999999999999,100,0
32,Secure System Architecture & Design,540,130.81,0.24224074074074076,16.35125,99.13,0
32,Secure System Architecture & Design (Industrial Control Systems),630,130.81,0.20763492063492064,14.534444444444443,99.13,0
32,Secure System Development,540,130.81,0.24224074074074076,16.35125,99.13,0
32,Secure System Development (Industrial Control Systems),630,130.81,0.20763492063492064,14.534444444444443,99.13,0
32,Security Testing,510,208.96,0.40972549019607846,29.85142857142857,99.13,0
32,Vulnerability Management,390,254.86,0.6534871794871795,42.47666666666667,100,0
33,Cryptography & Communications Security (Cryptographer),450,206.18,0.4581777777777778,25.7725,92.67,6.94
33,Cryptography & Communications Security (Secure Communications Operator),420,206.18,0.4909047619047619,25.7725,92.67,6.94
33,Cyber Security Audit & Assurance,360,239.97,0.6665833333333333,39.995,95.14,8.31
33,Cyber Security Governance & Risk Management,240,149.97,0.624875,37.4925,92.81,8.31
33,Cyber Security Governance & Risk Management (Industrial Control Systems),300,161.16,0.5372,32.232,92.81,8.31
33,Cyber Security Management,870,538.7600000000001,0.6192643678160921,25.655238095238094,95.14,6.26
33,Cyber Threat Intelligence,420,344.57,0.8204047619047619,49.22428571428571,95.14,6.26
33,Data Protection & Privacy,330,180.64,0.5473939393939393,36.128,92.81,8.31
33,Digital Forensics,480,246,0.5125,30.75,95.14,6.26
33,Digital Forensics (Industrial Control Systems),570,257.19,0.45121052631578945,28.576666666666668,95.14,6.26
33,Identity & Access Management,510,318.64,0.6247843137254901,35.404444444444444,95.14,6.94
33,Incident response,330,289.37,0.8768787878787879,41.33857142857143,95.14,6.26
33,Incident response (Industrial Control Systems),420,300.56,0.7156190476190476,37.57,95.14,6.26
33,Network Monitoring & Intrusion Detection,270,260.19,0.9636666666666667,65.0475,95.14,80.19
33,Secure Operations,420,376.63,0.8967380952380952,47.07875,94.32,6.26
33,Secure Operations (Industrial control systems),480,387.82,0.8079583333333333,43.09111111111111,94.32,6.26
33,Secure System Architecture & Design,540,214.08000000000004,0.39644444444444454,26.759999999999998,80.19,6.94
33,Secure System Architecture & Design (Industrial Control Systems),630,225.27000000000004,0.35757142857142865,25.03,80.19,6.94
33,Secure System Development,540,214.08000000000004,0.39644444444444454,26.759999999999998,80.19,6.94
33,Secure System Development (Industrial Control Systems),630,225.27000000000004,0.35757142857142865,25.03,80.19,6.94
33,Security Testing,510,302.16,0.5924705882352942,43.16571428571429,95.14,8.31
33,Vulnerability Management,390,311.06,0.7975897435897435,51.843333333333334,95.14,11.06
34,Cryptography & Communications Security (Cryptographer),450,111.64999999999999,0.2481111111111111,13.95625,89.12,1.51
34,Cryptography & Communications Security (Secure Communications Operator),420,111.64999999999999,0.2658333333333333,13.95625,89.12,1.51
34,Cyber Security Audit & Assurance,360,183.26999999999998,0.5090833333333333,30.544999999999998,100,1.81
34,Cyber Security Governance & Risk Management,240,102.3,0.42624999999999996,25.575,80.97,1.81
34,Cyber Security Governance & Risk Management (Industrial Control Systems),300,107.13,0.3571,21.426,80.97,1.81
34,Cyber Security Management,870,371.7399999999999,0.42728735632183895,17.70190476190476,100,1.21
34,Cyber Threat Intelligence,420,283.92,0.676,40.56,100,1.81
34,Data Protection & Privacy,330,193.05,0.5850000000000001,38.61,89.12,1.81
34,Digital Forensics,480,286.28,0.5964166666666666,35.785,100,4.83
34,Digital Forensics (Industrial Control Systems),570,291.10999999999996,0.5107192982456139,32.34555555555555,100,4.83
34,Identity & Access Management,510,173.77,0.34072549019607845,19.307777777777776,100,1.51
34,Incident response,330,196.53000000000003,0.5955454545454546,28.075714285714287,100,1.21
34,Incident response (Industrial Control Systems),420,201.36000000000004,0.47942857142857154,25.17,100,1.21
34,Network Monitoring & Intrusion Detection,270,117.19,0.43403703703703705,29.2975,100,4.83
34,Secure Operations,420,128.28,0.30542857142857144,16.035,88.82,1.51
34,Secure Operations (Industrial control systems),480,133.11,0.2773125,14.790000000000001,88.82,1.51
34,Secure System Architecture & Design,540,63.73,0.11801851851851851,7.96625,19.03,1.21
34,Secure System Architecture & Design (Industrial Control Systems),630,68.56,0.10882539682539683,7.617777777777778,19.03,1.21
34,Secure System Development,540,63.73,0.11801851851851851,7.96625,19.03,1.21
34,Secure System Development (Industrial Control Systems),630,68.56,0.10882539682539683,7.617777777777778,19.03,1.21
34,Security Testing,510,188.47000000000003,0.3695490196078432,26.924285714285716,100,4.83
34,Vulnerability Management,390,155.04000000000002,0.3975384615384616,25.84,100,1.81
35,Cryptography & Communications Security (Cryptographer),450,197.85000000000002,0.4396666666666667,24.73125,81.27,5.74
35,Cryptography & Communications Security (Secure Communications Operator),420,197.85000000000002,0.47107142857142864,24.73125,81.27,5.74
35,Cyber Security Audit & Assurance,360,257.76,0.716,42.96,100,8.46
35,Cyber Security Governance & Risk Management,240,172.78,0.7199166666666666,43.195,100,8.46
35,Cyber Security Governance & Risk Management (Industrial Control Systems),300,179.43,0.5981000000000001,35.885999999999996,100,6.65
35,Cyber Security Management,870,503.92,0.5792183908045977,23.996190476190478,100,5.44
35,Cyber Threat Intelligence,420,182.96,0.43561904761904763,26.137142857142855,81.27,6.65
35,Data Protection & Privacy,330,218.58,0.6623636363636364,43.716,100,8.46
35,Digital Forensics,480,217.01,0.45210416666666664,27.12625,81.27,5.44
35,Digital Forensics (Industrial Control Systems),570,223.66,0.39238596491228067,24.85111111111111,81.27,5.44
35,Identity & Access Management,510,309.60999999999996,0.6070784313725489,34.40111111111111,74.32,5.44
35,Incident response,330,181.75,0.5507575757575758,25.96428571428571,100,6.65
35,Incident response (Industrial Control Systems),420,188.4,0.44857142857142857,23.55,100,6.65
35,Network Monitoring & Intrusion Detection,270,173.5,0.6425925925925926,43.375,81.27,7.25
35,Secure Operations,420,274.89,0.6545,34.36125,100,6.34
35,Secure Operations (Industrial control systems),480,281.53999999999996,0.5865416666666666,31.28222222222222,100,6.34
35,Secure System Architecture & Design,540,166.85999999999999,0.309,20.8575,81.27,5.44
35,Secure System Architecture & Design (Industrial Control Systems),630,173.51,0.2754126984126984,19.27888888888889,81.27,5.44
35,Secure System Development,540,166.85999999999999,0.309,20.8575,81.27,5.44
35,Secure System Development (Industrial Control Systems),630,173.51,0.2754126984126984,19.27888888888889,81.27,5.44
35,Security Testing,510,198.89,0.3899803921568627,28.412857142857142,81.27,5.44
35,Vulnerability Management,390,203.29,0.5212564102564102,33.88166666666667,81.27,5.44
36,Cryptography & Communications Security (Cryptographer),450,66.58,0.14795555555555556,8.322500000000002,100,0
36,Cryptography & Communications Security (Secure Communications Operator),420,66.58,0.1585238095238095,8.322500000000002,100,0
36,Cyber Security Audit & Assurance,360,306.12,0.8503333333333334,51.02,100,23.05
36,Cyber Security Governance & Risk Management,240,216.12,0.9005,54.03,100,23.05
36,Cyber Security Governance & Risk Management (Industrial Control Systems),300,218.31,0.7277,43.662,100,2.19
36,Cyber Security Management,870,333.32,0.3831264367816092,15.872380952380954,100,0
36,Cyber Threat Intelligence,420,200.98000000000002,0.4785238095238096,28.711428571428574,100,0
36,Data Protection & Privacy,330,224.17000000000002,0.6793030303030303,44.834,100,0
36,Digital Forensics,480,175.66000000000003,0.3659583333333334,21.957499999999996,100,0
36,Digital Forensics (Industrial Control Systems),570,177.85000000000002,0.31201754385964914,19.76111111111111,100,0
36,Identity & Access Management,510,188.59000000000003,0.36978431372549025,20.954444444444444,100,0
36,Incident response,330,116.61999999999999,0.35339393939393937,16.66,85.87,0
36,Incident response (Industrial Control Systems),420,118.80999999999999,0.28288095238095234,14.85125,85.87,0
36,Network Monitoring & Intrusion Detection,270,55.11000000000001,0.20411111111111113,13.7775,85.87,0.96
36,Secure Operations,420,55.11000000000001,0.13121428571428573,6.88875,43.07,0
36,Secure Operations (Industrial control systems),480,57.300000000000004,0.11937500000000001,6.366666666666667,43.07,0
36,Secure System Architecture & Design,540,5.49,0.010166666666666668,0.68625,1.65,0
36,Secure System Architecture & Design (Industrial Control Systems),630,7.68,0.01219047619047619,0.8533333333333333,2.19,0
36,Secure System Development,540,5.49,0.010166666666666668,0.68625,1.65,0
36,Secure System Development (Industrial Control Systems),630,7.68,0.01219047619047619,0.8533333333333333,2.19,0
36,Security Testing,510,93.71,0.18374509803921568,13.387142857142857,100,0
36,Vulnerability Management,390,115.10999999999999,0.2951538461538461,19.185,100,0
37,Cryptography & Communications Security (Cryptographer),450,111.31000000000002,0.24735555555555558,13.91375,48.97,0
37,Cryptography & Communications Security (Secure Communications Operator),420,111.31000000000002,0.26502380952380955,13.91375,48.97,0
37,Cyber Security Audit & Assurance,360,170.65000000000003,0.4740277777777779,28.441666666666666,48.97,1.51
37,Cyber Security Governance & Risk Management,240,144.68,0.6028333333333333,36.17,48.97,32.65
37,Cyber Security Governance & Risk Management (Industrial Control Systems),300,144.95000000000002,0.48316666666666674,28.99,48.97,0.27
37,Cyber Security Management,870,277.4199999999999,0.31887356321839067,13.210476190476191,48.97,0
37,Cyber Threat Intelligence,420,180.99,0.43092857142857144,25.855714285714285,48.97,1.92
37,Data Protection & Privacy,330,151.26,0.45836363636363636,30.252,48.97,1.51
37,Digital Forensics,480,148.93,0.31027083333333333,18.61625,48.97,1.51
37,Digital Forensics (Industrial Control Systems),570,149.20000000000002,0.2617543859649123,16.57777777777778,48.97,0.27
37,Identity & Access Management,510,153.96,0.3018823529411765,17.106666666666666,48.97,0
37,Incident response,330,132.29000000000002,0.40087878787878795,18.89857142857143,41.7,0.27
37,Incident response (Industrial Control Systems),420,132.56000000000003,0.3156190476190477,16.57,41.7,0.27
37,Network Monitoring & Intrusion Detection,270,107,0.3962962962962963,26.75,41.7,12.76
37,Secure Operations,420,169.78,0.40423809523809523,21.2225,41.7,0
37,Secure Operations (Industrial control systems),480,170.05,0.35427083333333337,18.894444444444446,41.7,0
37,Secure System Architecture & Design,540,53.59,0.09924074074074074,6.69875,36.9,0
37,Secure System Architecture & Design (Industrial Control Systems),630,53.86000000000001,0.08549206349206351,5.984444444444445,36.9,0
37,Secure System Development,540,53.59,0.09924074074074074,6.69875,36.9,0
37,Secure System Development (Industrial Control Systems),630,53.86000000000001,0.08549206349206351,5.984444444444445,36.9,0
37,Security Testing,510,129.77,0.25445098039215686,18.538571428571426,48.97,1.51
37,Vulnerability Management,390,143.57999999999998,0.3681538461538461,23.93,41.7,6.58
38,Cryptography & Communications Security (Cryptographer),450,30,0.06666666666666667,3.75,47.33,0
38,Cryptography & Communications Security (Secure Communications Operator),420,30,0.07142857142857142,3.75,47.33,0
38,Cyber Security Audit & Assurance,360,71.06,0.1973888888888889,11.843333333333334,34.71,0
38,Cyber Security Governance & Risk Management,240,60.45,0.251875,15.1125,34.71,0
38,Cyber Security Governance & Risk Management (Industrial Control Systems),300,73.89,0.2463,14.778,34.71,0
38,Cyber Security Management,870,139.33,0.16014942528735635,6.6347619047619055,47.33,0
38,Cyber Threat Intelligence,420,70.61,0.1681190476190476,10.087142857142856,34.71,0
38,Data Protection & Privacy,330,77.78,0.2356969696969697,15.556,47.33,0
38,Digital Forensics,480,40.61,0.08460416666666666,5.07625,34.71,0
38,Digital Forensics (Industrial Control Systems),570,54.05,0.09482456140350877,6.0055555555555555,34.71,0
38,Identity & Access Management,510,113.67999999999999,0.2229019607843137,12.63111111111111,47.33,0
38,Incident response,330,40.61,0.12306060606060606,5.801428571428571,34.71,0
38,Incident response (Industrial Control Systems),420,54.05,0.1286904761904762,6.75625,34.71,0
38,Network Monitoring & Intrusion Detection,270,40.61,0.1504074074074074,10.1525,34.71,0
38,Secure Operations,420,82.03999999999999,0.1953333333333333,10.255,47.33,0
38,Secure Operations (Industrial control systems),480,95.47999999999999,0.19891666666666666,10.60888888888889,47.33,0
38,Secure System Architecture & Design,540,0,0,0,0,0
38,Secure System Architecture & Design (Industrial Control Systems),630,13.44,0.021333333333333333,1.4933333333333332,13.44,0
38,Secure System Development,540,0,0,0,0,0
38,Secure System Development (Industrial Control Systems),630,13.44,0.021333333333333333,1.4933333333333332,13.44,0
38,Security Testing,510,5.9,0.011568627450980393,0.8428571428571429,5.9,0
38,Vulnerability Management,390,70.61,0.18105128205128204,11.768333333333334,34.71,0
39,Cryptography & Communications Security (Cryptographer),450,60,0.13333333333333333,7.5,74.76,0
39,Cryptography & Communications Security (Secure Communications Operator),420,60,0.14285714285714285,7.5,74.76,0
39,Cyber Security Audit & Assurance,360,222.7,0.6186111111111111,37.11666666666667,76.68,0
39,Cyber Security Governance & Risk Management,240,162.7,0.6779166666666666,40.675,73.11,0
39,Cyber Security Governance & Risk Management (Industrial Control Systems),300,222.7,0.7423333333333333,44.54,76.95,0
39,Cyber Security Management,870,415.81,0.4779425287356322,19.80047619047619,76.95,0
39,Cyber Threat Intelligence,420,252.22000000000003,0.6005238095238096,36.03142857142857,76.68,0
39,Data Protection & Privacy,330,150,0.45454545454545453,30,72.84,0
39,Digital Forensics,480,120,0.25,15,76.68,0
39,Digital Forensics (Industrial Control Systems),570,196.95,0.3455263157894737,21.883333333333333,76.95,0
39,Identity & Access Management,510,250.64,0.49145098039215684,27.84888888888889,76.68,0
39,Incident response,330,253.11,0.767,36.15857142857143,76.95,0
39,Incident response (Industrial Control Systems),420,330.06,0.7858571428571428,41.2575,76.95,0
39,Network Monitoring & Intrusion Detection,270,163.11,0.6041111111111112,40.7775,76.68,0
39,Secure Operations,420,263.75,0.6279761904761905,32.96875,74.76,0
39,Secure Operations (Industrial control systems),480,323.75,0.6744791666666666,35.97222222222222,76.95,0
39,Secure System Architecture & Design,540,136.95,0.25361111111111106,17.11875,76.95,0
39,Secure System Architecture & Design (Industrial Control Systems),630,213.89999999999998,0.3395238095238095,23.766666666666666,76.95,0
39,Secure System Development,540,136.95,0.25361111111111106,17.11875,76.95,0
39,Secure System Development (Industrial Control Systems),630,213.89999999999998,0.3395238095238095,23.766666666666666,76.95,0
39,Security Testing,510,102.43,0.20084313725490197,14.632857142857143,76.68,0
39,Vulnerability Management,390,223.11,0.5720769230769231,37.185,76.68,0
40,Cryptography & Communications Security (Cryptographer),450,43.72,0.09715555555555555,5.465,51.17,1.1
40,Cryptography & Communications Security (Secure Communications Operator),420,43.72,0.10409523809523809,5.465,51.17,1.1
40,Cyber Security Audit & Assurance,360,131.52,0.36533333333333334,21.92,98.63,1.1
40,Cyber Security Governance & Risk Management,240,83.92,0.3496666666666667,20.98,51.17,1.1
40,Cyber Security Governance & Risk Management (Industrial Control Systems),300,86.11,0.2870333333333333,17.222,51.17,1.1
40,Cyber Security Management,870,185.93000000000004,0.21371264367816095,8.853809523809524,98.63,0.69
40,Cyber Threat Intelligence,420,220.42000000000002,0.5248095238095238,31.48857142857143,98.63,1.1
40,Data Protection & Privacy,330,57.63,0.17463636363636365,11.526000000000002,51.17,1.1
40,Digital Forensics,480,216.79000000000002,0.45164583333333336,27.09875,98.63,1.51
40,Digital Forensics (Industrial Control Systems),570,218.98000000000002,0.3841754385964913,24.331111111111113,98.63,1.51
40,Identity & Access Management,510,101.66,0.19933333333333333,11.295555555555556,98.63,1.1
40,Incident response,330,140.48999999999998,0.4257272727272727,20.07,98.63,0.69
40,Incident response (Industrial Control Systems),420,142.67999999999998,0.33971428571428564,17.835,98.63,0.69
40,Network Monitoring & Intrusion Detection,270,78.15,0.28944444444444445,19.5375,98.63,1.51
40,Secure Operations,420,85.00999999999999,0.2024047619047619,10.62625,53.5,1.1
40,Secure Operations (Industrial control systems),480,87.19999999999999,0.18166666666666664,9.688888888888888,53.5,1.1
40,Secure System Architecture & Design,540,13.849999999999998,0.025648148148148146,1.73125,2.74,0.69
40,Secure System Architecture & Design (Industrial Control Systems),630,16.04,0.025460317460317457,1.7822222222222222,2.74,0.69
40,Secure System Development,540,13.849999999999998,0.025648148148148146,1.73125,2.74,0.69
40,Secure System Development (Industrial Control Systems),630,16.04,0.025460317460317457,1.7822222222222222,2.74,0.69
40,Security Testing,510,89.13,0.17476470588235293,12.732857142857144,98.63,0.96
40,Vulnerability Management,390,111.03000000000002,0.28469230769230774,18.505000000000003,98.63,1.1
41,Cryptography & Communications Security (Cryptographer),450,311.18,0.6915111111111111,38.8975,100,6.86
41,Cryptography & Communications Security (Secure Communications Operator),420,311.18,0.740904761904762,38.8975,100,6.86
41,Cyber Security Audit & Assurance,360,356.06,0.9890555555555556,59.343333333333334,100,26.06
41,Cyber Security Governance & Risk Management,240,240,1,60,100,80.8
41,Cyber Security Governance & Risk Management (Industrial Control Systems),300,300,1,60,100,80.8
41,Cyber Security Management,870,781.58,0.898367816091954,37.21809523809524,100,6.86
41,Cyber Threat Intelligence,420,292.3,0.695952380952381,41.75714285714286,100,18.11
41,Data Protection & Privacy,330,266.06,0.8062424242424242,53.212,100,26.06
41,Digital Forensics,480,336.12,0.70025,42.015,100,6.86
41,Digital Forensics (Industrial Control Systems),570,417.74,0.7328771929824561,46.41555555555556,100,6.86
41,Identity & Access Management,510,413.51,0.8108039215686275,45.94555555555556,100,26.06
41,Incident response,330,262.3,0.7948484848484849,37.47142857142857,100,18.11
41,Incident response (Industrial Control Systems),420,343.92,0.818857142857143,42.99,100,18.11
41,Network Monitoring & Intrusion Detection,270,227.95,0.8442592592592593,56.9875,84.91,32.24
41,Secure Operations,420,361.98,0.8618571428571429,45.2475,100,6.86
41,Secure Operations (Industrial control systems),480,421.98,0.879125,46.88666666666666,100,6.86
41,Secure System Architecture & Design,540,416.15,0.7706481481481481,52.01875,84.91,6.86
41,Secure System Architecture & Design (Industrial Control Systems),630,497.77,0.7901111111111111,55.30777777777778,84.91,6.86
41,Secure System Development,540,416.15,0.7706481481481481,52.01875,84.91,6.86
41,Secure System Development (Industrial Control Systems),630,497.77,0.7901111111111111,55.30777777777778,84.91,6.86
41,Security Testing,510,404.40999999999997,0.7929607843137254,57.77285714285714,100,32.24
41,Vulnerability Management,390,302.08,0.7745641025641026,50.346666666666664,99.86,32.24
42,Cryptography & Communications Security (Cryptographer),450,49.480000000000004,0.10995555555555557,6.185,36.39,0
42,Cryptography & Communications Security (Secure Communications Operator),420,49.480000000000004,0.11780952380952382,6.185,36.39,0
42,Cyber Security Audit & Assurance,360,74.79,0.20775000000000002,12.465,36.39,0
42,Cyber Security Governance & Risk Management,240,74.79,0.31162500000000004,18.697499999999998,36.39,0
42,Cyber Security Governance & Risk Management (Industrial Control Systems),300,88.83000000000001,0.29610000000000003,17.766,36.39,0
42,Cyber Security Management,870,108.31,0.12449425287356322,5.157619047619048,36.39,0
42,Cyber Threat Intelligence,420,75.07000000000001,0.17873809523809525,10.724285714285715,36.39,0
42,Data Protection & Privacy,330,55.59,0.16845454545454547,11.118,36.39,0
42,Digital Forensics,480,75.07000000000001,0.15639583333333335,9.383750000000001,36.39,0
42,Digital Forensics (Industrial Control Systems),570,89.11000000000001,0.15633333333333335,9.901111111111112,36.39,0
42,Identity & Access Management,510,49.2,0.09647058823529413,5.466666666666667,36.39,0
42,Incident response,330,57.879999999999995,0.17539393939393938,8.268571428571429,19.48,0
42,Incident response (Industrial Control Systems),420,71.91999999999999,0.17123809523809522,8.99,19.48,0
42,Network Monitoring & Intrusion Detection,270,38.68,0.14325925925925925,9.67,19.48,0
42,Secure Operations,420,57.879999999999995,0.1378095238095238,7.234999999999999,19.48,0
42,Secure Operations (Industrial control systems),480,71.91999999999999,0.14983333333333332,7.991111111111111,19.48,0
42,Secure System Architecture & Design,540,19.48,0.03607407407407408,2.435,19.48,0
42,Secure System Architecture & Design (Industrial Control Systems),630,33.519999999999996,0.0532063492063492,3.7244444444444444,19.48,0
42,Secure System Development,540,19.48,0.03607407407407408,2.435,19.48,0
42,Secure System Development (Industrial Control Systems),630,33.519999999999996,0.0532063492063492,3.7244444444444444,19.48,0
42,Security Testing,510,55.870000000000005,0.10954901960784315,7.981428571428571,36.39,0
42,Vulnerability Management,390,38.68,0.09917948717948717,6.446666666666667,19.48,0
43,Cryptography & Communications Security (Cryptographer),450,441.89,0.9819777777777777,55.23625,98.77,70.64
43,Cryptography & Communications Security (Secure Communications Operator),420,411.89,0.9806904761904761,51.48625,98.77,70.64
43,Cyber Security Audit & Assurance,360,340.64,0.9462222222222222,56.77333333333333,97.94,63.24
43,Cyber Security Governance & Risk Management,240,240,1,60,97.94,63.24
43,Cyber Security Governance & Risk Management (Industrial Control Systems),300,300,1,60,97.94,63.24
43,Cyber Security Management,870,850.64,0.9777471264367816,40.50666666666667,99.18,52.81
43,Cyber Threat Intelligence,420,420,1,60,97.94,55.28
43,Data Protection & Privacy,330,310.64,0.9413333333333332,62.128,98.77,63.24
43,Digital Forensics,480,425.91999999999996,0.8873333333333332,53.24,97.67,52.81
43,Digital Forensics (Industrial Control Systems),570,515.92,0.9051228070175438,57.324444444444445,97.67,52.81
43,Identity & Access Management,510,472.81,0.927078431372549,52.534444444444446,98.77,52.81
43,Incident response,330,330,1,47.142857142857146,99.18,55.28
43,Incident response (Industrial Control Systems),420,420,1,52.5,99.18,55.28
43,Network Monitoring & Intrusion Detection,270,270,1,67.5,97.67,90.4
43,Secure Operations,420,420,1,52.5,98.77,55.28
43,Secure Operations (Industrial control systems),480,480,1,53.333333333333336,98.77,55.28
43,Secure System Architecture & Design,540,519.62,0.9622592592592593,64.9525,99.18,52.81
43,Secure System Architecture & Design (Industrial Control Systems),630,609.62,0.9676507936507937,67.73555555555555,99.18,52.81
43,Secure System Development,540,519.62,0.9622592592592593,64.9525,99.18,52.81
43,Secure System Development (Industrial Control Systems),630,609.62,0.9676507936507937,67.73555555555555,99.18,52.81
43,Security Testing,510,489.62,0.9600392156862745,69.94571428571429,97.67,52.81
43,Vulnerability Management,390,352.81,0.9046410256410257,58.80166666666667,97.94,52.81
44,Cryptography & Communications Security (Cryptographer),450,0,0,0,0,0
44,Cryptography & Communications Security (Secure Communications Operator),420,0,0,0,0,0
44,Cyber Security Audit & Assurance,360,0,0,0,0,0
44,Cyber Security Governance & Risk Management,240,0,0,0,0,0
44,Cyber Security Governance & Risk Management (Industrial Control Systems),300,0,0,0,0,0
44,Cyber Security Management,870,0,0,0,0,0
44,Cyber Threat Intelligence,420,0,0,0,0,0
44,Data Protection & Privacy,330,0,0,0,0,0
44,Digital Forensics,480,0,0,0,0,0
44,Digital Forensics (Industrial Control Systems),570,0,0,0,0,0
44,Identity & Access Management,510,0,0,0,0,0
44,Incident response,330,0,0,0,0,0
44,Incident response (Industrial Control Systems),420,0,0,0,0,0
44,Network Monitoring & Intrusion Detection,270,0,0,0,0,0
44,Secure Operations,420,0,0,0,0,0
44,Secure Operations (Industrial control systems),480,0,0,0,0,0
44,Secure System Architecture & Design,540,0,0,0,0,0
44,Secure System Architecture & Design (Industrial Control Systems),630,0,0,0,0,0
44,Secure System Development,540,0,0,0,0,0
44,Secure System Development (Industrial Control Systems),630,0,0,0,0,0
44,Security Testing,510,0,0,0,0,0
44,Vulnerability Management,390,0,0,0,0,0
45,Cryptography & Communications Security (Cryptographer),450,230.32,0.5118222222222222,28.79,71.88,0.27
45,Cryptography & Communications Security (Secure Communications Operator),420,230.32,0.5483809523809524,28.79,71.88,0.27
45,Cyber Security Audit & Assurance,360,332.73,0.92425,55.455,97.94,20.85
45,Cyber Security Governance & Risk Management,240,240,1,60,97.94,69.82
45,Cyber Security Governance & Risk Management (Industrial Control Systems),300,300,1,60,97.94,62.69
45,Cyber Security Management,870,655.4199999999998,0.7533563218390803,31.21047619047619,97.94,0.27
45,Cyber Threat Intelligence,420,349.62,0.8324285714285714,49.94571428571428,97.94,6.58
45,Data Protection & Privacy,330,242.73,0.7355454545454545,48.546,97.94,20.85
45,Digital Forensics,480,308.53000000000003,0.6427708333333334,38.56625,85.46,5.08
45,Digital Forensics (Industrial Control Systems),570,371.22,0.6512631578947369,41.24666666666666,85.46,5.08
45,Identity & Access Management,510,319.81,0.627078431372549,35.534444444444446,97.94,0.27
45,Incident response,330,291.46,0.8832121212121211,41.637142857142855,85.46,6.58
45,Incident response (Industrial Control Systems),420,354.15,0.8432142857142857,44.26875,85.46,6.58
45,Network Monitoring & Intrusion Detection,270,220.11999999999998,0.8152592592592591,55.03,85.46,52.26
45,Secure Operations,420,352.54,0.8393809523809524,44.0675,85.32,6.58
45,Secure Operations (Industrial control systems),480,412.54,0.8594583333333333,45.83777777777778,85.32,6.58
45,Secure System Architecture & Design,540,190.21,0.35224074074074074,23.77625,52.54,0.27
45,Secure System Architecture & Design (Industrial Control Systems),630,252.9,0.4014285714285714,28.099999999999998,62.69,0.27
45,Secure System Development,540,190.21,0.35224074074074074,23.77625,52.54,0.27
45,Secure System Development (Industrial Control Systems),630,252.9,0.4014285714285714,28.099999999999998,62.69,0.27
45,Security Testing,510,230.74,0.4524313725490196,32.962857142857146,85.46,0.27
45,Vulnerability Management,390,310.71,0.7966923076923076,51.785,97.94,30.59
46,Cryptography & Communications Security (Cryptographer),450,277.51,0.6166888888888888,34.68875,92.61,1.27
46,Cryptography & Communications Security (Secure Communications Operator),420,260.76,0.6208571428571429,32.595,92.61,1.27
46,Cyber Security Audit & Assurance,360,326.91,0.9080833333333334,54.485,100,1.27
46,Cyber Security Governance & Risk Management,240,240,1,60,100,83.45
46,Cyber Security Governance & Risk Management (Industrial Control Systems),300,241.27,0.8042333333333334,48.254,100,1.27
46,Cyber Security Management,870,535.4000000000001,0.6154022988505748,25.495238095238093,100,1.27
46,Cyber Threat Intelligence,420,306.74,0.7303333333333334,43.82,100,3.32
46,Data Protection & Privacy,330,236.91,0.7179090909090909,47.382,100,1.27
46,Digital Forensics,480,334.77000000000004,0.6974375,41.84625,100,2.22
46,Digital Forensics (Industrial Control Systems),570,336.04,0.5895438596491228,37.33777777777778,100,1.27
46,Identity & Access Management,510,284.71000000000004,0.5582549019607844,31.634444444444444,100,1.27
46,Incident response,330,219.63,0.6655454545454546,31.375714285714288,100,2.89
46,Incident response (Industrial Control Systems),420,220.9,0.525952380952381,27.6125,100,1.27
46,Network Monitoring & Intrusion Detection,270,126.74,0.4694074074074074,31.685,100,3.32
46,Secure Operations,420,257.96000000000004,0.6141904761904763,32.245,99.77,1.49
46,Secure Operations (Industrial control systems),480,259.23,0.5400625,28.803333333333335,99.77,1.27
46,Secure System Architecture & Design,540,137.94,0.2554444444444444,17.2425,76.75,1.49
46,Secure System Architecture & Design (Industrial Control Systems),630,139.21,0.22096825396825398,15.467777777777778,76.75,1.27
46,Secure System Development,540,137.94,0.2554444444444444,17.2425,76.75,1.49
46,Secure System Development (Industrial Control Systems),630,139.21,0.22096825396825398,15.467777777777778,76.75,1.27
46,Security Testing,510,106.98,0.20976470588235294,15.282857142857143,100,2.22
46,Vulnerability Management,390,188.96,0.4845128205128205,31.493333333333332,100,2.22
47,Cryptography & Communications Security (Cryptographer),450,58.74,0.13053333333333333,7.3425,58.74,0
47,Cryptography & Communications Security (Secure Communications Operator),420,58.74,0.13985714285714287,7.3425,58.74,0
47,Cyber Security Audit & Assurance,360,90,0.25,15,100,0
47,Cyber Security Governance & Risk Management,240,30,0.125,7.5,100,0
47,Cyber Security Governance & Risk Management (Industrial Control Systems),300,30,0.1,6,100,0
47,Cyber Security Management,870,180,0.20689655172413793,8.571428571428573,100,0
47,Cyber Threat Intelligence,420,240.63,0.5729285714285715,34.37571428571429,100,0
47,Data Protection & Privacy,330,0,0,0,0,0
47,Digital Forensics,480,137.28,0.286,17.16,100,0
47,Digital Forensics (Industrial Control Systems),570,137.28,0.24084210526315789,15.253333333333334,100,0
47,Identity & Access Management,510,60,0.11764705882352941,6.666666666666666,100,0
47,Incident response,330,227.28,0.6887272727272727,32.46857142857143,100,0
47,Incident response (Industrial Control Systems),420,227.28,0.5411428571428571,28.41,100,0
47,Network Monitoring & Intrusion Detection,270,238.74,0.8842222222222222,59.685,100,47.28
47,Secure Operations,420,178.74,0.4255714285714286,22.3425,100,0
47,Secure Operations (Industrial control systems),480,178.74,0.372375,19.86,100,0
47,Secure System Architecture & Design,540,30,0.05555555555555555,3.75,58.74,0
47,Secure System Architecture & Design (Industrial Control Systems),630,30,0.047619047619047616,3.3333333333333335,58.74,0
47,Secure System Development,540,30,0.05555555555555555,3.75,58.74,0
47,Secure System Development (Industrial Control Systems),630,30,0.047619047619047616,3.3333333333333335,58.74,0
47,Security Testing,510,162.09,0.3178235294117647,23.155714285714286,73.35,0
47,Vulnerability Management,390,256.02,0.6564615384615384,42.67,100,0
48,Cryptography & Communications Security (Cryptographer),450,89.76999999999998,0.19948888888888885,11.22125,89.85,2.19
48,Cryptography & Communications Security (Secure Communications Operator),420,89.76999999999998,0.2137380952380952,11.22125,89.85,2.19
48,Cyber Security Audit & Assurance,360,288.85999999999996,0.8023888888888888,48.14333333333333,95.2,26.2
48,Cyber Security Governance & Risk Management,240,199.01,0.8292083333333333,49.7525,95.2,26.2
48,Cyber Security Governance & Risk Management (Industrial Control Systems),300,202.98999999999998,0.6766333333333333,40.598,95.2,3.98
48,Cyber Security Management,870,432.2099999999999,0.49679310344827576,20.58142857142857,95.2,2.19
48,Cyber Threat Intelligence,420,248.01999999999998,0.5905238095238095,35.43142857142857,89.85,2.19
48,Data Protection & Privacy,330,240.7,0.7293939393939394,48.14,95.2,3.16
48,Digital Forensics,480,221.48999999999998,0.46143749999999994,27.686249999999998,89.85,2.19
48,Digital Forensics (Industrial Control Systems),570,225.46999999999997,0.3955614035087719,25.052222222222223,89.85,2.19
48,Identity & Access Management,510,263.48,0.5166274509803922,29.275555555555556,89.85,2.19
48,Incident response,330,189.17000000000002,0.5732424242424243,27.024285714285714,95.2,2.19
48,Incident response (Industrial Control Systems),420,193.15,0.4598809523809524,24.14375,95.2,2.19
48,Network Monitoring & Intrusion Detection,270,132.94,0.49237037037037035,33.235,61.59,16.74
48,Secure Operations,420,113.63999999999999,0.2705714285714285,14.205,95.2,2.19
48,Secure Operations (Industrial control systems),480,117.61999999999999,0.24504166666666666,13.068888888888889,95.2,2.19
48,Secure System Architecture & Design,540,88.32999999999998,0.16357407407407404,11.04125,56.79,2.19
48,Secure System Architecture & Design (Industrial Control Systems),630,92.30999999999999,0.1465238095238095,10.256666666666666,56.79,2.19
48,Secure System Development,540,88.32999999999998,0.16357407407407404,11.04125,56.79,2.19
48,Secure System Development (Industrial Control Systems),630,92.30999999999999,0.1465238095238095,10.256666666666666,56.79,2.19
48,Security Testing,510,229.64000000000001,0.4502745098039216,32.80571428571429,89.85,2.19
48,Vulnerability Management,390,241.03,0.6180256410256411,40.17166666666667,61.59,16.74
49,Cryptography & Communications Security (Cryptographer),450,70.75,0.15722222222222224,8.84375,52.89,0
49,Cryptography & Communications Security (Secure Communications Operator),420,70.75,0.16845238095238096,8.84375,52.89,0
49,Cyber Security Audit & Assurance,360,168.60999999999999,0.46836111111111106,28.101666666666667,64.74,0
49,Cyber Security Governance & Risk Management,240,128.78,0.5365833333333333,32.195,64.74,0
49,Cyber Security Governance & Risk Management (Industrial Control Systems),300,139.47,0.4649,27.894,64.74,0
49,Cyber Security Management,870,276.87,0.31824137931034485,13.184285714285716,64.74,0
49,Cyber Threat Intelligence,420,103.39999999999999,0.24619047619047618,14.77142857142857,49.13,0
49,Data Protection & Privacy,330,161.5,0.4893939393939394,32.3,64.74,9.83
49,Digital Forensics,480,75.42999999999999,0.15714583333333332,9.428749999999999,31.79,0
49,Digital Forensics (Industrial Control Systems),570,86.11999999999999,0.1510877192982456,9.568888888888889,31.79,0
49,Identity & Access Management,510,161.5,0.31666666666666665,17.944444444444443,52.89,0
49,Incident response,330,113.74999999999999,0.34469696969696967,16.25,64.74,0
49,Incident response (Industrial Control Systems),420,124.43999999999998,0.29628571428571426,15.555,64.74,0
49,Network Monitoring & Intrusion Detection,270,51.379999999999995,0.19029629629629627,12.844999999999999,31.79,0
49,Secure Operations,420,105.42999999999999,0.2510238095238095,13.178749999999999,64.74,0
49,Secure Operations (Industrial control systems),480,116.11999999999999,0.24191666666666664,12.902222222222223,64.74,0
49,Secure System Architecture & Design,540,56.06999999999999,0.10383333333333332,7.008749999999999,32.66,0
49,Secure System Architecture & Design (Industrial Control Systems),630,66.75999999999999,0.10596825396825395,7.417777777777777,32.66,0
49,Secure System Development,540,56.06999999999999,0.10383333333333332,7.008749999999999,32.66,0
49,Secure System Development (Industrial Control Systems),630,66.75999999999999,0.10596825396825395,7.417777777777777,32.66,0
49,Security Testing,510,83.16999999999999,0.163078431372549,11.881428571428572,31.79,0
49,Vulnerability Management,390,83.16999999999999,0.21325641025641023,13.861666666666666,49.13,0
50,Cryptography & Communications Security (Cryptographer),450,127.62,0.2836,15.9525,82.81,0
50,Cryptography & Communications Security (Secure Communications Operator),420,127.62,0.3038571428571429,15.9525,82.81,0
50,Cyber Security Audit & Assurance,360,259.65999999999997,0.7212777777777777,43.276666666666664,100,0
50,Cyber Security Governance & Risk Management,240,199.66,0.8319166666666666,49.915,100,31.81
50,Cyber Security Governance & Risk Management (Industrial Control Systems),300,199.66,0.6655333333333333,39.932,100,0
50,Cyber Security Management,870,482.81,0.5549540229885057,22.990952380952383,100,0
50,Cyber Threat Intelligence,420,308.43,0.7343571428571428,44.06142857142857,100,0
50,Data Protection & Privacy,330,181.81,0.550939393939394,36.362,100,0
50,Digital Forensics,480,211.81,0.44127083333333333,26.47625,78.51,0
50,Digital Forensics (Industrial Control Systems),570,211.81,0.3715964912280702,23.534444444444446,78.51,0
50,Identity & Access Management,510,306.15999999999997,0.600313725490196,34.01777777777778,100,0
50,Incident response,330,288.51,0.8742727272727272,41.215714285714284,79.37,0
50,Incident response (Industrial Control Systems),420,288.51,0.6869285714285714,36.06375,79.37,0
50,Network Monitoring & Intrusion Detection,270,236.13,0.8745555555555555,59.0325,78.51,66.48
50,Secure Operations,420,281.32,0.6698095238095237,35.165,82.81,0
50,Secure Operations (Industrial control systems),480,281.32,0.5860833333333333,31.25777777777778,82.81,0
50,Secure System Architecture & Design,540,169.37,0.3136481481481482,21.17125,79.37,0
50,Secure System Architecture & Design (Industrial Control Systems),630,169.37,0.2688412698412698,18.81888888888889,79.37,0
50,Secure System Development,540,169.37,0.3136481481481482,21.17125,79.37,0
50,Secure System Development (Industrial Control Systems),630,169.37,0.2688412698412698,18.81888888888889,79.37,0
50,Security Testing,510,255.91000000000003,0.5017843137254903,36.558571428571426,73.35,0
50,Vulnerability Management,390,361.86,0.9278461538461539,60.31,100,66.48
51,Cryptography & Communications Security (Cryptographer),450,136.95,0.3043333333333333,17.11875,80.49,0
51,Cryptography & Communications Security (Secure Communications Operator),420,136.95,0.32607142857142857,17.11875,80.49,0
51,Cyber Security Audit & Assurance,360,302.58,0.8404999999999999,50.43,100,0
51,Cyber Security Governance & Risk Management,240,222.09,0.9253750000000001,55.5225,100,48.93
51,Cyber Security Governance & Risk Management (Industrial Control Systems),300,223.39000000000001,0.7446333333333334,44.678,100,1.3
51,Cyber Security Management,870,523.1199999999999,0.6012873563218389,24.91047619047619,100,0
51,Cyber Threat Intelligence,420,411.21,0.9790714285714285,58.744285714285716,100,54.88
51,Data Protection & Privacy,330,189.37,0.5738484848484848,37.873999999999995,83.16,0
51,Digital Forensics,480,312.23999999999995,0.6504999999999999,39.03,100,0
51,Digital Forensics (Industrial Control Systems),570,313.53999999999996,0.5500701754385964,34.83777777777778,100,0
51,Identity & Access Management,510,203.21,0.3984509803921569,22.578888888888887,100,0
51,Incident response,330,300,0.9090909090909091,42.857142857142854,100,0
51,Incident response (Industrial Control Systems),420,301.3,0.7173809523809525,37.6625,100,0
51,Network Monitoring & Intrusion Detection,270,246.82999999999998,0.9141851851851851,61.707499999999996,100,66.83
51,Secure Operations,420,280.12,0.666952380952381,35.015,100,0
51,Secure Operations (Industrial control systems),480,281.42,0.5862916666666667,31.26888888888889,100,0
51,Secure System Architecture & Design,540,80.36,0.14881481481481482,10.045,66.83,0
51,Secure System Architecture & Design (Industrial Control Systems),630,81.66,0.1296190476190476,9.073333333333332,66.83,0
51,Secure System Development,540,80.36,0.14881481481481482,10.045,66.83,0
51,Secure System Development (Industrial Control Systems),630,81.66,0.1296190476190476,9.073333333333332,66.83,0
51,Security Testing,510,275.95,0.541078431372549,39.42142857142857,94.49,2.25
51,Vulnerability Management,390,313.09000000000003,0.8027948717948719,52.181666666666665,100,13.09
52,Cryptography & Communications Security (Cryptographer),450,246.22,0.5471555555555555,30.7775,94.65,1.78
52,Cryptography & Communications Security (Secure Communications Operator),420,246.22,0.5862380952380952,30.7775,94.65,1.78
52,Cyber Security Audit & Assurance,360,281.96000000000004,0.7832222222222224,46.99333333333333,94.1,1.78
52,Cyber Security Governance & Risk Management,240,220.18,0.9174166666666667,55.045,86.56,43.62
52,Cyber Security Governance & Risk Management (Industrial Control Systems),300,259.27,0.8642333333333333,51.854,86.56,39.09
52,Cyber Security Management,870,615.57,0.7075517241379311,29.312857142857144,94.65,1.78
52,Cyber Threat Intelligence,420,353.29999999999995,0.841190476190476,50.47142857142857,94.65,9.33
52,Data Protection & Privacy,330,185.06,0.5607878787878788,37.012,86.56,1.78
52,Digital Forensics,480,296.11,0.6168958333333333,37.01375,94.65,3.16
52,Digital Forensics (Industrial Control Systems),570,335.20000000000005,0.5880701754385965,37.24444444444445,94.65,3.16
52,Identity & Access Management,510,290.61,0.5698235294117647,32.29,94.1,1.78
52,Incident response,330,286.55,0.8683333333333334,40.93571428571428,94.65,9.33
52,Incident response (Industrial Control Systems),420,325.64,0.7753333333333333,40.705,94.65,9.33
52,Network Monitoring & Intrusion Detection,270,247.22,0.9156296296296296,61.805,94.65,67.22
52,Secure Operations,420,277.49,0.6606904761904762,34.68625,94.65,3.16
52,Secure Operations (Industrial control systems),480,316.58000000000004,0.6595416666666668,35.175555555555555,94.65,3.16
52,Secure System Architecture & Design,540,333.45,0.6174999999999999,41.68125,94.65,3.16
52,Secure System Architecture & Design (Industrial Control Systems),630,372.53999999999996,0.5913333333333333,41.39333333333333,94.65,3.16
52,Secure System Development,540,333.45,0.6174999999999999,41.68125,94.65,3.16
52,Secure System Development (Industrial Control Systems),630,372.53999999999996,0.5913333333333333,41.39333333333333,94.65,3.16
52,Security Testing,510,438.39,0.8595882352941177,62.62714285714286,94.65,43.62
52,Vulnerability Management,390,335.11,0.8592564102564103,55.85166666666667,94.65,57.89
53,Cryptography & Communications Security (Cryptographer),450,0,0,0,0,0
53,Cryptography & Communications Security (Secure Communications Operator),420,0,0,0,0,0
53,Cyber Security Audit & Assurance,360,0,0,0,0,0
53,Cyber Security Governance & Risk Management,240,0,0,0,0,0
53,Cyber Security Governance & Risk Management (Industrial Control Systems),300,0,0,0,0,0
53,Cyber Security Management,870,0,0,0,0,0
53,Cyber Threat Intelligence,420,0,0,0,0,0
53,Data Protection & Privacy,330,0,0,0,0,0
53,Digital Forensics,480,0,0,0,0,0
53,Digital Forensics (Industrial Control Systems),570,0,0,0,0,0
53,Identity & Access Management,510,0,0,0,0,0
53,Incident response,330,0,0,0,0,0
53,Incident response (Industrial Control Systems),420,0,0,0,0,0
53,Network Monitoring & Intrusion Detection,270,0,0,0,0,0
53,Secure Operations,420,0,0,0,0,0
53,Secure Operations (Industrial control systems),480,0,0,0,0,0
53,Secure System Architecture & Design,540,0,0,0,0,0
53,Secure System Architecture & Design (Industrial Control Systems),630,0,0,0,0,0
53,Secure System Development,540,0,0,0,0,0
53,Secure System Development (Industrial Control Systems),630,0,0,0,0,0
53,Security Testing,510,0,0,0,0,0
53,Vulnerability Management,390,0,0,0,0,0
54,Cryptography & Communications Security (Cryptographer),450,258.37,0.5741555555555555,32.29625,91.5,0
54,Cryptography & Communications Security (Secure Communications Operator),420,258.37,0.6151666666666666,32.29625,91.5,0
54,Cyber Security Audit & Assurance,360,218.81,0.6078055555555556,36.468333333333334,89.3,0
54,Cyber Security Governance & Risk Management,240,129.51,0.5396249999999999,32.3775,89.3,0
54,Cyber Security Governance & Risk Management (Industrial Control Systems),300,129.51,0.4317,25.901999999999997,89.3,0
54,Cyber Security Management,870,362.89,0.4171149425287356,17.280476190476186,91.5,0
54,Cyber Threat Intelligence,420,217.12,0.5169523809523809,31.017142857142858,91.5,0
54,Data Protection & Privacy,330,205.76999999999998,0.6235454545454545,41.153999999999996,89.3,0
54,Digital Forensics,480,239.3,0.4985416666666667,29.9125,91.5,0
54,Digital Forensics (Industrial Control Systems),570,239.3,0.41982456140350877,26.58888888888889,91.5,0
54,Identity & Access Management,510,176.46999999999997,0.3460196078431372,19.607777777777777,89.3,0
54,Incident response,330,127.12,0.38521212121212123,18.16,91.5,0
54,Incident response (Industrial Control Systems),420,127.12,0.3026666666666667,15.89,91.5,0
54,Network Monitoring & Intrusion Detection,270,187.12,0.693037037037037,46.78,91.5,0
54,Secure Operations,420,214.01,0.509547619047619,26.75125,91.5,0
54,Secure Operations (Industrial control systems),480,214.01,0.44585416666666666,23.77888888888889,91.5,0
54,Secure System Architecture & Design,540,90,0.16666666666666666,11.25,91.5,0
54,Secure System Architecture & Design (Industrial Control Systems),630,90,0.14285714285714285,10,91.5,0
54,Secure System Development,540,90,0.16666666666666666,11.25,91.5,0
54,Secure System Development (Industrial Control Systems),630,90,0.14285714285714285,10,91.5,0
54,Security Testing,510,160.97,0.31562745098039213,22.995714285714286,91.5,0
54,Vulnerability Management,390,187.12,0.4797948717948718,31.186666666666667,91.5,0
55,Cryptography & Communications Security (Cryptographer),450,30,0.06666666666666667,3.75,74.86,0
55,Cryptography & Communications Security (Secure Communications Operator),420,30,0.07142857142857142,3.75,74.86,0
55,Cyber Security Audit & Assurance,360,16.47,0.04575,2.745,16.47,0
55,Cyber Security Governance & Risk Management,240,16.47,0.06862499999999999,4.1175,16.47,0
55,Cyber Security Governance & Risk Management (Industrial Control Systems),300,16.47,0.0549,3.2939999999999996,16.47,0
55,Cyber Security Management,870,53.12,0.061057471264367814,2.52952380952381,74.86,0
55,Cyber Threat Intelligence,420,16.47,0.03921428571428571,2.3528571428571423,16.47,0
55,Data Protection & Privacy,330,76.47,0.23172727272727273,15.294,74.86,0
55,Digital Forensics,480,0,0,0,0,0
55,Digital Forensics (Industrial Control Systems),570,0,0,0,0,0
55,Identity & Access Management,510,91.33,0.17907843137254903,10.147777777777778,74.86,0
55,Incident response,330,0,0,0,0,0
55,Incident response (Industrial Control Systems),420,0,0,0,0,0
55,Network Monitoring & Intrusion Detection,270,0,0,0,0,0
55,Secure Operations,420,74.86,0.17823809523809522,9.3575,74.86,0
55,Secure Operations (Industrial control systems),480,74.86,0.15595833333333334,8.317777777777778,74.86,0
55,Secure System Architecture & Design,540,6.65,0.012314814814814815,0.83125,6.65,0
55,Secure System Architecture & Design (Industrial Control Systems),630,6.65,0.010555555555555556,0.7388888888888889,6.65,0
55,Secure System Development,540,6.65,0.012314814814814815,0.83125,6.65,0
55,Secure System Development (Industrial Control Systems),630,6.65,0.010555555555555556,0.7388888888888889,6.65,0
55,Security Testing,510,6.65,0.013039215686274511,0.9500000000000001,6.65,0
55,Vulnerability Management,390,16.47,0.042230769230769225,2.745,16.47,0
56,Cryptography & Communications Security (Cryptographer),450,75.27000000000001,0.1672666666666667,9.40875,68.59,0
56,Cryptography & Communications Security (Secure Communications Operator),420,75.27000000000001,0.17921428571428574,9.40875,68.59,0
56,Cyber Security Audit & Assurance,360,72.25,0.20069444444444445,12.041666666666668,68.59,0
56,Cyber Security Governance & Risk Management,240,42.25,0.17604166666666668,10.5625,42.25,0
56,Cyber Security Governance & Risk Management (Industrial Control Systems),300,96.3,0.321,19.259999999999998,54.05,0
56,Cyber Security Management,870,192.25,0.22097701149425286,9.154761904761905,69.14,0
56,Cyber Threat Intelligence,420,30,0.07142857142857142,4.2857142857142865,42.25,0
56,Data Protection & Privacy,330,110.84,0.3358787878787879,22.168,68.59,0
56,Digital Forensics,480,0,0,0,0,0
56,Digital Forensics (Industrial Control Systems),570,54.05,0.09482456140350877,6.005555555555556,54.05,0
56,Identity & Access Management,510,147.52,0.28925490196078435,16.39111111111111,68.59,0
56,Incident response,330,0,0,0,0,0
56,Incident response (Industrial Control Systems),420,54.05,0.1286904761904762,6.756249999999999,54.05,0
56,Network Monitoring & Intrusion Detection,270,0,0,0,0,0
56,Secure Operations,420,0,0,0,0,0
56,Secure Operations (Industrial control systems),480,54.05,0.11260416666666666,6.005555555555556,54.05,0
56,Secure System Architecture & Design,540,45.27,0.08383333333333334,5.65875,45.27,0
56,Secure System Architecture & Design (Industrial Control Systems),630,99.32,0.15765079365079365,11.035555555555556,54.05,0
56,Secure System Development,540,45.27,0.08383333333333334,5.65875,45.27,0
56,Secure System Development (Industrial Control Systems),630,99.32,0.15765079365079365,11.035555555555556,54.05,0
56,Security Testing,510,0,0,0,0,0
56,Vulnerability Management,390,30,0.07692307692307693,5,42.25,0
